2026-03-02 20:01:04 [ERROR]: ❌ MongoDB Connection Failed: connect ECONNREFUSED 127.0.0.1:27017
2026-03-02 20:05:42 [ERROR]: ❌ MongoDB Connection Failed: connect ECONNREFUSED 127.0.0.1:27017
2026-03-02 20:40:16 [ERROR]: ❌ MongoDB Connection Failed: connect ECONNREFUSED 127.0.0.1:27017
2026-03-03 13:01:58 [ERROR]: ❌ MongoDB Connection Failed: connect ECONNREFUSED 127.0.0.1:27017
2026-03-03 16:11:32 [ERROR]: ❌ MongoDB Connection Failed: connect ECONNREFUSED 127.0.0.1:27017
2026-03-04 00:03:32 [ERROR]: ❌ MongoDB Connection Failed: connect ECONNREFUSED 127.0.0.1:27017
2026-03-04 21:17:34 [ERROR]: ❌ MongoDB Connection Failed: connect ECONNREFUSED 127.0.0.1:27017
2026-03-04 21:32:57 [ERROR]: ❌ MongoDB Connection Failed: connect ECONNREFUSED 127.0.0.1:27017
2026-03-04 21:36:13 [ERROR]: ❌ MongoDB Connection Failed: connect ECONNREFUSED 127.0.0.1:27017
2026-03-04 21:55:05 [ERROR]: ❌ MongoDB Connection Failed: connect ECONNREFUSED 127.0.0.1:27017
2026-03-05 19:58:08 [ERROR]: Error: Route not found: GET /api/ai/risk/undefined
    at E:\Random\MediVault_\MEDIVAULT\backend\server.js:129:17
    at Layer.handle [as handle_request] (E:\Random\MediVault_\MEDIVAULT\backend\node_modules\express\lib\router\layer.js:95:5)
    at trim_prefix (E:\Random\MediVault_\MEDIVAULT\backend\node_modules\express\lib\router\index.js:328:13)
    at E:\Random\MediVault_\MEDIVAULT\backend\node_modules\express\lib\router\index.js:286:9
    at Function.process_params (E:\Random\MediVault_\MEDIVAULT\backend\node_modules\express\lib\router\index.js:346:12)
    at next (E:\Random\MediVault_\MEDIVAULT\backend\node_modules\express\lib\router\index.js:280:10)
    at E:\Random\MediVault_\MEDIVAULT\backend\node_modules\express\lib\router\index.js:646:15
    at next (E:\Random\MediVault_\MEDIVAULT\backend\node_modules\express\lib\router\index.js:265:14)
    at Function.handle (E:\Random\MediVault_\MEDIVAULT\backend\node_modules\express\lib\router\index.js:175:3)
    at router (E:\Random\MediVault_\MEDIVAULT\backend\node_modules\express\lib\router\index.js:47:12)
    at Layer.handle [as handle_request] (E:\Random\MediVault_\MEDIVAULT\backend\node_modules\express\lib\router\layer.js:95:5)
    at trim_prefix (E:\Random\MediVault_\MEDIVAULT\backend\node_modules\express\lib\router\index.js:328:13)
    at E:\Random\MediVault_\MEDIVAULT\backend\node_modules\express\lib\router\index.js:286:9
    at Function.process_params (E:\Random\MediVault_\MEDIVAULT\backend\node_modules\express\lib\router\index.js:346:12)
    at next (E:\Random\MediVault_\MEDIVAULT\backend\node_modules\express\lib\router\index.js:280:10)
    at E:\Random\MediVault_\MEDIVAULT\backend\server.js:50:3
2026-03-05 19:58:09 [ERROR]: Error: Route not found: GET /api/ai/risk/undefined
    at E:\Random\MediVault_\MEDIVAULT\backend\server.js:129:17
    at Layer.handle [as handle_request] (E:\Random\MediVault_\MEDIVAULT\backend\node_modules\express\lib\router\layer.js:95:5)
    at trim_prefix (E:\Random\MediVault_\MEDIVAULT\backend\node_modules\express\lib\router\index.js:328:13)
    at E:\Random\MediVault_\MEDIVAULT\backend\node_modules\express\lib\router\index.js:286:9
    at Function.process_params (E:\Random\MediVault_\MEDIVAULT\backend\node_modules\express\lib\router\index.js:346:12)
    at next (E:\Random\MediVault_\MEDIVAULT\backend\node_modules\express\lib\router\index.js:280:10)
    at E:\Random\MediVault_\MEDIVAULT\backend\node_modules\express\lib\router\index.js:646:15
    at next (E:\Random\MediVault_\MEDIVAULT\backend\node_modules\express\lib\router\index.js:265:14)
    at Function.handle (E:\Random\MediVault_\MEDIVAULT\backend\node_modules\express\lib\router\index.js:175:3)
    at router (E:\Random\MediVault_\MEDIVAULT\backend\node_modules\express\lib\router\index.js:47:12)
    at Layer.handle [as handle_request] (E:\Random\MediVault_\MEDIVAULT\backend\node_modules\express\lib\router\layer.js:95:5)
    at trim_prefix (E:\Random\MediVault_\MEDIVAULT\backend\node_modules\express\lib\router\index.js:328:13)
    at E:\Random\MediVault_\MEDIVAULT\backend\node_modules\express\lib\router\index.js:286:9
    at Function.process_params (E:\Random\MediVault_\MEDIVAULT\backend\node_modules\express\lib\router\index.js:346:12)
    at next (E:\Random\MediVault_\MEDIVAULT\backend\node_modules\express\lib\router\index.js:280:10)
    at E:\Random\MediVault_\MEDIVAULT\backend\server.js:50:3
2026-03-05 22:59:15 [ERROR]: Error: Route not found: GET /api/doctor/undefined/patients
    at E:\Random\MediVault_\MEDIVAULT\backend\server.js:129:17
    at Layer.handle [as handle_request] (E:\Random\MediVault_\MEDIVAULT\backend\node_modules\express\lib\router\layer.js:95:5)
    at trim_prefix (E:\Random\MediVault_\MEDIVAULT\backend\node_modules\express\lib\router\index.js:328:13)
    at E:\Random\MediVault_\MEDIVAULT\backend\node_modules\express\lib\router\index.js:286:9
    at Function.process_params (E:\Random\MediVault_\MEDIVAULT\backend\node_modules\express\lib\router\index.js:346:12)
    at next (E:\Random\MediVault_\MEDIVAULT\backend\node_modules\express\lib\router\index.js:280:10)
    at E:\Random\MediVault_\MEDIVAULT\backend\server.js:50:3
    at Layer.handle [as handle_request] (E:\Random\MediVault_\MEDIVAULT\backend\node_modules\express\lib\router\layer.js:95:5)
    at trim_prefix (E:\Random\MediVault_\MEDIVAULT\backend\node_modules\express\lib\router\index.js:328:13)
    at E:\Random\MediVault_\MEDIVAULT\backend\node_modules\express\lib\router\index.js:286:9
    at Function.process_params (E:\Random\MediVault_\MEDIVAULT\backend\node_modules\express\lib\router\index.js:346:12)
    at next (E:\Random\MediVault_\MEDIVAULT\backend\node_modules\express\lib\router\index.js:280:10)
    at logger (E:\Random\MediVault_\MEDIVAULT\backend\node_modules\morgan\index.js:144:5)
    at Layer.handle [as handle_request] (E:\Random\MediVault_\MEDIVAULT\backend\node_modules\express\lib\router\layer.js:95:5)
    at trim_prefix (E:\Random\MediVault_\MEDIVAULT\backend\node_modules\express\lib\router\index.js:328:13)
    at E:\Random\MediVault_\MEDIVAULT\backend\node_modules\express\lib\router\index.js:286:9
2026-03-05 22:59:15 [ERROR]: Error: Route not found: GET /api/doctor/undefined/patients
    at E:\Random\MediVault_\MEDIVAULT\backend\server.js:129:17
    at Layer.handle [as handle_request] (E:\Random\MediVault_\MEDIVAULT\backend\node_modules\express\lib\router\layer.js:95:5)
    at trim_prefix (E:\Random\MediVault_\MEDIVAULT\backend\node_modules\express\lib\router\index.js:328:13)
    at E:\Random\MediVault_\MEDIVAULT\backend\node_modules\express\lib\router\index.js:286:9
    at Function.process_params (E:\Random\MediVault_\MEDIVAULT\backend\node_modules\express\lib\router\index.js:346:12)
    at next (E:\Random\MediVault_\MEDIVAULT\backend\node_modules\express\lib\router\index.js:280:10)
    at E:\Random\MediVault_\MEDIVAULT\backend\server.js:50:3
    at Layer.handle [as handle_request] (E:\Random\MediVault_\MEDIVAULT\backend\node_modules\express\lib\router\layer.js:95:5)
    at trim_prefix (E:\Random\MediVault_\MEDIVAULT\backend\node_modules\express\lib\router\index.js:328:13)
    at E:\Random\MediVault_\MEDIVAULT\backend\node_modules\express\lib\router\index.js:286:9
    at Function.process_params (E:\Random\MediVault_\MEDIVAULT\backend\node_modules\express\lib\router\index.js:346:12)
    at next (E:\Random\MediVault_\MEDIVAULT\backend\node_modules\express\lib\router\index.js:280:10)
    at logger (E:\Random\MediVault_\MEDIVAULT\backend\node_modules\morgan\index.js:144:5)
    at Layer.handle [as handle_request] (E:\Random\MediVault_\MEDIVAULT\backend\node_modules\express\lib\router\layer.js:95:5)
    at trim_prefix (E:\Random\MediVault_\MEDIVAULT\backend\node_modules\express\lib\router\index.js:328:13)
    at E:\Random\MediVault_\MEDIVAULT\backend\node_modules\express\lib\router\index.js:286:9
2026-03-05 22:59:18 [ERROR]: Error: Route not found: GET /api/visits/patients
    at E:\Random\MediVault_\MEDIVAULT\backend\server.js:129:17
    at Layer.handle [as handle_request] (E:\Random\MediVault_\MEDIVAULT\backend\node_modules\express\lib\router\layer.js:95:5)
    at trim_prefix (E:\Random\MediVault_\MEDIVAULT\backend\node_modules\express\lib\router\index.js:328:13)
    at E:\Random\MediVault_\MEDIVAULT\backend\node_modules\express\lib\router\index.js:286:9
    at Function.process_params (E:\Random\MediVault_\MEDIVAULT\backend\node_modules\express\lib\router\index.js:346:12)
    at next (E:\Random\MediVault_\MEDIVAULT\backend\node_modules\express\lib\router\index.js:280:10)
    at E:\Random\MediVault_\MEDIVAULT\backend\server.js:50:3
    at Layer.handle [as handle_request] (E:\Random\MediVault_\MEDIVAULT\backend\node_modules\express\lib\router\layer.js:95:5)
    at trim_prefix (E:\Random\MediVault_\MEDIVAULT\backend\node_modules\express\lib\router\index.js:328:13)
    at E:\Random\MediVault_\MEDIVAULT\backend\node_modules\express\lib\router\index.js:286:9
    at Function.process_params (E:\Random\MediVault_\MEDIVAULT\backend\node_modules\express\lib\router\index.js:346:12)
    at next (E:\Random\MediVault_\MEDIVAULT\backend\node_modules\express\lib\router\index.js:280:10)
    at logger (E:\Random\MediVault_\MEDIVAULT\backend\node_modules\morgan\index.js:144:5)
    at Layer.handle [as handle_request] (E:\Random\MediVault_\MEDIVAULT\backend\node_modules\express\lib\router\layer.js:95:5)
    at trim_prefix (E:\Random\MediVault_\MEDIVAULT\backend\node_modules\express\lib\router\index.js:328:13)
    at E:\Random\MediVault_\MEDIVAULT\backend\node_modules\express\lib\router\index.js:286:9
2026-03-05 22:59:18 [ERROR]: Error: Route not found: GET /api/visits/patients
    at E:\Random\MediVault_\MEDIVAULT\backend\server.js:129:17
    at Layer.handle [as handle_request] (E:\Random\MediVault_\MEDIVAULT\backend\node_modules\express\lib\router\layer.js:95:5)
    at trim_prefix (E:\Random\MediVault_\MEDIVAULT\backend\node_modules\express\lib\router\index.js:328:13)
    at E:\Random\MediVault_\MEDIVAULT\backend\node_modules\express\lib\router\index.js:286:9
    at Function.process_params (E:\Random\MediVault_\MEDIVAULT\backend\node_modules\express\lib\router\index.js:346:12)
    at next (E:\Random\MediVault_\MEDIVAULT\backend\node_modules\express\lib\router\index.js:280:10)
    at E:\Random\MediVault_\MEDIVAULT\backend\server.js:50:3
    at Layer.handle [as handle_request] (E:\Random\MediVault_\MEDIVAULT\backend\node_modules\express\lib\router\layer.js:95:5)
    at trim_prefix (E:\Random\MediVault_\MEDIVAULT\backend\node_modules\express\lib\router\index.js:328:13)
    at E:\Random\MediVault_\MEDIVAULT\backend\node_modules\express\lib\router\index.js:286:9
    at Function.process_params (E:\Random\MediVault_\MEDIVAULT\backend\node_modules\express\lib\router\index.js:346:12)
    at next (E:\Random\MediVault_\MEDIVAULT\backend\node_modules\express\lib\router\index.js:280:10)
    at logger (E:\Random\MediVault_\MEDIVAULT\backend\node_modules\morgan\index.js:144:5)
    at Layer.handle [as handle_request] (E:\Random\MediVault_\MEDIVAULT\backend\node_modules\express\lib\router\layer.js:95:5)
    at trim_prefix (E:\Random\MediVault_\MEDIVAULT\backend\node_modules\express\lib\router\index.js:328:13)
    at E:\Random\MediVault_\MEDIVAULT\backend\node_modules\express\lib\router\index.js:286:9
2026-03-06 00:15:17 [ERROR]: Error: Route not found: GET /api/doctor/undefined/patients
    at E:\Random\MediVault_\MEDIVAULT\backend\server.js:129:17
    at Layer.handle [as handle_request] (E:\Random\MediVault_\MEDIVAULT\backend\node_modules\express\lib\router\layer.js:95:5)
    at trim_prefix (E:\Random\MediVault_\MEDIVAULT\backend\node_modules\express\lib\router\index.js:328:13)
    at E:\Random\MediVault_\MEDIVAULT\backend\node_modules\express\lib\router\index.js:286:9
    at Function.process_params (E:\Random\MediVault_\MEDIVAULT\backend\node_modules\express\lib\router\index.js:346:12)
    at next (E:\Random\MediVault_\MEDIVAULT\backend\node_modules\express\lib\router\index.js:280:10)
    at E:\Random\MediVault_\MEDIVAULT\backend\server.js:50:3
    at Layer.handle [as handle_request] (E:\Random\MediVault_\MEDIVAULT\backend\node_modules\express\lib\router\layer.js:95:5)
    at trim_prefix (E:\Random\MediVault_\MEDIVAULT\backend\node_modules\express\lib\router\index.js:328:13)
    at E:\Random\MediVault_\MEDIVAULT\backend\node_modules\express\lib\router\index.js:286:9
    at Function.process_params (E:\Random\MediVault_\MEDIVAULT\backend\node_modules\express\lib\router\index.js:346:12)
    at next (E:\Random\MediVault_\MEDIVAULT\backend\node_modules\express\lib\router\index.js:280:10)
    at logger (E:\Random\MediVault_\MEDIVAULT\backend\node_modules\morgan\index.js:144:5)
    at Layer.handle [as handle_request] (E:\Random\MediVault_\MEDIVAULT\backend\node_modules\express\lib\router\layer.js:95:5)
    at trim_prefix (E:\Random\MediVault_\MEDIVAULT\backend\node_modules\express\lib\router\index.js:328:13)
    at E:\Random\MediVault_\MEDIVAULT\backend\node_modules\express\lib\router\index.js:286:9
2026-03-06 00:15:17 [ERROR]: Error: Route not found: GET /api/doctor/undefined/patients
    at E:\Random\MediVault_\MEDIVAULT\backend\server.js:129:17
    at Layer.handle [as handle_request] (E:\Random\MediVault_\MEDIVAULT\backend\node_modules\express\lib\router\layer.js:95:5)
    at trim_prefix (E:\Random\MediVault_\MEDIVAULT\backend\node_modules\express\lib\router\index.js:328:13)
    at E:\Random\MediVault_\MEDIVAULT\backend\node_modules\express\lib\router\index.js:286:9
    at Function.process_params (E:\Random\MediVault_\MEDIVAULT\backend\node_modules\express\lib\router\index.js:346:12)
    at next (E:\Random\MediVault_\MEDIVAULT\backend\node_modules\express\lib\router\index.js:280:10)
    at E:\Random\MediVault_\MEDIVAULT\backend\server.js:50:3
    at Layer.handle [as handle_request] (E:\Random\MediVault_\MEDIVAULT\backend\node_modules\express\lib\router\layer.js:95:5)
    at trim_prefix (E:\Random\MediVault_\MEDIVAULT\backend\node_modules\express\lib\router\index.js:328:13)
    at E:\Random\MediVault_\MEDIVAULT\backend\node_modules\express\lib\router\index.js:286:9
    at Function.process_params (E:\Random\MediVault_\MEDIVAULT\backend\node_modules\express\lib\router\index.js:346:12)
    at next (E:\Random\MediVault_\MEDIVAULT\backend\node_modules\express\lib\router\index.js:280:10)
    at logger (E:\Random\MediVault_\MEDIVAULT\backend\node_modules\morgan\index.js:144:5)
    at Layer.handle [as handle_request] (E:\Random\MediVault_\MEDIVAULT\backend\node_modules\express\lib\router\layer.js:95:5)
    at trim_prefix (E:\Random\MediVault_\MEDIVAULT\backend\node_modules\express\lib\router\index.js:328:13)
    at E:\Random\MediVault_\MEDIVAULT\backend\node_modules\express\lib\router\index.js:286:9
2026-03-06 00:15:19 [ERROR]: Error: Route not found: GET /api/doctor/undefined/appointments
    at E:\Random\MediVault_\MEDIVAULT\backend\server.js:129:17
    at Layer.handle [as handle_request] (E:\Random\MediVault_\MEDIVAULT\backend\node_modules\express\lib\router\layer.js:95:5)
    at trim_prefix (E:\Random\MediVault_\MEDIVAULT\backend\node_modules\express\lib\router\index.js:328:13)
    at E:\Random\MediVault_\MEDIVAULT\backend\node_modules\express\lib\router\index.js:286:9
    at Function.process_params (E:\Random\MediVault_\MEDIVAULT\backend\node_modules\express\lib\router\index.js:346:12)
    at next (E:\Random\MediVault_\MEDIVAULT\backend\node_modules\express\lib\router\index.js:280:10)
    at E:\Random\MediVault_\MEDIVAULT\backend\server.js:50:3
    at Layer.handle [as handle_request] (E:\Random\MediVault_\MEDIVAULT\backend\node_modules\express\lib\router\layer.js:95:5)
    at trim_prefix (E:\Random\MediVault_\MEDIVAULT\backend\node_modules\express\lib\router\index.js:328:13)
    at E:\Random\MediVault_\MEDIVAULT\backend\node_modules\express\lib\router\index.js:286:9
    at Function.process_params (E:\Random\MediVault_\MEDIVAULT\backend\node_modules\express\lib\router\index.js:346:12)
    at next (E:\Random\MediVault_\MEDIVAULT\backend\node_modules\express\lib\router\index.js:280:10)
    at logger (E:\Random\MediVault_\MEDIVAULT\backend\node_modules\morgan\index.js:144:5)
    at Layer.handle [as handle_request] (E:\Random\MediVault_\MEDIVAULT\backend\node_modules\express\lib\router\layer.js:95:5)
    at trim_prefix (E:\Random\MediVault_\MEDIVAULT\backend\node_modules\express\lib\router\index.js:328:13)
    at E:\Random\MediVault_\MEDIVAULT\backend\node_modules\express\lib\router\index.js:286:9
2026-03-06 00:15:19 [ERROR]: Error: Route not found: GET /api/doctor/undefined/appointments
    at E:\Random\MediVault_\MEDIVAULT\backend\server.js:129:17
    at Layer.handle [as handle_request] (E:\Random\MediVault_\MEDIVAULT\backend\node_modules\express\lib\router\layer.js:95:5)
    at trim_prefix (E:\Random\MediVault_\MEDIVAULT\backend\node_modules\express\lib\router\index.js:328:13)
    at E:\Random\MediVault_\MEDIVAULT\backend\node_modules\express\lib\router\index.js:286:9
    at Function.process_params (E:\Random\MediVault_\MEDIVAULT\backend\node_modules\express\lib\router\index.js:346:12)
    at next (E:\Random\MediVault_\MEDIVAULT\backend\node_modules\express\lib\router\index.js:280:10)
    at E:\Random\MediVault_\MEDIVAULT\backend\server.js:50:3
    at Layer.handle [as handle_request] (E:\Random\MediVault_\MEDIVAULT\backend\node_modules\express\lib\router\layer.js:95:5)
    at trim_prefix (E:\Random\MediVault_\MEDIVAULT\backend\node_modules\express\lib\router\index.js:328:13)
    at E:\Random\MediVault_\MEDIVAULT\backend\node_modules\express\lib\router\index.js:286:9
    at Function.process_params (E:\Random\MediVault_\MEDIVAULT\backend\node_modules\express\lib\router\index.js:346:12)
    at next (E:\Random\MediVault_\MEDIVAULT\backend\node_modules\express\lib\router\index.js:280:10)
    at logger (E:\Random\MediVault_\MEDIVAULT\backend\node_modules\morgan\index.js:144:5)
    at Layer.handle [as handle_request] (E:\Random\MediVault_\MEDIVAULT\backend\node_modules\express\lib\router\layer.js:95:5)
    at trim_prefix (E:\Random\MediVault_\MEDIVAULT\backend\node_modules\express\lib\router\index.js:328:13)
    at E:\Random\MediVault_\MEDIVAULT\backend\node_modules\express\lib\router\index.js:286:9
2026-03-06 00:15:20 [ERROR]: Error: Route not found: GET /api/doctor/undefined/records
    at E:\Random\MediVault_\MEDIVAULT\backend\server.js:129:17
    at Layer.handle [as handle_request] (E:\Random\MediVault_\MEDIVAULT\backend\node_modules\express\lib\router\layer.js:95:5)
    at trim_prefix (E:\Random\MediVault_\MEDIVAULT\backend\node_modules\express\lib\router\index.js:328:13)
    at E:\Random\MediVault_\MEDIVAULT\backend\node_modules\express\lib\router\index.js:286:9
    at Function.process_params (E:\Random\MediVault_\MEDIVAULT\backend\node_modules\express\lib\router\index.js:346:12)
    at next (E:\Random\MediVault_\MEDIVAULT\backend\node_modules\express\lib\router\index.js:280:10)
    at E:\Random\MediVault_\MEDIVAULT\backend\server.js:50:3
    at Layer.handle [as handle_request] (E:\Random\MediVault_\MEDIVAULT\backend\node_modules\express\lib\router\layer.js:95:5)
    at trim_prefix (E:\Random\MediVault_\MEDIVAULT\backend\node_modules\express\lib\router\index.js:328:13)
    at E:\Random\MediVault_\MEDIVAULT\backend\node_modules\express\lib\router\index.js:286:9
    at Function.process_params (E:\Random\MediVault_\MEDIVAULT\backend\node_modules\express\lib\router\index.js:346:12)
    at next (E:\Random\MediVault_\MEDIVAULT\backend\node_modules\express\lib\router\index.js:280:10)
    at logger (E:\Random\MediVault_\MEDIVAULT\backend\node_modules\morgan\index.js:144:5)
    at Layer.handle [as handle_request] (E:\Random\MediVault_\MEDIVAULT\backend\node_modules\express\lib\router\layer.js:95:5)
    at trim_prefix (E:\Random\MediVault_\MEDIVAULT\backend\node_modules\express\lib\router\index.js:328:13)
    at E:\Random\MediVault_\MEDIVAULT\backend\node_modules\express\lib\router\index.js:286:9
2026-03-06 00:15:20 [ERROR]: Error: Route not found: GET /api/doctor/undefined/records
    at E:\Random\MediVault_\MEDIVAULT\backend\server.js:129:17
    at Layer.handle [as handle_request] (E:\Random\MediVault_\MEDIVAULT\backend\node_modules\express\lib\router\layer.js:95:5)
    at trim_prefix (E:\Random\MediVault_\MEDIVAULT\backend\node_modules\express\lib\router\index.js:328:13)
    at E:\Random\MediVault_\MEDIVAULT\backend\node_modules\express\lib\router\index.js:286:9
    at Function.process_params (E:\Random\MediVault_\MEDIVAULT\backend\node_modules\express\lib\router\index.js:346:12)
    at next (E:\Random\MediVault_\MEDIVAULT\backend\node_modules\express\lib\router\index.js:280:10)
    at E:\Random\MediVault_\MEDIVAULT\backend\server.js:50:3
    at Layer.handle [as handle_request] (E:\Random\MediVault_\MEDIVAULT\backend\node_modules\express\lib\router\layer.js:95:5)
    at trim_prefix (E:\Random\MediVault_\MEDIVAULT\backend\node_modules\express\lib\router\index.js:328:13)
    at E:\Random\MediVault_\MEDIVAULT\backend\node_modules\express\lib\router\index.js:286:9
    at Function.process_params (E:\Random\MediVault_\MEDIVAULT\backend\node_modules\express\lib\router\index.js:346:12)
    at next (E:\Random\MediVault_\MEDIVAULT\backend\node_modules\express\lib\router\index.js:280:10)
    at logger (E:\Random\MediVault_\MEDIVAULT\backend\node_modules\morgan\index.js:144:5)
    at Layer.handle [as handle_request] (E:\Random\MediVault_\MEDIVAULT\backend\node_modules\express\lib\router\layer.js:95:5)
    at trim_prefix (E:\Random\MediVault_\MEDIVAULT\backend\node_modules\express\lib\router\index.js:328:13)
    at E:\Random\MediVault_\MEDIVAULT\backend\node_modules\express\lib\router\index.js:286:9
2026-03-06 00:15:21 [ERROR]: Error: Route not found: GET /api/visits/patients
    at E:\Random\MediVault_\MEDIVAULT\backend\server.js:129:17
    at Layer.handle [as handle_request] (E:\Random\MediVault_\MEDIVAULT\backend\node_modules\express\lib\router\layer.js:95:5)
    at trim_prefix (E:\Random\MediVault_\MEDIVAULT\backend\node_modules\express\lib\router\index.js:328:13)
    at E:\Random\MediVault_\MEDIVAULT\backend\node_modules\express\lib\router\index.js:286:9
    at Function.process_params (E:\Random\MediVault_\MEDIVAULT\backend\node_modules\express\lib\router\index.js:346:12)
    at next (E:\Random\MediVault_\MEDIVAULT\backend\node_modules\express\lib\router\index.js:280:10)
    at E:\Random\MediVault_\MEDIVAULT\backend\server.js:50:3
    at Layer.handle [as handle_request] (E:\Random\MediVault_\MEDIVAULT\backend\node_modules\express\lib\router\layer.js:95:5)
    at trim_prefix (E:\Random\MediVault_\MEDIVAULT\backend\node_modules\express\lib\router\index.js:328:13)
    at E:\Random\MediVault_\MEDIVAULT\backend\node_modules\express\lib\router\index.js:286:9
    at Function.process_params (E:\Random\MediVault_\MEDIVAULT\backend\node_modules\express\lib\router\index.js:346:12)
    at next (E:\Random\MediVault_\MEDIVAULT\backend\node_modules\express\lib\router\index.js:280:10)
    at logger (E:\Random\MediVault_\MEDIVAULT\backend\node_modules\morgan\index.js:144:5)
    at Layer.handle [as handle_request] (E:\Random\MediVault_\MEDIVAULT\backend\node_modules\express\lib\router\layer.js:95:5)
    at trim_prefix (E:\Random\MediVault_\MEDIVAULT\backend\node_modules\express\lib\router\index.js:328:13)
    at E:\Random\MediVault_\MEDIVAULT\backend\node_modules\express\lib\router\index.js:286:9
2026-03-06 00:15:21 [ERROR]: Error: Route not found: GET /api/visits/doctor?limit=10
    at E:\Random\MediVault_\MEDIVAULT\backend\server.js:129:17
    at Layer.handle [as handle_request] (E:\Random\MediVault_\MEDIVAULT\backend\node_modules\express\lib\router\layer.js:95:5)
    at trim_prefix (E:\Random\MediVault_\MEDIVAULT\backend\node_modules\express\lib\router\index.js:328:13)
    at E:\Random\MediVault_\MEDIVAULT\backend\node_modules\express\lib\router\index.js:286:9
    at Function.process_params (E:\Random\MediVault_\MEDIVAULT\backend\node_modules\express\lib\router\index.js:346:12)
    at next (E:\Random\MediVault_\MEDIVAULT\backend\node_modules\express\lib\router\index.js:280:10)
    at E:\Random\MediVault_\MEDIVAULT\backend\server.js:50:3
    at Layer.handle [as handle_request] (E:\Random\MediVault_\MEDIVAULT\backend\node_modules\express\lib\router\layer.js:95:5)
    at trim_prefix (E:\Random\MediVault_\MEDIVAULT\backend\node_modules\express\lib\router\index.js:328:13)
    at E:\Random\MediVault_\MEDIVAULT\backend\node_modules\express\lib\router\index.js:286:9
    at Function.process_params (E:\Random\MediVault_\MEDIVAULT\backend\node_modules\express\lib\router\index.js:346:12)
    at next (E:\Random\MediVault_\MEDIVAULT\backend\node_modules\express\lib\router\index.js:280:10)
    at logger (E:\Random\MediVault_\MEDIVAULT\backend\node_modules\morgan\index.js:144:5)
    at Layer.handle [as handle_request] (E:\Random\MediVault_\MEDIVAULT\backend\node_modules\express\lib\router\layer.js:95:5)
    at trim_prefix (E:\Random\MediVault_\MEDIVAULT\backend\node_modules\express\lib\router\index.js:328:13)
    at E:\Random\MediVault_\MEDIVAULT\backend\node_modules\express\lib\router\index.js:286:9
2026-03-06 00:15:21 [ERROR]: Error: Route not found: GET /api/visits/patients
    at E:\Random\MediVault_\MEDIVAULT\backend\server.js:129:17
    at Layer.handle [as handle_request] (E:\Random\MediVault_\MEDIVAULT\backend\node_modules\express\lib\router\layer.js:95:5)
    at trim_prefix (E:\Random\MediVault_\MEDIVAULT\backend\node_modules\express\lib\router\index.js:328:13)
    at E:\Random\MediVault_\MEDIVAULT\backend\node_modules\express\lib\router\index.js:286:9
    at Function.process_params (E:\Random\MediVault_\MEDIVAULT\backend\node_modules\express\lib\router\index.js:346:12)
    at next (E:\Random\MediVault_\MEDIVAULT\backend\node_modules\express\lib\router\index.js:280:10)
    at E:\Random\MediVault_\MEDIVAULT\backend\server.js:50:3
    at Layer.handle [as handle_request] (E:\Random\MediVault_\MEDIVAULT\backend\node_modules\express\lib\router\layer.js:95:5)
    at trim_prefix (E:\Random\MediVault_\MEDIVAULT\backend\node_modules\express\lib\router\index.js:328:13)
    at E:\Random\MediVault_\MEDIVAULT\backend\node_modules\express\lib\router\index.js:286:9
    at Function.process_params (E:\Random\MediVault_\MEDIVAULT\backend\node_modules\express\lib\router\index.js:346:12)
    at next (E:\Random\MediVault_\MEDIVAULT\backend\node_modules\express\lib\router\index.js:280:10)
    at logger (E:\Random\MediVault_\MEDIVAULT\backend\node_modules\morgan\index.js:144:5)
    at Layer.handle [as handle_request] (E:\Random\MediVault_\MEDIVAULT\backend\node_modules\express\lib\router\layer.js:95:5)
    at trim_prefix (E:\Random\MediVault_\MEDIVAULT\backend\node_modules\express\lib\router\index.js:328:13)
    at E:\Random\MediVault_\MEDIVAULT\backend\node_modules\express\lib\router\index.js:286:9
2026-03-06 00:15:21 [ERROR]: Error: Route not found: GET /api/visits/doctor?limit=10
    at E:\Random\MediVault_\MEDIVAULT\backend\server.js:129:17
    at Layer.handle [as handle_request] (E:\Random\MediVault_\MEDIVAULT\backend\node_modules\express\lib\router\layer.js:95:5)
    at trim_prefix (E:\Random\MediVault_\MEDIVAULT\backend\node_modules\express\lib\router\index.js:328:13)
    at E:\Random\MediVault_\MEDIVAULT\backend\node_modules\express\lib\router\index.js:286:9
    at Function.process_params (E:\Random\MediVault_\MEDIVAULT\backend\node_modules\express\lib\router\index.js:346:12)
    at next (E:\Random\MediVault_\MEDIVAULT\backend\node_modules\express\lib\router\index.js:280:10)
    at E:\Random\MediVault_\MEDIVAULT\backend\server.js:50:3
    at Layer.handle [as handle_request] (E:\Random\MediVault_\MEDIVAULT\backend\node_modules\express\lib\router\layer.js:95:5)
    at trim_prefix (E:\Random\MediVault_\MEDIVAULT\backend\node_modules\express\lib\router\index.js:328:13)
    at E:\Random\MediVault_\MEDIVAULT\backend\node_modules\express\lib\router\index.js:286:9
    at Function.process_params (E:\Random\MediVault_\MEDIVAULT\backend\node_modules\express\lib\router\index.js:346:12)
    at next (E:\Random\MediVault_\MEDIVAULT\backend\node_modules\express\lib\router\index.js:280:10)
    at logger (E:\Random\MediVault_\MEDIVAULT\backend\node_modules\morgan\index.js:144:5)
    at Layer.handle [as handle_request] (E:\Random\MediVault_\MEDIVAULT\backend\node_modules\express\lib\router\layer.js:95:5)
    at trim_prefix (E:\Random\MediVault_\MEDIVAULT\backend\node_modules\express\lib\router\index.js:328:13)
    at E:\Random\MediVault_\MEDIVAULT\backend\node_modules\express\lib\router\index.js:286:9
2026-03-06 00:15:32 [ERROR]: Error: Route not found: GET /api/visits/patients
    at E:\Random\MediVault_\MEDIVAULT\backend\server.js:129:17
    at Layer.handle [as handle_request] (E:\Random\MediVault_\MEDIVAULT\backend\node_modules\express\lib\router\layer.js:95:5)
    at trim_prefix (E:\Random\MediVault_\MEDIVAULT\backend\node_modules\express\lib\router\index.js:328:13)
    at E:\Random\MediVault_\MEDIVAULT\backend\node_modules\express\lib\router\index.js:286:9
    at Function.process_params (E:\Random\MediVault_\MEDIVAULT\backend\node_modules\express\lib\router\index.js:346:12)
    at next (E:\Random\MediVault_\MEDIVAULT\backend\node_modules\express\lib\router\index.js:280:10)
    at E:\Random\MediVault_\MEDIVAULT\backend\server.js:50:3
    at Layer.handle [as handle_request] (E:\Random\MediVault_\MEDIVAULT\backend\node_modules\express\lib\router\layer.js:95:5)
    at trim_prefix (E:\Random\MediVault_\MEDIVAULT\backend\node_modules\express\lib\router\index.js:328:13)
    at E:\Random\MediVault_\MEDIVAULT\backend\node_modules\express\lib\router\index.js:286:9
    at Function.process_params (E:\Random\MediVault_\MEDIVAULT\backend\node_modules\express\lib\router\index.js:346:12)
    at next (E:\Random\MediVault_\MEDIVAULT\backend\node_modules\express\lib\router\index.js:280:10)
    at logger (E:\Random\MediVault_\MEDIVAULT\backend\node_modules\morgan\index.js:144:5)
    at Layer.handle [as handle_request] (E:\Random\MediVault_\MEDIVAULT\backend\node_modules\express\lib\router\layer.js:95:5)
    at trim_prefix (E:\Random\MediVault_\MEDIVAULT\backend\node_modules\express\lib\router\index.js:328:13)
    at E:\Random\MediVault_\MEDIVAULT\backend\node_modules\express\lib\router\index.js:286:9
2026-03-06 00:15:32 [ERROR]: Error: Route not found: GET /api/visits/doctor?limit=10
    at E:\Random\MediVault_\MEDIVAULT\backend\server.js:129:17
    at Layer.handle [as handle_request] (E:\Random\MediVault_\MEDIVAULT\backend\node_modules\express\lib\router\layer.js:95:5)
    at trim_prefix (E:\Random\MediVault_\MEDIVAULT\backend\node_modules\express\lib\router\index.js:328:13)
    at E:\Random\MediVault_\MEDIVAULT\backend\node_modules\express\lib\router\index.js:286:9
    at Function.process_params (E:\Random\MediVault_\MEDIVAULT\backend\node_modules\express\lib\router\index.js:346:12)
    at next (E:\Random\MediVault_\MEDIVAULT\backend\node_modules\express\lib\router\index.js:280:10)
    at E:\Random\MediVault_\MEDIVAULT\backend\server.js:50:3
    at Layer.handle [as handle_request] (E:\Random\MediVault_\MEDIVAULT\backend\node_modules\express\lib\router\layer.js:95:5)
    at trim_prefix (E:\Random\MediVault_\MEDIVAULT\backend\node_modules\express\lib\router\index.js:328:13)
    at E:\Random\MediVault_\MEDIVAULT\backend\node_modules\express\lib\router\index.js:286:9
    at Function.process_params (E:\Random\MediVault_\MEDIVAULT\backend\node_modules\express\lib\router\index.js:346:12)
    at next (E:\Random\MediVault_\MEDIVAULT\backend\node_modules\express\lib\router\index.js:280:10)
    at logger (E:\Random\MediVault_\MEDIVAULT\backend\node_modules\morgan\index.js:144:5)
    at Layer.handle [as handle_request] (E:\Random\MediVault_\MEDIVAULT\backend\node_modules\express\lib\router\layer.js:95:5)
    at trim_prefix (E:\Random\MediVault_\MEDIVAULT\backend\node_modules\express\lib\router\index.js:328:13)
    at E:\Random\MediVault_\MEDIVAULT\backend\node_modules\express\lib\router\index.js:286:9
2026-03-06 00:15:32 [ERROR]: Error: Route not found: GET /api/visits/patients
    at E:\Random\MediVault_\MEDIVAULT\backend\server.js:129:17
    at Layer.handle [as handle_request] (E:\Random\MediVault_\MEDIVAULT\backend\node_modules\express\lib\router\layer.js:95:5)
    at trim_prefix (E:\Random\MediVault_\MEDIVAULT\backend\node_modules\express\lib\router\index.js:328:13)
    at E:\Random\MediVault_\MEDIVAULT\backend\node_modules\express\lib\router\index.js:286:9
    at Function.process_params (E:\Random\MediVault_\MEDIVAULT\backend\node_modules\express\lib\router\index.js:346:12)
    at next (E:\Random\MediVault_\MEDIVAULT\backend\node_modules\express\lib\router\index.js:280:10)
    at E:\Random\MediVault_\MEDIVAULT\backend\server.js:50:3
    at Layer.handle [as handle_request] (E:\Random\MediVault_\MEDIVAULT\backend\node_modules\express\lib\router\layer.js:95:5)
    at trim_prefix (E:\Random\MediVault_\MEDIVAULT\backend\node_modules\express\lib\router\index.js:328:13)
    at E:\Random\MediVault_\MEDIVAULT\backend\node_modules\express\lib\router\index.js:286:9
    at Function.process_params (E:\Random\MediVault_\MEDIVAULT\backend\node_modules\express\lib\router\index.js:346:12)
    at next (E:\Random\MediVault_\MEDIVAULT\backend\node_modules\express\lib\router\index.js:280:10)
    at logger (E:\Random\MediVault_\MEDIVAULT\backend\node_modules\morgan\index.js:144:5)
    at Layer.handle [as handle_request] (E:\Random\MediVault_\MEDIVAULT\backend\node_modules\express\lib\router\layer.js:95:5)
    at trim_prefix (E:\Random\MediVault_\MEDIVAULT\backend\node_modules\express\lib\router\index.js:328:13)
    at E:\Random\MediVault_\MEDIVAULT\backend\node_modules\express\lib\router\index.js:286:9
2026-03-06 00:15:32 [ERROR]: Error: Route not found: GET /api/visits/doctor?limit=10
    at E:\Random\MediVault_\MEDIVAULT\backend\server.js:129:17
    at Layer.handle [as handle_request] (E:\Random\MediVault_\MEDIVAULT\backend\node_modules\express\lib\router\layer.js:95:5)
    at trim_prefix (E:\Random\MediVault_\MEDIVAULT\backend\node_modules\express\lib\router\index.js:328:13)
    at E:\Random\MediVault_\MEDIVAULT\backend\node_modules\express\lib\router\index.js:286:9
    at Function.process_params (E:\Random\MediVault_\MEDIVAULT\backend\node_modules\express\lib\router\index.js:346:12)
    at next (E:\Random\MediVault_\MEDIVAULT\backend\node_modules\express\lib\router\index.js:280:10)
    at E:\Random\MediVault_\MEDIVAULT\backend\server.js:50:3
    at Layer.handle [as handle_request] (E:\Random\MediVault_\MEDIVAULT\backend\node_modules\express\lib\router\layer.js:95:5)
    at trim_prefix (E:\Random\MediVault_\MEDIVAULT\backend\node_modules\express\lib\router\index.js:328:13)
    at E:\Random\MediVault_\MEDIVAULT\backend\node_modules\express\lib\router\index.js:286:9
    at Function.process_params (E:\Random\MediVault_\MEDIVAULT\backend\node_modules\express\lib\router\index.js:346:12)
    at next (E:\Random\MediVault_\MEDIVAULT\backend\node_modules\express\lib\router\index.js:280:10)
    at logger (E:\Random\MediVault_\MEDIVAULT\backend\node_modules\morgan\index.js:144:5)
    at Layer.handle [as handle_request] (E:\Random\MediVault_\MEDIVAULT\backend\node_modules\express\lib\router\layer.js:95:5)
    at trim_prefix (E:\Random\MediVault_\MEDIVAULT\backend\node_modules\express\lib\router\index.js:328:13)
    at E:\Random\MediVault_\MEDIVAULT\backend\node_modules\express\lib\router\index.js:286:9
2026-03-06 00:15:36 [ERROR]: Error: Route not found: GET /api/visits/patients
    at E:\Random\MediVault_\MEDIVAULT\backend\server.js:129:17
    at Layer.handle [as handle_request] (E:\Random\MediVault_\MEDIVAULT\backend\node_modules\express\lib\router\layer.js:95:5)
    at trim_prefix (E:\Random\MediVault_\MEDIVAULT\backend\node_modules\express\lib\router\index.js:328:13)
    at E:\Random\MediVault_\MEDIVAULT\backend\node_modules\express\lib\router\index.js:286:9
    at Function.process_params (E:\Random\MediVault_\MEDIVAULT\backend\node_modules\express\lib\router\index.js:346:12)
    at next (E:\Random\MediVault_\MEDIVAULT\backend\node_modules\express\lib\router\index.js:280:10)
    at E:\Random\MediVault_\MEDIVAULT\backend\server.js:50:3
    at Layer.handle [as handle_request] (E:\Random\MediVault_\MEDIVAULT\backend\node_modules\express\lib\router\layer.js:95:5)
    at trim_prefix (E:\Random\MediVault_\MEDIVAULT\backend\node_modules\express\lib\router\index.js:328:13)
    at E:\Random\MediVault_\MEDIVAULT\backend\node_modules\express\lib\router\index.js:286:9
    at Function.process_params (E:\Random\MediVault_\MEDIVAULT\backend\node_modules\express\lib\router\index.js:346:12)
    at next (E:\Random\MediVault_\MEDIVAULT\backend\node_modules\express\lib\router\index.js:280:10)
    at logger (E:\Random\MediVault_\MEDIVAULT\backend\node_modules\morgan\index.js:144:5)
    at Layer.handle [as handle_request] (E:\Random\MediVault_\MEDIVAULT\backend\node_modules\express\lib\router\layer.js:95:5)
    at trim_prefix (E:\Random\MediVault_\MEDIVAULT\backend\node_modules\express\lib\router\index.js:328:13)
    at E:\Random\MediVault_\MEDIVAULT\backend\node_modules\express\lib\router\index.js:286:9
2026-03-06 00:15:36 [ERROR]: Error: Route not found: GET /api/visits/patients
    at E:\Random\MediVault_\MEDIVAULT\backend\server.js:129:17
    at Layer.handle [as handle_request] (E:\Random\MediVault_\MEDIVAULT\backend\node_modules\express\lib\router\layer.js:95:5)
    at trim_prefix (E:\Random\MediVault_\MEDIVAULT\backend\node_modules\express\lib\router\index.js:328:13)
    at E:\Random\MediVault_\MEDIVAULT\backend\node_modules\express\lib\router\index.js:286:9
    at Function.process_params (E:\Random\MediVault_\MEDIVAULT\backend\node_modules\express\lib\router\index.js:346:12)
    at next (E:\Random\MediVault_\MEDIVAULT\backend\node_modules\express\lib\router\index.js:280:10)
    at E:\Random\MediVault_\MEDIVAULT\backend\server.js:50:3
    at Layer.handle [as handle_request] (E:\Random\MediVault_\MEDIVAULT\backend\node_modules\express\lib\router\layer.js:95:5)
    at trim_prefix (E:\Random\MediVault_\MEDIVAULT\backend\node_modules\express\lib\router\index.js:328:13)
    at E:\Random\MediVault_\MEDIVAULT\backend\node_modules\express\lib\router\index.js:286:9
    at Function.process_params (E:\Random\MediVault_\MEDIVAULT\backend\node_modules\express\lib\router\index.js:346:12)
    at next (E:\Random\MediVault_\MEDIVAULT\backend\node_modules\express\lib\router\index.js:280:10)
    at logger (E:\Random\MediVault_\MEDIVAULT\backend\node_modules\morgan\index.js:144:5)
    at Layer.handle [as handle_request] (E:\Random\MediVault_\MEDIVAULT\backend\node_modules\express\lib\router\layer.js:95:5)
    at trim_prefix (E:\Random\MediVault_\MEDIVAULT\backend\node_modules\express\lib\router\index.js:328:13)
    at E:\Random\MediVault_\MEDIVAULT\backend\node_modules\express\lib\router\index.js:286:9
2026-03-06 00:15:41 [ERROR]: Error: Route not found: GET /api/doctor/undefined/access-requests
    at E:\Random\MediVault_\MEDIVAULT\backend\server.js:129:17
    at Layer.handle [as handle_request] (E:\Random\MediVault_\MEDIVAULT\backend\node_modules\express\lib\router\layer.js:95:5)
    at trim_prefix (E:\Random\MediVault_\MEDIVAULT\backend\node_modules\express\lib\router\index.js:328:13)
    at E:\Random\MediVault_\MEDIVAULT\backend\node_modules\express\lib\router\index.js:286:9
    at Function.process_params (E:\Random\MediVault_\MEDIVAULT\backend\node_modules\express\lib\router\index.js:346:12)
    at next (E:\Random\MediVault_\MEDIVAULT\backend\node_modules\express\lib\router\index.js:280:10)
    at E:\Random\MediVault_\MEDIVAULT\backend\server.js:50:3
    at Layer.handle [as handle_request] (E:\Random\MediVault_\MEDIVAULT\backend\node_modules\express\lib\router\layer.js:95:5)
    at trim_prefix (E:\Random\MediVault_\MEDIVAULT\backend\node_modules\express\lib\router\index.js:328:13)
    at E:\Random\MediVault_\MEDIVAULT\backend\node_modules\express\lib\router\index.js:286:9
    at Function.process_params (E:\Random\MediVault_\MEDIVAULT\backend\node_modules\express\lib\router\index.js:346:12)
    at next (E:\Random\MediVault_\MEDIVAULT\backend\node_modules\express\lib\router\index.js:280:10)
    at logger (E:\Random\MediVault_\MEDIVAULT\backend\node_modules\morgan\index.js:144:5)
    at Layer.handle [as handle_request] (E:\Random\MediVault_\MEDIVAULT\backend\node_modules\express\lib\router\layer.js:95:5)
    at trim_prefix (E:\Random\MediVault_\MEDIVAULT\backend\node_modules\express\lib\router\index.js:328:13)
    at E:\Random\MediVault_\MEDIVAULT\backend\node_modules\express\lib\router\index.js:286:9
2026-03-06 00:15:41 [ERROR]: Error: Route not found: GET /api/doctor/undefined/access-requests
    at E:\Random\MediVault_\MEDIVAULT\backend\server.js:129:17
    at Layer.handle [as handle_request] (E:\Random\MediVault_\MEDIVAULT\backend\node_modules\express\lib\router\layer.js:95:5)
    at trim_prefix (E:\Random\MediVault_\MEDIVAULT\backend\node_modules\express\lib\router\index.js:328:13)
    at E:\Random\MediVault_\MEDIVAULT\backend\node_modules\express\lib\router\index.js:286:9
    at Function.process_params (E:\Random\MediVault_\MEDIVAULT\backend\node_modules\express\lib\router\index.js:346:12)
    at next (E:\Random\MediVault_\MEDIVAULT\backend\node_modules\express\lib\router\index.js:280:10)
    at E:\Random\MediVault_\MEDIVAULT\backend\server.js:50:3
    at Layer.handle [as handle_request] (E:\Random\MediVault_\MEDIVAULT\backend\node_modules\express\lib\router\layer.js:95:5)
    at trim_prefix (E:\Random\MediVault_\MEDIVAULT\backend\node_modules\express\lib\router\index.js:328:13)
    at E:\Random\MediVault_\MEDIVAULT\backend\node_modules\express\lib\router\index.js:286:9
    at Function.process_params (E:\Random\MediVault_\MEDIVAULT\backend\node_modules\express\lib\router\index.js:346:12)
    at next (E:\Random\MediVault_\MEDIVAULT\backend\node_modules\express\lib\router\index.js:280:10)
    at logger (E:\Random\MediVault_\MEDIVAULT\backend\node_modules\morgan\index.js:144:5)
    at Layer.handle [as handle_request] (E:\Random\MediVault_\MEDIVAULT\backend\node_modules\express\lib\router\layer.js:95:5)
    at trim_prefix (E:\Random\MediVault_\MEDIVAULT\backend\node_modules\express\lib\router\index.js:328:13)
    at E:\Random\MediVault_\MEDIVAULT\backend\node_modules\express\lib\router\index.js:286:9
2026-03-06 00:15:43 [ERROR]: Error: Route not found: GET /api/doctor/undefined/notifications
    at E:\Random\MediVault_\MEDIVAULT\backend\server.js:129:17
    at Layer.handle [as handle_request] (E:\Random\MediVault_\MEDIVAULT\backend\node_modules\express\lib\router\layer.js:95:5)
    at trim_prefix (E:\Random\MediVault_\MEDIVAULT\backend\node_modules\express\lib\router\index.js:328:13)
    at E:\Random\MediVault_\MEDIVAULT\backend\node_modules\express\lib\router\index.js:286:9
    at Function.process_params (E:\Random\MediVault_\MEDIVAULT\backend\node_modules\express\lib\router\index.js:346:12)
    at next (E:\Random\MediVault_\MEDIVAULT\backend\node_modules\express\lib\router\index.js:280:10)
    at E:\Random\MediVault_\MEDIVAULT\backend\server.js:50:3
    at Layer.handle [as handle_request] (E:\Random\MediVault_\MEDIVAULT\backend\node_modules\express\lib\router\layer.js:95:5)
    at trim_prefix (E:\Random\MediVault_\MEDIVAULT\backend\node_modules\express\lib\router\index.js:328:13)
    at E:\Random\MediVault_\MEDIVAULT\backend\node_modules\express\lib\router\index.js:286:9
    at Function.process_params (E:\Random\MediVault_\MEDIVAULT\backend\node_modules\express\lib\router\index.js:346:12)
    at next (E:\Random\MediVault_\MEDIVAULT\backend\node_modules\express\lib\router\index.js:280:10)
    at logger (E:\Random\MediVault_\MEDIVAULT\backend\node_modules\morgan\index.js:144:5)
    at Layer.handle [as handle_request] (E:\Random\MediVault_\MEDIVAULT\backend\node_modules\express\lib\router\layer.js:95:5)
    at trim_prefix (E:\Random\MediVault_\MEDIVAULT\backend\node_modules\express\lib\router\index.js:328:13)
    at E:\Random\MediVault_\MEDIVAULT\backend\node_modules\express\lib\router\index.js:286:9
2026-03-06 00:15:43 [ERROR]: Error: Route not found: GET /api/doctor/undefined/notifications
    at E:\Random\MediVault_\MEDIVAULT\backend\server.js:129:17
    at Layer.handle [as handle_request] (E:\Random\MediVault_\MEDIVAULT\backend\node_modules\express\lib\router\layer.js:95:5)
    at trim_prefix (E:\Random\MediVault_\MEDIVAULT\backend\node_modules\express\lib\router\index.js:328:13)
    at E:\Random\MediVault_\MEDIVAULT\backend\node_modules\express\lib\router\index.js:286:9
    at Function.process_params (E:\Random\MediVault_\MEDIVAULT\backend\node_modules\express\lib\router\index.js:346:12)
    at next (E:\Random\MediVault_\MEDIVAULT\backend\node_modules\express\lib\router\index.js:280:10)
    at E:\Random\MediVault_\MEDIVAULT\backend\server.js:50:3
    at Layer.handle [as handle_request] (E:\Random\MediVault_\MEDIVAULT\backend\node_modules\express\lib\router\layer.js:95:5)
    at trim_prefix (E:\Random\MediVault_\MEDIVAULT\backend\node_modules\express\lib\router\index.js:328:13)
    at E:\Random\MediVault_\MEDIVAULT\backend\node_modules\express\lib\router\index.js:286:9
    at Function.process_params (E:\Random\MediVault_\MEDIVAULT\backend\node_modules\express\lib\router\index.js:346:12)
    at next (E:\Random\MediVault_\MEDIVAULT\backend\node_modules\express\lib\router\index.js:280:10)
    at logger (E:\Random\MediVault_\MEDIVAULT\backend\node_modules\morgan\index.js:144:5)
    at Layer.handle [as handle_request] (E:\Random\MediVault_\MEDIVAULT\backend\node_modules\express\lib\router\layer.js:95:5)
    at trim_prefix (E:\Random\MediVault_\MEDIVAULT\backend\node_modules\express\lib\router\index.js:328:13)
    at E:\Random\MediVault_\MEDIVAULT\backend\node_modules\express\lib\router\index.js:286:9
2026-03-06 18:25:16 [ERROR]: Error: Route not found: GET /api/patient/dashboard-summary
    at E:\Random\MediVault_\MEDIVAULT\backend\server.js:137:17
    at Layer.handle [as handle_request] (E:\Random\MediVault_\MEDIVAULT\backend\node_modules\express\lib\router\layer.js:95:5)
    at trim_prefix (E:\Random\MediVault_\MEDIVAULT\backend\node_modules\express\lib\router\index.js:328:13)
    at E:\Random\MediVault_\MEDIVAULT\backend\node_modules\express\lib\router\index.js:286:9
    at Function.process_params (E:\Random\MediVault_\MEDIVAULT\backend\node_modules\express\lib\router\index.js:346:12)
    at next (E:\Random\MediVault_\MEDIVAULT\backend\node_modules\express\lib\router\index.js:280:10)
    at auditMiddleware (E:\Random\MediVault_\MEDIVAULT\backend\middleware\auditMiddleware.js:66:12)
    at Layer.handle [as handle_request] (E:\Random\MediVault_\MEDIVAULT\backend\node_modules\express\lib\router\layer.js:95:5)
    at trim_prefix (E:\Random\MediVault_\MEDIVAULT\backend\node_modules\express\lib\router\index.js:328:13)
    at E:\Random\MediVault_\MEDIVAULT\backend\node_modules\express\lib\router\index.js:286:9
    at Function.process_params (E:\Random\MediVault_\MEDIVAULT\backend\node_modules\express\lib\router\index.js:346:12)
    at next (E:\Random\MediVault_\MEDIVAULT\backend\node_modules\express\lib\router\index.js:280:10)
    at E:\Random\MediVault_\MEDIVAULT\backend\server.js:51:3
    at Layer.handle [as handle_request] (E:\Random\MediVault_\MEDIVAULT\backend\node_modules\express\lib\router\layer.js:95:5)
    at trim_prefix (E:\Random\MediVault_\MEDIVAULT\backend\node_modules\express\lib\router\index.js:328:13)
    at E:\Random\MediVault_\MEDIVAULT\backend\node_modules\express\lib\router\index.js:286:9
2026-03-06 18:25:16 [ERROR]: Error: Route not found: GET /api/patient/dashboard-summary
    at E:\Random\MediVault_\MEDIVAULT\backend\server.js:137:17
    at Layer.handle [as handle_request] (E:\Random\MediVault_\MEDIVAULT\backend\node_modules\express\lib\router\layer.js:95:5)
    at trim_prefix (E:\Random\MediVault_\MEDIVAULT\backend\node_modules\express\lib\router\index.js:328:13)
    at E:\Random\MediVault_\MEDIVAULT\backend\node_modules\express\lib\router\index.js:286:9
    at Function.process_params (E:\Random\MediVault_\MEDIVAULT\backend\node_modules\express\lib\router\index.js:346:12)
    at next (E:\Random\MediVault_\MEDIVAULT\backend\node_modules\express\lib\router\index.js:280:10)
    at auditMiddleware (E:\Random\MediVault_\MEDIVAULT\backend\middleware\auditMiddleware.js:66:12)
    at Layer.handle [as handle_request] (E:\Random\MediVault_\MEDIVAULT\backend\node_modules\express\lib\router\layer.js:95:5)
    at trim_prefix (E:\Random\MediVault_\MEDIVAULT\backend\node_modules\express\lib\router\index.js:328:13)
    at E:\Random\MediVault_\MEDIVAULT\backend\node_modules\express\lib\router\index.js:286:9
    at Function.process_params (E:\Random\MediVault_\MEDIVAULT\backend\node_modules\express\lib\router\index.js:346:12)
    at next (E:\Random\MediVault_\MEDIVAULT\backend\node_modules\express\lib\router\index.js:280:10)
    at E:\Random\MediVault_\MEDIVAULT\backend\server.js:51:3
    at Layer.handle [as handle_request] (E:\Random\MediVault_\MEDIVAULT\backend\node_modules\express\lib\router\layer.js:95:5)
    at trim_prefix (E:\Random\MediVault_\MEDIVAULT\backend\node_modules\express\lib\router\index.js:328:13)
    at E:\Random\MediVault_\MEDIVAULT\backend\node_modules\express\lib\router\index.js:286:9
2026-03-06 18:25:20 [ERROR]: Error: Route not found: GET /api/patient/dashboard-summary
    at E:\Random\MediVault_\MEDIVAULT\backend\server.js:137:17
    at Layer.handle [as handle_request] (E:\Random\MediVault_\MEDIVAULT\backend\node_modules\express\lib\router\layer.js:95:5)
    at trim_prefix (E:\Random\MediVault_\MEDIVAULT\backend\node_modules\express\lib\router\index.js:328:13)
    at E:\Random\MediVault_\MEDIVAULT\backend\node_modules\express\lib\router\index.js:286:9
    at Function.process_params (E:\Random\MediVault_\MEDIVAULT\backend\node_modules\express\lib\router\index.js:346:12)
    at next (E:\Random\MediVault_\MEDIVAULT\backend\node_modules\express\lib\router\index.js:280:10)
    at auditMiddleware (E:\Random\MediVault_\MEDIVAULT\backend\middleware\auditMiddleware.js:66:12)
    at Layer.handle [as handle_request] (E:\Random\MediVault_\MEDIVAULT\backend\node_modules\express\lib\router\layer.js:95:5)
    at trim_prefix (E:\Random\MediVault_\MEDIVAULT\backend\node_modules\express\lib\router\index.js:328:13)
    at E:\Random\MediVault_\MEDIVAULT\backend\node_modules\express\lib\router\index.js:286:9
    at Function.process_params (E:\Random\MediVault_\MEDIVAULT\backend\node_modules\express\lib\router\index.js:346:12)
    at next (E:\Random\MediVault_\MEDIVAULT\backend\node_modules\express\lib\router\index.js:280:10)
    at E:\Random\MediVault_\MEDIVAULT\backend\server.js:51:3
    at Layer.handle [as handle_request] (E:\Random\MediVault_\MEDIVAULT\backend\node_modules\express\lib\router\layer.js:95:5)
    at trim_prefix (E:\Random\MediVault_\MEDIVAULT\backend\node_modules\express\lib\router\index.js:328:13)
    at E:\Random\MediVault_\MEDIVAULT\backend\node_modules\express\lib\router\index.js:286:9
2026-03-06 18:25:28 [ERROR]: Error: Route not found: GET /api/patient/dashboard-summary
    at E:\Random\MediVault_\MEDIVAULT\backend\server.js:137:17
    at Layer.handle [as handle_request] (E:\Random\MediVault_\MEDIVAULT\backend\node_modules\express\lib\router\layer.js:95:5)
    at trim_prefix (E:\Random\MediVault_\MEDIVAULT\backend\node_modules\express\lib\router\index.js:328:13)
    at E:\Random\MediVault_\MEDIVAULT\backend\node_modules\express\lib\router\index.js:286:9
    at Function.process_params (E:\Random\MediVault_\MEDIVAULT\backend\node_modules\express\lib\router\index.js:346:12)
    at next (E:\Random\MediVault_\MEDIVAULT\backend\node_modules\express\lib\router\index.js:280:10)
    at auditMiddleware (E:\Random\MediVault_\MEDIVAULT\backend\middleware\auditMiddleware.js:66:12)
    at Layer.handle [as handle_request] (E:\Random\MediVault_\MEDIVAULT\backend\node_modules\express\lib\router\layer.js:95:5)
    at trim_prefix (E:\Random\MediVault_\MEDIVAULT\backend\node_modules\express\lib\router\index.js:328:13)
    at E:\Random\MediVault_\MEDIVAULT\backend\node_modules\express\lib\router\index.js:286:9
    at Function.process_params (E:\Random\MediVault_\MEDIVAULT\backend\node_modules\express\lib\router\index.js:346:12)
    at next (E:\Random\MediVault_\MEDIVAULT\backend\node_modules\express\lib\router\index.js:280:10)
    at E:\Random\MediVault_\MEDIVAULT\backend\server.js:51:3
    at Layer.handle [as handle_request] (E:\Random\MediVault_\MEDIVAULT\backend\node_modules\express\lib\router\layer.js:95:5)
    at trim_prefix (E:\Random\MediVault_\MEDIVAULT\backend\node_modules\express\lib\router\index.js:328:13)
    at E:\Random\MediVault_\MEDIVAULT\backend\node_modules\express\lib\router\index.js:286:9
2026-03-06 18:25:28 [ERROR]: Error: Route not found: GET /api/patient/dashboard-summary
    at E:\Random\MediVault_\MEDIVAULT\backend\server.js:137:17
    at Layer.handle [as handle_request] (E:\Random\MediVault_\MEDIVAULT\backend\node_modules\express\lib\router\layer.js:95:5)
    at trim_prefix (E:\Random\MediVault_\MEDIVAULT\backend\node_modules\express\lib\router\index.js:328:13)
    at E:\Random\MediVault_\MEDIVAULT\backend\node_modules\express\lib\router\index.js:286:9
    at Function.process_params (E:\Random\MediVault_\MEDIVAULT\backend\node_modules\express\lib\router\index.js:346:12)
    at next (E:\Random\MediVault_\MEDIVAULT\backend\node_modules\express\lib\router\index.js:280:10)
    at auditMiddleware (E:\Random\MediVault_\MEDIVAULT\backend\middleware\auditMiddleware.js:66:12)
    at Layer.handle [as handle_request] (E:\Random\MediVault_\MEDIVAULT\backend\node_modules\express\lib\router\layer.js:95:5)
    at trim_prefix (E:\Random\MediVault_\MEDIVAULT\backend\node_modules\express\lib\router\index.js:328:13)
    at E:\Random\MediVault_\MEDIVAULT\backend\node_modules\express\lib\router\index.js:286:9
    at Function.process_params (E:\Random\MediVault_\MEDIVAULT\backend\node_modules\express\lib\router\index.js:346:12)
    at next (E:\Random\MediVault_\MEDIVAULT\backend\node_modules\express\lib\router\index.js:280:10)
    at E:\Random\MediVault_\MEDIVAULT\backend\server.js:51:3
    at Layer.handle [as handle_request] (E:\Random\MediVault_\MEDIVAULT\backend\node_modules\express\lib\router\layer.js:95:5)
    at trim_prefix (E:\Random\MediVault_\MEDIVAULT\backend\node_modules\express\lib\router\index.js:328:13)
    at E:\Random\MediVault_\MEDIVAULT\backend\node_modules\express\lib\router\index.js:286:9
2026-03-06 18:25:55 [ERROR]: Error: Route not found: GET /api/patient/dashboard-summary
    at E:\Random\MediVault_\MEDIVAULT\backend\server.js:137:17
    at Layer.handle [as handle_request] (E:\Random\MediVault_\MEDIVAULT\backend\node_modules\express\lib\router\layer.js:95:5)
    at trim_prefix (E:\Random\MediVault_\MEDIVAULT\backend\node_modules\express\lib\router\index.js:328:13)
    at E:\Random\MediVault_\MEDIVAULT\backend\node_modules\express\lib\router\index.js:286:9
    at Function.process_params (E:\Random\MediVault_\MEDIVAULT\backend\node_modules\express\lib\router\index.js:346:12)
    at next (E:\Random\MediVault_\MEDIVAULT\backend\node_modules\express\lib\router\index.js:280:10)
    at auditMiddleware (E:\Random\MediVault_\MEDIVAULT\backend\middleware\auditMiddleware.js:66:12)
    at Layer.handle [as handle_request] (E:\Random\MediVault_\MEDIVAULT\backend\node_modules\express\lib\router\layer.js:95:5)
    at trim_prefix (E:\Random\MediVault_\MEDIVAULT\backend\node_modules\express\lib\router\index.js:328:13)
    at E:\Random\MediVault_\MEDIVAULT\backend\node_modules\express\lib\router\index.js:286:9
    at Function.process_params (E:\Random\MediVault_\MEDIVAULT\backend\node_modules\express\lib\router\index.js:346:12)
    at next (E:\Random\MediVault_\MEDIVAULT\backend\node_modules\express\lib\router\index.js:280:10)
    at E:\Random\MediVault_\MEDIVAULT\backend\server.js:51:3
    at Layer.handle [as handle_request] (E:\Random\MediVault_\MEDIVAULT\backend\node_modules\express\lib\router\layer.js:95:5)
    at trim_prefix (E:\Random\MediVault_\MEDIVAULT\backend\node_modules\express\lib\router\index.js:328:13)
    at E:\Random\MediVault_\MEDIVAULT\backend\node_modules\express\lib\router\index.js:286:9
2026-03-06 18:26:06 [ERROR]: Error: Route not found: GET /favicon.ico
    at E:\Random\MediVault_\MEDIVAULT\backend\server.js:137:17
    at Layer.handle [as handle_request] (E:\Random\MediVault_\MEDIVAULT\backend\node_modules\express\lib\router\layer.js:95:5)
    at trim_prefix (E:\Random\MediVault_\MEDIVAULT\backend\node_modules\express\lib\router\index.js:328:13)
    at E:\Random\MediVault_\MEDIVAULT\backend\node_modules\express\lib\router\index.js:286:9
    at Function.process_params (E:\Random\MediVault_\MEDIVAULT\backend\node_modules\express\lib\router\index.js:346:12)
    at next (E:\Random\MediVault_\MEDIVAULT\backend\node_modules\express\lib\router\index.js:280:10)
    at auditMiddleware (E:\Random\MediVault_\MEDIVAULT\backend\middleware\auditMiddleware.js:66:12)
    at Layer.handle [as handle_request] (E:\Random\MediVault_\MEDIVAULT\backend\node_modules\express\lib\router\layer.js:95:5)
    at trim_prefix (E:\Random\MediVault_\MEDIVAULT\backend\node_modules\express\lib\router\index.js:328:13)
    at E:\Random\MediVault_\MEDIVAULT\backend\node_modules\express\lib\router\index.js:286:9
    at Function.process_params (E:\Random\MediVault_\MEDIVAULT\backend\node_modules\express\lib\router\index.js:346:12)
    at next (E:\Random\MediVault_\MEDIVAULT\backend\node_modules\express\lib\router\index.js:280:10)
    at E:\Random\MediVault_\MEDIVAULT\backend\server.js:51:3
    at Layer.handle [as handle_request] (E:\Random\MediVault_\MEDIVAULT\backend\node_modules\express\lib\router\layer.js:95:5)
    at trim_prefix (E:\Random\MediVault_\MEDIVAULT\backend\node_modules\express\lib\router\index.js:328:13)
    at E:\Random\MediVault_\MEDIVAULT\backend\node_modules\express\lib\router\index.js:286:9
2026-03-06 18:35:35 [ERROR]: Error: Route not found: GET /api/patient/dashboard-summary
    at E:\Random\MediVault_\MEDIVAULT\backend\server.js:137:17
    at Layer.handle [as handle_request] (E:\Random\MediVault_\MEDIVAULT\backend\node_modules\express\lib\router\layer.js:95:5)
    at trim_prefix (E:\Random\MediVault_\MEDIVAULT\backend\node_modules\express\lib\router\index.js:328:13)
    at E:\Random\MediVault_\MEDIVAULT\backend\node_modules\express\lib\router\index.js:286:9
    at Function.process_params (E:\Random\MediVault_\MEDIVAULT\backend\node_modules\express\lib\router\index.js:346:12)
    at next (E:\Random\MediVault_\MEDIVAULT\backend\node_modules\express\lib\router\index.js:280:10)
    at auditMiddleware (E:\Random\MediVault_\MEDIVAULT\backend\middleware\auditMiddleware.js:66:12)
    at Layer.handle [as handle_request] (E:\Random\MediVault_\MEDIVAULT\backend\node_modules\express\lib\router\layer.js:95:5)
    at trim_prefix (E:\Random\MediVault_\MEDIVAULT\backend\node_modules\express\lib\router\index.js:328:13)
    at E:\Random\MediVault_\MEDIVAULT\backend\node_modules\express\lib\router\index.js:286:9
    at Function.process_params (E:\Random\MediVault_\MEDIVAULT\backend\node_modules\express\lib\router\index.js:346:12)
    at next (E:\Random\MediVault_\MEDIVAULT\backend\node_modules\express\lib\router\index.js:280:10)
    at E:\Random\MediVault_\MEDIVAULT\backend\server.js:51:3
    at Layer.handle [as handle_request] (E:\Random\MediVault_\MEDIVAULT\backend\node_modules\express\lib\router\layer.js:95:5)
    at trim_prefix (E:\Random\MediVault_\MEDIVAULT\backend\node_modules\express\lib\router\index.js:328:13)
    at E:\Random\MediVault_\MEDIVAULT\backend\node_modules\express\lib\router\index.js:286:9
2026-03-06 18:35:35 [ERROR]: Error: Route not found: GET /api/patient/dashboard-summary
    at E:\Random\MediVault_\MEDIVAULT\backend\server.js:137:17
    at Layer.handle [as handle_request] (E:\Random\MediVault_\MEDIVAULT\backend\node_modules\express\lib\router\layer.js:95:5)
    at trim_prefix (E:\Random\MediVault_\MEDIVAULT\backend\node_modules\express\lib\router\index.js:328:13)
    at E:\Random\MediVault_\MEDIVAULT\backend\node_modules\express\lib\router\index.js:286:9
    at Function.process_params (E:\Random\MediVault_\MEDIVAULT\backend\node_modules\express\lib\router\index.js:346:12)
    at next (E:\Random\MediVault_\MEDIVAULT\backend\node_modules\express\lib\router\index.js:280:10)
    at auditMiddleware (E:\Random\MediVault_\MEDIVAULT\backend\middleware\auditMiddleware.js:66:12)
    at Layer.handle [as handle_request] (E:\Random\MediVault_\MEDIVAULT\backend\node_modules\express\lib\router\layer.js:95:5)
    at trim_prefix (E:\Random\MediVault_\MEDIVAULT\backend\node_modules\express\lib\router\index.js:328:13)
    at E:\Random\MediVault_\MEDIVAULT\backend\node_modules\express\lib\router\index.js:286:9
    at Function.process_params (E:\Random\MediVault_\MEDIVAULT\backend\node_modules\express\lib\router\index.js:346:12)
    at next (E:\Random\MediVault_\MEDIVAULT\backend\node_modules\express\lib\router\index.js:280:10)
    at E:\Random\MediVault_\MEDIVAULT\backend\server.js:51:3
    at Layer.handle [as handle_request] (E:\Random\MediVault_\MEDIVAULT\backend\node_modules\express\lib\router\layer.js:95:5)
    at trim_prefix (E:\Random\MediVault_\MEDIVAULT\backend\node_modules\express\lib\router\index.js:328:13)
    at E:\Random\MediVault_\MEDIVAULT\backend\node_modules\express\lib\router\index.js:286:9
2026-03-06 18:35:36 [ERROR]: Error: Route not found: GET /api/patient/dashboard-summary
    at E:\Random\MediVault_\MEDIVAULT\backend\server.js:137:17
    at Layer.handle [as handle_request] (E:\Random\MediVault_\MEDIVAULT\backend\node_modules\express\lib\router\layer.js:95:5)
    at trim_prefix (E:\Random\MediVault_\MEDIVAULT\backend\node_modules\express\lib\router\index.js:328:13)
    at E:\Random\MediVault_\MEDIVAULT\backend\node_modules\express\lib\router\index.js:286:9
    at Function.process_params (E:\Random\MediVault_\MEDIVAULT\backend\node_modules\express\lib\router\index.js:346:12)
    at next (E:\Random\MediVault_\MEDIVAULT\backend\node_modules\express\lib\router\index.js:280:10)
    at auditMiddleware (E:\Random\MediVault_\MEDIVAULT\backend\middleware\auditMiddleware.js:66:12)
    at Layer.handle [as handle_request] (E:\Random\MediVault_\MEDIVAULT\backend\node_modules\express\lib\router\layer.js:95:5)
    at trim_prefix (E:\Random\MediVault_\MEDIVAULT\backend\node_modules\express\lib\router\index.js:328:13)
    at E:\Random\MediVault_\MEDIVAULT\backend\node_modules\express\lib\router\index.js:286:9
    at Function.process_params (E:\Random\MediVault_\MEDIVAULT\backend\node_modules\express\lib\router\index.js:346:12)
    at next (E:\Random\MediVault_\MEDIVAULT\backend\node_modules\express\lib\router\index.js:280:10)
    at E:\Random\MediVault_\MEDIVAULT\backend\server.js:51:3
    at Layer.handle [as handle_request] (E:\Random\MediVault_\MEDIVAULT\backend\node_modules\express\lib\router\layer.js:95:5)
    at trim_prefix (E:\Random\MediVault_\MEDIVAULT\backend\node_modules\express\lib\router\index.js:328:13)
    at E:\Random\MediVault_\MEDIVAULT\backend\node_modules\express\lib\router\index.js:286:9
2026-03-06 18:37:17 [ERROR]: Error: Route not found: GET /api/patient/dashboard-summary
    at E:\Random\MediVault_\MEDIVAULT\backend\server.js:137:17
    at Layer.handle [as handle_request] (E:\Random\MediVault_\MEDIVAULT\backend\node_modules\express\lib\router\layer.js:95:5)
    at trim_prefix (E:\Random\MediVault_\MEDIVAULT\backend\node_modules\express\lib\router\index.js:328:13)
    at E:\Random\MediVault_\MEDIVAULT\backend\node_modules\express\lib\router\index.js:286:9
    at Function.process_params (E:\Random\MediVault_\MEDIVAULT\backend\node_modules\express\lib\router\index.js:346:12)
    at next (E:\Random\MediVault_\MEDIVAULT\backend\node_modules\express\lib\router\index.js:280:10)
    at auditMiddleware (E:\Random\MediVault_\MEDIVAULT\backend\middleware\auditMiddleware.js:66:12)
    at Layer.handle [as handle_request] (E:\Random\MediVault_\MEDIVAULT\backend\node_modules\express\lib\router\layer.js:95:5)
    at trim_prefix (E:\Random\MediVault_\MEDIVAULT\backend\node_modules\express\lib\router\index.js:328:13)
    at E:\Random\MediVault_\MEDIVAULT\backend\node_modules\express\lib\router\index.js:286:9
    at Function.process_params (E:\Random\MediVault_\MEDIVAULT\backend\node_modules\express\lib\router\index.js:346:12)
    at next (E:\Random\MediVault_\MEDIVAULT\backend\node_modules\express\lib\router\index.js:280:10)
    at E:\Random\MediVault_\MEDIVAULT\backend\server.js:51:3
    at Layer.handle [as handle_request] (E:\Random\MediVault_\MEDIVAULT\backend\node_modules\express\lib\router\layer.js:95:5)
    at trim_prefix (E:\Random\MediVault_\MEDIVAULT\backend\node_modules\express\lib\router\index.js:328:13)
    at E:\Random\MediVault_\MEDIVAULT\backend\node_modules\express\lib\router\index.js:286:9
2026-03-06 18:37:17 [ERROR]: Error: Route not found: GET /api/patient/dashboard-summary
    at E:\Random\MediVault_\MEDIVAULT\backend\server.js:137:17
    at Layer.handle [as handle_request] (E:\Random\MediVault_\MEDIVAULT\backend\node_modules\express\lib\router\layer.js:95:5)
    at trim_prefix (E:\Random\MediVault_\MEDIVAULT\backend\node_modules\express\lib\router\index.js:328:13)
    at E:\Random\MediVault_\MEDIVAULT\backend\node_modules\express\lib\router\index.js:286:9
    at Function.process_params (E:\Random\MediVault_\MEDIVAULT\backend\node_modules\express\lib\router\index.js:346:12)
    at next (E:\Random\MediVault_\MEDIVAULT\backend\node_modules\express\lib\router\index.js:280:10)
    at auditMiddleware (E:\Random\MediVault_\MEDIVAULT\backend\middleware\auditMiddleware.js:66:12)
    at Layer.handle [as handle_request] (E:\Random\MediVault_\MEDIVAULT\backend\node_modules\express\lib\router\layer.js:95:5)
    at trim_prefix (E:\Random\MediVault_\MEDIVAULT\backend\node_modules\express\lib\router\index.js:328:13)
    at E:\Random\MediVault_\MEDIVAULT\backend\node_modules\express\lib\router\index.js:286:9
    at Function.process_params (E:\Random\MediVault_\MEDIVAULT\backend\node_modules\express\lib\router\index.js:346:12)
    at next (E:\Random\MediVault_\MEDIVAULT\backend\node_modules\express\lib\router\index.js:280:10)
    at E:\Random\MediVault_\MEDIVAULT\backend\server.js:51:3
    at Layer.handle [as handle_request] (E:\Random\MediVault_\MEDIVAULT\backend\node_modules\express\lib\router\layer.js:95:5)
    at trim_prefix (E:\Random\MediVault_\MEDIVAULT\backend\node_modules\express\lib\router\index.js:328:13)
    at E:\Random\MediVault_\MEDIVAULT\backend\node_modules\express\lib\router\index.js:286:9
2026-03-06 18:43:43 [ERROR]: Error: Route not found: GET /api/patient/dashboard-summary
    at E:\Random\MediVault_\MEDIVAULT\backend\server.js:137:17
    at Layer.handle [as handle_request] (E:\Random\MediVault_\MEDIVAULT\backend\node_modules\express\lib\router\layer.js:95:5)
    at trim_prefix (E:\Random\MediVault_\MEDIVAULT\backend\node_modules\express\lib\router\index.js:328:13)
    at E:\Random\MediVault_\MEDIVAULT\backend\node_modules\express\lib\router\index.js:286:9
    at Function.process_params (E:\Random\MediVault_\MEDIVAULT\backend\node_modules\express\lib\router\index.js:346:12)
    at next (E:\Random\MediVault_\MEDIVAULT\backend\node_modules\express\lib\router\index.js:280:10)
    at auditMiddleware (E:\Random\MediVault_\MEDIVAULT\backend\middleware\auditMiddleware.js:66:12)
    at Layer.handle [as handle_request] (E:\Random\MediVault_\MEDIVAULT\backend\node_modules\express\lib\router\layer.js:95:5)
    at trim_prefix (E:\Random\MediVault_\MEDIVAULT\backend\node_modules\express\lib\router\index.js:328:13)
    at E:\Random\MediVault_\MEDIVAULT\backend\node_modules\express\lib\router\index.js:286:9
    at Function.process_params (E:\Random\MediVault_\MEDIVAULT\backend\node_modules\express\lib\router\index.js:346:12)
    at next (E:\Random\MediVault_\MEDIVAULT\backend\node_modules\express\lib\router\index.js:280:10)
    at E:\Random\MediVault_\MEDIVAULT\backend\server.js:51:3
    at Layer.handle [as handle_request] (E:\Random\MediVault_\MEDIVAULT\backend\node_modules\express\lib\router\layer.js:95:5)
    at trim_prefix (E:\Random\MediVault_\MEDIVAULT\backend\node_modules\express\lib\router\index.js:328:13)
    at E:\Random\MediVault_\MEDIVAULT\backend\node_modules\express\lib\router\index.js:286:9
2026-03-06 18:43:43 [ERROR]: Error: Route not found: GET /api/patient/dashboard-summary
    at E:\Random\MediVault_\MEDIVAULT\backend\server.js:137:17
    at Layer.handle [as handle_request] (E:\Random\MediVault_\MEDIVAULT\backend\node_modules\express\lib\router\layer.js:95:5)
    at trim_prefix (E:\Random\MediVault_\MEDIVAULT\backend\node_modules\express\lib\router\index.js:328:13)
    at E:\Random\MediVault_\MEDIVAULT\backend\node_modules\express\lib\router\index.js:286:9
    at Function.process_params (E:\Random\MediVault_\MEDIVAULT\backend\node_modules\express\lib\router\index.js:346:12)
    at next (E:\Random\MediVault_\MEDIVAULT\backend\node_modules\express\lib\router\index.js:280:10)
    at auditMiddleware (E:\Random\MediVault_\MEDIVAULT\backend\middleware\auditMiddleware.js:66:12)
    at Layer.handle [as handle_request] (E:\Random\MediVault_\MEDIVAULT\backend\node_modules\express\lib\router\layer.js:95:5)
    at trim_prefix (E:\Random\MediVault_\MEDIVAULT\backend\node_modules\express\lib\router\index.js:328:13)
    at E:\Random\MediVault_\MEDIVAULT\backend\node_modules\express\lib\router\index.js:286:9
    at Function.process_params (E:\Random\MediVault_\MEDIVAULT\backend\node_modules\express\lib\router\index.js:346:12)
    at next (E:\Random\MediVault_\MEDIVAULT\backend\node_modules\express\lib\router\index.js:280:10)
    at E:\Random\MediVault_\MEDIVAULT\backend\server.js:51:3
    at Layer.handle [as handle_request] (E:\Random\MediVault_\MEDIVAULT\backend\node_modules\express\lib\router\layer.js:95:5)
    at trim_prefix (E:\Random\MediVault_\MEDIVAULT\backend\node_modules\express\lib\router\index.js:328:13)
    at E:\Random\MediVault_\MEDIVAULT\backend\node_modules\express\lib\router\index.js:286:9
2026-03-06 18:43:46 [ERROR]: Error: Route not found: GET /api/patient/dashboard-summary
    at E:\Random\MediVault_\MEDIVAULT\backend\server.js:137:17
    at Layer.handle [as handle_request] (E:\Random\MediVault_\MEDIVAULT\backend\node_modules\express\lib\router\layer.js:95:5)
    at trim_prefix (E:\Random\MediVault_\MEDIVAULT\backend\node_modules\express\lib\router\index.js:328:13)
    at E:\Random\MediVault_\MEDIVAULT\backend\node_modules\express\lib\router\index.js:286:9
    at Function.process_params (E:\Random\MediVault_\MEDIVAULT\backend\node_modules\express\lib\router\index.js:346:12)
    at next (E:\Random\MediVault_\MEDIVAULT\backend\node_modules\express\lib\router\index.js:280:10)
    at auditMiddleware (E:\Random\MediVault_\MEDIVAULT\backend\middleware\auditMiddleware.js:66:12)
    at Layer.handle [as handle_request] (E:\Random\MediVault_\MEDIVAULT\backend\node_modules\express\lib\router\layer.js:95:5)
    at trim_prefix (E:\Random\MediVault_\MEDIVAULT\backend\node_modules\express\lib\router\index.js:328:13)
    at E:\Random\MediVault_\MEDIVAULT\backend\node_modules\express\lib\router\index.js:286:9
    at Function.process_params (E:\Random\MediVault_\MEDIVAULT\backend\node_modules\express\lib\router\index.js:346:12)
    at next (E:\Random\MediVault_\MEDIVAULT\backend\node_modules\express\lib\router\index.js:280:10)
    at E:\Random\MediVault_\MEDIVAULT\backend\server.js:51:3
    at Layer.handle [as handle_request] (E:\Random\MediVault_\MEDIVAULT\backend\node_modules\express\lib\router\layer.js:95:5)
    at trim_prefix (E:\Random\MediVault_\MEDIVAULT\backend\node_modules\express\lib\router\index.js:328:13)
    at E:\Random\MediVault_\MEDIVAULT\backend\node_modules\express\lib\router\index.js:286:9
2026-03-06 18:48:03 [ERROR]: Error: Route not found: GET /api/patient/dashboard-summary
    at E:\Random\MediVault_\MEDIVAULT\backend\server.js:137:17
    at Layer.handle [as handle_request] (E:\Random\MediVault_\MEDIVAULT\backend\node_modules\express\lib\router\layer.js:95:5)
    at trim_prefix (E:\Random\MediVault_\MEDIVAULT\backend\node_modules\express\lib\router\index.js:328:13)
    at E:\Random\MediVault_\MEDIVAULT\backend\node_modules\express\lib\router\index.js:286:9
    at Function.process_params (E:\Random\MediVault_\MEDIVAULT\backend\node_modules\express\lib\router\index.js:346:12)
    at next (E:\Random\MediVault_\MEDIVAULT\backend\node_modules\express\lib\router\index.js:280:10)
    at auditMiddleware (E:\Random\MediVault_\MEDIVAULT\backend\middleware\auditMiddleware.js:66:12)
    at Layer.handle [as handle_request] (E:\Random\MediVault_\MEDIVAULT\backend\node_modules\express\lib\router\layer.js:95:5)
    at trim_prefix (E:\Random\MediVault_\MEDIVAULT\backend\node_modules\express\lib\router\index.js:328:13)
    at E:\Random\MediVault_\MEDIVAULT\backend\node_modules\express\lib\router\index.js:286:9
    at Function.process_params (E:\Random\MediVault_\MEDIVAULT\backend\node_modules\express\lib\router\index.js:346:12)
    at next (E:\Random\MediVault_\MEDIVAULT\backend\node_modules\express\lib\router\index.js:280:10)
    at E:\Random\MediVault_\MEDIVAULT\backend\server.js:51:3
    at Layer.handle [as handle_request] (E:\Random\MediVault_\MEDIVAULT\backend\node_modules\express\lib\router\layer.js:95:5)
    at trim_prefix (E:\Random\MediVault_\MEDIVAULT\backend\node_modules\express\lib\router\index.js:328:13)
    at E:\Random\MediVault_\MEDIVAULT\backend\node_modules\express\lib\router\index.js:286:9
2026-03-06 18:48:03 [ERROR]: Error: Route not found: GET /api/patient/dashboard-summary
    at E:\Random\MediVault_\MEDIVAULT\backend\server.js:137:17
    at Layer.handle [as handle_request] (E:\Random\MediVault_\MEDIVAULT\backend\node_modules\express\lib\router\layer.js:95:5)
    at trim_prefix (E:\Random\MediVault_\MEDIVAULT\backend\node_modules\express\lib\router\index.js:328:13)
    at E:\Random\MediVault_\MEDIVAULT\backend\node_modules\express\lib\router\index.js:286:9
    at Function.process_params (E:\Random\MediVault_\MEDIVAULT\backend\node_modules\express\lib\router\index.js:346:12)
    at next (E:\Random\MediVault_\MEDIVAULT\backend\node_modules\express\lib\router\index.js:280:10)
    at auditMiddleware (E:\Random\MediVault_\MEDIVAULT\backend\middleware\auditMiddleware.js:66:12)
    at Layer.handle [as handle_request] (E:\Random\MediVault_\MEDIVAULT\backend\node_modules\express\lib\router\layer.js:95:5)
    at trim_prefix (E:\Random\MediVault_\MEDIVAULT\backend\node_modules\express\lib\router\index.js:328:13)
    at E:\Random\MediVault_\MEDIVAULT\backend\node_modules\express\lib\router\index.js:286:9
    at Function.process_params (E:\Random\MediVault_\MEDIVAULT\backend\node_modules\express\lib\router\index.js:346:12)
    at next (E:\Random\MediVault_\MEDIVAULT\backend\node_modules\express\lib\router\index.js:280:10)
    at E:\Random\MediVault_\MEDIVAULT\backend\server.js:51:3
    at Layer.handle [as handle_request] (E:\Random\MediVault_\MEDIVAULT\backend\node_modules\express\lib\router\layer.js:95:5)
    at trim_prefix (E:\Random\MediVault_\MEDIVAULT\backend\node_modules\express\lib\router\index.js:328:13)
    at E:\Random\MediVault_\MEDIVAULT\backend\node_modules\express\lib\router\index.js:286:9
2026-03-06 18:48:05 [ERROR]: Error: Route not found: GET /api/patient/dashboard-summary
    at E:\Random\MediVault_\MEDIVAULT\backend\server.js:137:17
    at Layer.handle [as handle_request] (E:\Random\MediVault_\MEDIVAULT\backend\node_modules\express\lib\router\layer.js:95:5)
    at trim_prefix (E:\Random\MediVault_\MEDIVAULT\backend\node_modules\express\lib\router\index.js:328:13)
    at E:\Random\MediVault_\MEDIVAULT\backend\node_modules\express\lib\router\index.js:286:9
    at Function.process_params (E:\Random\MediVault_\MEDIVAULT\backend\node_modules\express\lib\router\index.js:346:12)
    at next (E:\Random\MediVault_\MEDIVAULT\backend\node_modules\express\lib\router\index.js:280:10)
    at auditMiddleware (E:\Random\MediVault_\MEDIVAULT\backend\middleware\auditMiddleware.js:66:12)
    at Layer.handle [as handle_request] (E:\Random\MediVault_\MEDIVAULT\backend\node_modules\express\lib\router\layer.js:95:5)
    at trim_prefix (E:\Random\MediVault_\MEDIVAULT\backend\node_modules\express\lib\router\index.js:328:13)
    at E:\Random\MediVault_\MEDIVAULT\backend\node_modules\express\lib\router\index.js:286:9
    at Function.process_params (E:\Random\MediVault_\MEDIVAULT\backend\node_modules\express\lib\router\index.js:346:12)
    at next (E:\Random\MediVault_\MEDIVAULT\backend\node_modules\express\lib\router\index.js:280:10)
    at E:\Random\MediVault_\MEDIVAULT\backend\server.js:51:3
    at Layer.handle [as handle_request] (E:\Random\MediVault_\MEDIVAULT\backend\node_modules\express\lib\router\layer.js:95:5)
    at trim_prefix (E:\Random\MediVault_\MEDIVAULT\backend\node_modules\express\lib\router\index.js:328:13)
    at E:\Random\MediVault_\MEDIVAULT\backend\node_modules\express\lib\router\index.js:286:9
2026-03-06 18:48:08 [ERROR]: Error: Route not found: GET /api/patient/dashboard-summary
    at E:\Random\MediVault_\MEDIVAULT\backend\server.js:137:17
    at Layer.handle [as handle_request] (E:\Random\MediVault_\MEDIVAULT\backend\node_modules\express\lib\router\layer.js:95:5)
    at trim_prefix (E:\Random\MediVault_\MEDIVAULT\backend\node_modules\express\lib\router\index.js:328:13)
    at E:\Random\MediVault_\MEDIVAULT\backend\node_modules\express\lib\router\index.js:286:9
    at Function.process_params (E:\Random\MediVault_\MEDIVAULT\backend\node_modules\express\lib\router\index.js:346:12)
    at next (E:\Random\MediVault_\MEDIVAULT\backend\node_modules\express\lib\router\index.js:280:10)
    at auditMiddleware (E:\Random\MediVault_\MEDIVAULT\backend\middleware\auditMiddleware.js:66:12)
    at Layer.handle [as handle_request] (E:\Random\MediVault_\MEDIVAULT\backend\node_modules\express\lib\router\layer.js:95:5)
    at trim_prefix (E:\Random\MediVault_\MEDIVAULT\backend\node_modules\express\lib\router\index.js:328:13)
    at E:\Random\MediVault_\MEDIVAULT\backend\node_modules\express\lib\router\index.js:286:9
    at Function.process_params (E:\Random\MediVault_\MEDIVAULT\backend\node_modules\express\lib\router\index.js:346:12)
    at next (E:\Random\MediVault_\MEDIVAULT\backend\node_modules\express\lib\router\index.js:280:10)
    at E:\Random\MediVault_\MEDIVAULT\backend\server.js:51:3
    at Layer.handle [as handle_request] (E:\Random\MediVault_\MEDIVAULT\backend\node_modules\express\lib\router\layer.js:95:5)
    at trim_prefix (E:\Random\MediVault_\MEDIVAULT\backend\node_modules\express\lib\router\index.js:328:13)
    at E:\Random\MediVault_\MEDIVAULT\backend\node_modules\express\lib\router\index.js:286:9
2026-03-06 18:48:08 [ERROR]: Error: Route not found: GET /api/patient/dashboard-summary
    at E:\Random\MediVault_\MEDIVAULT\backend\server.js:137:17
    at Layer.handle [as handle_request] (E:\Random\MediVault_\MEDIVAULT\backend\node_modules\express\lib\router\layer.js:95:5)
    at trim_prefix (E:\Random\MediVault_\MEDIVAULT\backend\node_modules\express\lib\router\index.js:328:13)
    at E:\Random\MediVault_\MEDIVAULT\backend\node_modules\express\lib\router\index.js:286:9
    at Function.process_params (E:\Random\MediVault_\MEDIVAULT\backend\node_modules\express\lib\router\index.js:346:12)
    at next (E:\Random\MediVault_\MEDIVAULT\backend\node_modules\express\lib\router\index.js:280:10)
    at auditMiddleware (E:\Random\MediVault_\MEDIVAULT\backend\middleware\auditMiddleware.js:66:12)
    at Layer.handle [as handle_request] (E:\Random\MediVault_\MEDIVAULT\backend\node_modules\express\lib\router\layer.js:95:5)
    at trim_prefix (E:\Random\MediVault_\MEDIVAULT\backend\node_modules\express\lib\router\index.js:328:13)
    at E:\Random\MediVault_\MEDIVAULT\backend\node_modules\express\lib\router\index.js:286:9
    at Function.process_params (E:\Random\MediVault_\MEDIVAULT\backend\node_modules\express\lib\router\index.js:346:12)
    at next (E:\Random\MediVault_\MEDIVAULT\backend\node_modules\express\lib\router\index.js:280:10)
    at E:\Random\MediVault_\MEDIVAULT\backend\server.js:51:3
    at Layer.handle [as handle_request] (E:\Random\MediVault_\MEDIVAULT\backend\node_modules\express\lib\router\layer.js:95:5)
    at trim_prefix (E:\Random\MediVault_\MEDIVAULT\backend\node_modules\express\lib\router\index.js:328:13)
    at E:\Random\MediVault_\MEDIVAULT\backend\node_modules\express\lib\router\index.js:286:9
2026-03-06 18:48:11 [ERROR]: Error: Route not found: GET /api/patient/dashboard-summary
    at E:\Random\MediVault_\MEDIVAULT\backend\server.js:137:17
    at Layer.handle [as handle_request] (E:\Random\MediVault_\MEDIVAULT\backend\node_modules\express\lib\router\layer.js:95:5)
    at trim_prefix (E:\Random\MediVault_\MEDIVAULT\backend\node_modules\express\lib\router\index.js:328:13)
    at E:\Random\MediVault_\MEDIVAULT\backend\node_modules\express\lib\router\index.js:286:9
    at Function.process_params (E:\Random\MediVault_\MEDIVAULT\backend\node_modules\express\lib\router\index.js:346:12)
    at next (E:\Random\MediVault_\MEDIVAULT\backend\node_modules\express\lib\router\index.js:280:10)
    at auditMiddleware (E:\Random\MediVault_\MEDIVAULT\backend\middleware\auditMiddleware.js:66:12)
    at Layer.handle [as handle_request] (E:\Random\MediVault_\MEDIVAULT\backend\node_modules\express\lib\router\layer.js:95:5)
    at trim_prefix (E:\Random\MediVault_\MEDIVAULT\backend\node_modules\express\lib\router\index.js:328:13)
    at E:\Random\MediVault_\MEDIVAULT\backend\node_modules\express\lib\router\index.js:286:9
    at Function.process_params (E:\Random\MediVault_\MEDIVAULT\backend\node_modules\express\lib\router\index.js:346:12)
    at next (E:\Random\MediVault_\MEDIVAULT\backend\node_modules\express\lib\router\index.js:280:10)
    at E:\Random\MediVault_\MEDIVAULT\backend\server.js:51:3
    at Layer.handle [as handle_request] (E:\Random\MediVault_\MEDIVAULT\backend\node_modules\express\lib\router\layer.js:95:5)
    at trim_prefix (E:\Random\MediVault_\MEDIVAULT\backend\node_modules\express\lib\router\index.js:328:13)
    at E:\Random\MediVault_\MEDIVAULT\backend\node_modules\express\lib\router\index.js:286:9
2026-03-06 18:48:11 [ERROR]: Error: Route not found: GET /api/patient/dashboard-summary
    at E:\Random\MediVault_\MEDIVAULT\backend\server.js:137:17
    at Layer.handle [as handle_request] (E:\Random\MediVault_\MEDIVAULT\backend\node_modules\express\lib\router\layer.js:95:5)
    at trim_prefix (E:\Random\MediVault_\MEDIVAULT\backend\node_modules\express\lib\router\index.js:328:13)
    at E:\Random\MediVault_\MEDIVAULT\backend\node_modules\express\lib\router\index.js:286:9
    at Function.process_params (E:\Random\MediVault_\MEDIVAULT\backend\node_modules\express\lib\router\index.js:346:12)
    at next (E:\Random\MediVault_\MEDIVAULT\backend\node_modules\express\lib\router\index.js:280:10)
    at auditMiddleware (E:\Random\MediVault_\MEDIVAULT\backend\middleware\auditMiddleware.js:66:12)
    at Layer.handle [as handle_request] (E:\Random\MediVault_\MEDIVAULT\backend\node_modules\express\lib\router\layer.js:95:5)
    at trim_prefix (E:\Random\MediVault_\MEDIVAULT\backend\node_modules\express\lib\router\index.js:328:13)
    at E:\Random\MediVault_\MEDIVAULT\backend\node_modules\express\lib\router\index.js:286:9
    at Function.process_params (E:\Random\MediVault_\MEDIVAULT\backend\node_modules\express\lib\router\index.js:346:12)
    at next (E:\Random\MediVault_\MEDIVAULT\backend\node_modules\express\lib\router\index.js:280:10)
    at E:\Random\MediVault_\MEDIVAULT\backend\server.js:51:3
    at Layer.handle [as handle_request] (E:\Random\MediVault_\MEDIVAULT\backend\node_modules\express\lib\router\layer.js:95:5)
    at trim_prefix (E:\Random\MediVault_\MEDIVAULT\backend\node_modules\express\lib\router\index.js:328:13)
    at E:\Random\MediVault_\MEDIVAULT\backend\node_modules\express\lib\router\index.js:286:9
2026-03-06 18:50:07 [ERROR]: Error: Route not found: GET /api/patient/dashboard-summary
    at E:\Random\MediVault_\MEDIVAULT\backend\server.js:137:17
    at Layer.handle [as handle_request] (E:\Random\MediVault_\MEDIVAULT\backend\node_modules\express\lib\router\layer.js:95:5)
    at trim_prefix (E:\Random\MediVault_\MEDIVAULT\backend\node_modules\express\lib\router\index.js:328:13)
    at E:\Random\MediVault_\MEDIVAULT\backend\node_modules\express\lib\router\index.js:286:9
    at Function.process_params (E:\Random\MediVault_\MEDIVAULT\backend\node_modules\express\lib\router\index.js:346:12)
    at next (E:\Random\MediVault_\MEDIVAULT\backend\node_modules\express\lib\router\index.js:280:10)
    at auditMiddleware (E:\Random\MediVault_\MEDIVAULT\backend\middleware\auditMiddleware.js:66:12)
    at Layer.handle [as handle_request] (E:\Random\MediVault_\MEDIVAULT\backend\node_modules\express\lib\router\layer.js:95:5)
    at trim_prefix (E:\Random\MediVault_\MEDIVAULT\backend\node_modules\express\lib\router\index.js:328:13)
    at E:\Random\MediVault_\MEDIVAULT\backend\node_modules\express\lib\router\index.js:286:9
    at Function.process_params (E:\Random\MediVault_\MEDIVAULT\backend\node_modules\express\lib\router\index.js:346:12)
    at next (E:\Random\MediVault_\MEDIVAULT\backend\node_modules\express\lib\router\index.js:280:10)
    at E:\Random\MediVault_\MEDIVAULT\backend\server.js:51:3
    at Layer.handle [as handle_request] (E:\Random\MediVault_\MEDIVAULT\backend\node_modules\express\lib\router\layer.js:95:5)
    at trim_prefix (E:\Random\MediVault_\MEDIVAULT\backend\node_modules\express\lib\router\index.js:328:13)
    at E:\Random\MediVault_\MEDIVAULT\backend\node_modules\express\lib\router\index.js:286:9
2026-03-06 18:50:30 [ERROR]: Error: Route not found: GET /api/patient/dashboard-summary
    at E:\Random\MediVault_\MEDIVAULT\backend\server.js:137:17
    at Layer.handle [as handle_request] (E:\Random\MediVault_\MEDIVAULT\backend\node_modules\express\lib\router\layer.js:95:5)
    at trim_prefix (E:\Random\MediVault_\MEDIVAULT\backend\node_modules\express\lib\router\index.js:328:13)
    at E:\Random\MediVault_\MEDIVAULT\backend\node_modules\express\lib\router\index.js:286:9
    at Function.process_params (E:\Random\MediVault_\MEDIVAULT\backend\node_modules\express\lib\router\index.js:346:12)
    at next (E:\Random\MediVault_\MEDIVAULT\backend\node_modules\express\lib\router\index.js:280:10)
    at auditMiddleware (E:\Random\MediVault_\MEDIVAULT\backend\middleware\auditMiddleware.js:66:12)
    at Layer.handle [as handle_request] (E:\Random\MediVault_\MEDIVAULT\backend\node_modules\express\lib\router\layer.js:95:5)
    at trim_prefix (E:\Random\MediVault_\MEDIVAULT\backend\node_modules\express\lib\router\index.js:328:13)
    at E:\Random\MediVault_\MEDIVAULT\backend\node_modules\express\lib\router\index.js:286:9
    at Function.process_params (E:\Random\MediVault_\MEDIVAULT\backend\node_modules\express\lib\router\index.js:346:12)
    at next (E:\Random\MediVault_\MEDIVAULT\backend\node_modules\express\lib\router\index.js:280:10)
    at E:\Random\MediVault_\MEDIVAULT\backend\server.js:51:3
    at Layer.handle [as handle_request] (E:\Random\MediVault_\MEDIVAULT\backend\node_modules\express\lib\router\layer.js:95:5)
    at trim_prefix (E:\Random\MediVault_\MEDIVAULT\backend\node_modules\express\lib\router\index.js:328:13)
    at E:\Random\MediVault_\MEDIVAULT\backend\node_modules\express\lib\router\index.js:286:9
2026-03-06 18:50:31 [ERROR]: Error: Route not found: GET /api/patient/dashboard-summary
    at E:\Random\MediVault_\MEDIVAULT\backend\server.js:137:17
    at Layer.handle [as handle_request] (E:\Random\MediVault_\MEDIVAULT\backend\node_modules\express\lib\router\layer.js:95:5)
    at trim_prefix (E:\Random\MediVault_\MEDIVAULT\backend\node_modules\express\lib\router\index.js:328:13)
    at E:\Random\MediVault_\MEDIVAULT\backend\node_modules\express\lib\router\index.js:286:9
    at Function.process_params (E:\Random\MediVault_\MEDIVAULT\backend\node_modules\express\lib\router\index.js:346:12)
    at next (E:\Random\MediVault_\MEDIVAULT\backend\node_modules\express\lib\router\index.js:280:10)
    at auditMiddleware (E:\Random\MediVault_\MEDIVAULT\backend\middleware\auditMiddleware.js:66:12)
    at Layer.handle [as handle_request] (E:\Random\MediVault_\MEDIVAULT\backend\node_modules\express\lib\router\layer.js:95:5)
    at trim_prefix (E:\Random\MediVault_\MEDIVAULT\backend\node_modules\express\lib\router\index.js:328:13)
    at E:\Random\MediVault_\MEDIVAULT\backend\node_modules\express\lib\router\index.js:286:9
    at Function.process_params (E:\Random\MediVault_\MEDIVAULT\backend\node_modules\express\lib\router\index.js:346:12)
    at next (E:\Random\MediVault_\MEDIVAULT\backend\node_modules\express\lib\router\index.js:280:10)
    at E:\Random\MediVault_\MEDIVAULT\backend\server.js:51:3
    at Layer.handle [as handle_request] (E:\Random\MediVault_\MEDIVAULT\backend\node_modules\express\lib\router\layer.js:95:5)
    at trim_prefix (E:\Random\MediVault_\MEDIVAULT\backend\node_modules\express\lib\router\index.js:328:13)
    at E:\Random\MediVault_\MEDIVAULT\backend\node_modules\express\lib\router\index.js:286:9
2026-03-06 18:50:31 [ERROR]: Error: Route not found: GET /api/patient/dashboard-summary
    at E:\Random\MediVault_\MEDIVAULT\backend\server.js:137:17
    at Layer.handle [as handle_request] (E:\Random\MediVault_\MEDIVAULT\backend\node_modules\express\lib\router\layer.js:95:5)
    at trim_prefix (E:\Random\MediVault_\MEDIVAULT\backend\node_modules\express\lib\router\index.js:328:13)
    at E:\Random\MediVault_\MEDIVAULT\backend\node_modules\express\lib\router\index.js:286:9
    at Function.process_params (E:\Random\MediVault_\MEDIVAULT\backend\node_modules\express\lib\router\index.js:346:12)
    at next (E:\Random\MediVault_\MEDIVAULT\backend\node_modules\express\lib\router\index.js:280:10)
    at auditMiddleware (E:\Random\MediVault_\MEDIVAULT\backend\middleware\auditMiddleware.js:66:12)
    at Layer.handle [as handle_request] (E:\Random\MediVault_\MEDIVAULT\backend\node_modules\express\lib\router\layer.js:95:5)
    at trim_prefix (E:\Random\MediVault_\MEDIVAULT\backend\node_modules\express\lib\router\index.js:328:13)
    at E:\Random\MediVault_\MEDIVAULT\backend\node_modules\express\lib\router\index.js:286:9
    at Function.process_params (E:\Random\MediVault_\MEDIVAULT\backend\node_modules\express\lib\router\index.js:346:12)
    at next (E:\Random\MediVault_\MEDIVAULT\backend\node_modules\express\lib\router\index.js:280:10)
    at E:\Random\MediVault_\MEDIVAULT\backend\server.js:51:3
    at Layer.handle [as handle_request] (E:\Random\MediVault_\MEDIVAULT\backend\node_modules\express\lib\router\layer.js:95:5)
    at trim_prefix (E:\Random\MediVault_\MEDIVAULT\backend\node_modules\express\lib\router\index.js:328:13)
    at E:\Random\MediVault_\MEDIVAULT\backend\node_modules\express\lib\router\index.js:286:9
2026-03-06 18:50:32 [ERROR]: Error: Route not found: GET /api/patient/dashboard-summary
    at E:\Random\MediVault_\MEDIVAULT\backend\server.js:137:17
    at Layer.handle [as handle_request] (E:\Random\MediVault_\MEDIVAULT\backend\node_modules\express\lib\router\layer.js:95:5)
    at trim_prefix (E:\Random\MediVault_\MEDIVAULT\backend\node_modules\express\lib\router\index.js:328:13)
    at E:\Random\MediVault_\MEDIVAULT\backend\node_modules\express\lib\router\index.js:286:9
    at Function.process_params (E:\Random\MediVault_\MEDIVAULT\backend\node_modules\express\lib\router\index.js:346:12)
    at next (E:\Random\MediVault_\MEDIVAULT\backend\node_modules\express\lib\router\index.js:280:10)
    at auditMiddleware (E:\Random\MediVault_\MEDIVAULT\backend\middleware\auditMiddleware.js:66:12)
    at Layer.handle [as handle_request] (E:\Random\MediVault_\MEDIVAULT\backend\node_modules\express\lib\router\layer.js:95:5)
    at trim_prefix (E:\Random\MediVault_\MEDIVAULT\backend\node_modules\express\lib\router\index.js:328:13)
    at E:\Random\MediVault_\MEDIVAULT\backend\node_modules\express\lib\router\index.js:286:9
    at Function.process_params (E:\Random\MediVault_\MEDIVAULT\backend\node_modules\express\lib\router\index.js:346:12)
    at next (E:\Random\MediVault_\MEDIVAULT\backend\node_modules\express\lib\router\index.js:280:10)
    at E:\Random\MediVault_\MEDIVAULT\backend\server.js:51:3
    at Layer.handle [as handle_request] (E:\Random\MediVault_\MEDIVAULT\backend\node_modules\express\lib\router\layer.js:95:5)
    at trim_prefix (E:\Random\MediVault_\MEDIVAULT\backend\node_modules\express\lib\router\index.js:328:13)
    at E:\Random\MediVault_\MEDIVAULT\backend\node_modules\express\lib\router\index.js:286:9
2026-03-06 18:50:33 [ERROR]: Error: Route not found: GET /api/patient/dashboard-summary
    at E:\Random\MediVault_\MEDIVAULT\backend\server.js:137:17
    at Layer.handle [as handle_request] (E:\Random\MediVault_\MEDIVAULT\backend\node_modules\express\lib\router\layer.js:95:5)
    at trim_prefix (E:\Random\MediVault_\MEDIVAULT\backend\node_modules\express\lib\router\index.js:328:13)
    at E:\Random\MediVault_\MEDIVAULT\backend\node_modules\express\lib\router\index.js:286:9
    at Function.process_params (E:\Random\MediVault_\MEDIVAULT\backend\node_modules\express\lib\router\index.js:346:12)
    at next (E:\Random\MediVault_\MEDIVAULT\backend\node_modules\express\lib\router\index.js:280:10)
    at auditMiddleware (E:\Random\MediVault_\MEDIVAULT\backend\middleware\auditMiddleware.js:66:12)
    at Layer.handle [as handle_request] (E:\Random\MediVault_\MEDIVAULT\backend\node_modules\express\lib\router\layer.js:95:5)
    at trim_prefix (E:\Random\MediVault_\MEDIVAULT\backend\node_modules\express\lib\router\index.js:328:13)
    at E:\Random\MediVault_\MEDIVAULT\backend\node_modules\express\lib\router\index.js:286:9
    at Function.process_params (E:\Random\MediVault_\MEDIVAULT\backend\node_modules\express\lib\router\index.js:346:12)
    at next (E:\Random\MediVault_\MEDIVAULT\backend\node_modules\express\lib\router\index.js:280:10)
    at E:\Random\MediVault_\MEDIVAULT\backend\server.js:51:3
    at Layer.handle [as handle_request] (E:\Random\MediVault_\MEDIVAULT\backend\node_modules\express\lib\router\layer.js:95:5)
    at trim_prefix (E:\Random\MediVault_\MEDIVAULT\backend\node_modules\express\lib\router\index.js:328:13)
    at E:\Random\MediVault_\MEDIVAULT\backend\node_modules\express\lib\router\index.js:286:9
2026-03-06 18:50:34 [ERROR]: Error: Route not found: GET /api/patient/dashboard-summary
    at E:\Random\MediVault_\MEDIVAULT\backend\server.js:137:17
    at Layer.handle [as handle_request] (E:\Random\MediVault_\MEDIVAULT\backend\node_modules\express\lib\router\layer.js:95:5)
    at trim_prefix (E:\Random\MediVault_\MEDIVAULT\backend\node_modules\express\lib\router\index.js:328:13)
    at E:\Random\MediVault_\MEDIVAULT\backend\node_modules\express\lib\router\index.js:286:9
    at Function.process_params (E:\Random\MediVault_\MEDIVAULT\backend\node_modules\express\lib\router\index.js:346:12)
    at next (E:\Random\MediVault_\MEDIVAULT\backend\node_modules\express\lib\router\index.js:280:10)
    at auditMiddleware (E:\Random\MediVault_\MEDIVAULT\backend\middleware\auditMiddleware.js:66:12)
    at Layer.handle [as handle_request] (E:\Random\MediVault_\MEDIVAULT\backend\node_modules\express\lib\router\layer.js:95:5)
    at trim_prefix (E:\Random\MediVault_\MEDIVAULT\backend\node_modules\express\lib\router\index.js:328:13)
    at E:\Random\MediVault_\MEDIVAULT\backend\node_modules\express\lib\router\index.js:286:9
    at Function.process_params (E:\Random\MediVault_\MEDIVAULT\backend\node_modules\express\lib\router\index.js:346:12)
    at next (E:\Random\MediVault_\MEDIVAULT\backend\node_modules\express\lib\router\index.js:280:10)
    at E:\Random\MediVault_\MEDIVAULT\backend\server.js:51:3
    at Layer.handle [as handle_request] (E:\Random\MediVault_\MEDIVAULT\backend\node_modules\express\lib\router\layer.js:95:5)
    at trim_prefix (E:\Random\MediVault_\MEDIVAULT\backend\node_modules\express\lib\router\index.js:328:13)
    at E:\Random\MediVault_\MEDIVAULT\backend\node_modules\express\lib\router\index.js:286:9
2026-03-06 18:50:35 [ERROR]: Error: Route not found: GET /api/patient/dashboard-summary
    at E:\Random\MediVault_\MEDIVAULT\backend\server.js:137:17
    at Layer.handle [as handle_request] (E:\Random\MediVault_\MEDIVAULT\backend\node_modules\express\lib\router\layer.js:95:5)
    at trim_prefix (E:\Random\MediVault_\MEDIVAULT\backend\node_modules\express\lib\router\index.js:328:13)
    at E:\Random\MediVault_\MEDIVAULT\backend\node_modules\express\lib\router\index.js:286:9
    at Function.process_params (E:\Random\MediVault_\MEDIVAULT\backend\node_modules\express\lib\router\index.js:346:12)
    at next (E:\Random\MediVault_\MEDIVAULT\backend\node_modules\express\lib\router\index.js:280:10)
    at auditMiddleware (E:\Random\MediVault_\MEDIVAULT\backend\middleware\auditMiddleware.js:66:12)
    at Layer.handle [as handle_request] (E:\Random\MediVault_\MEDIVAULT\backend\node_modules\express\lib\router\layer.js:95:5)
    at trim_prefix (E:\Random\MediVault_\MEDIVAULT\backend\node_modules\express\lib\router\index.js:328:13)
    at E:\Random\MediVault_\MEDIVAULT\backend\node_modules\express\lib\router\index.js:286:9
    at Function.process_params (E:\Random\MediVault_\MEDIVAULT\backend\node_modules\express\lib\router\index.js:346:12)
    at next (E:\Random\MediVault_\MEDIVAULT\backend\node_modules\express\lib\router\index.js:280:10)
    at E:\Random\MediVault_\MEDIVAULT\backend\server.js:51:3
    at Layer.handle [as handle_request] (E:\Random\MediVault_\MEDIVAULT\backend\node_modules\express\lib\router\layer.js:95:5)
    at trim_prefix (E:\Random\MediVault_\MEDIVAULT\backend\node_modules\express\lib\router\index.js:328:13)
    at E:\Random\MediVault_\MEDIVAULT\backend\node_modules\express\lib\router\index.js:286:9
2026-03-06 18:50:37 [ERROR]: Error: Route not found: GET /api/patient/dashboard-summary
    at E:\Random\MediVault_\MEDIVAULT\backend\server.js:137:17
    at Layer.handle [as handle_request] (E:\Random\MediVault_\MEDIVAULT\backend\node_modules\express\lib\router\layer.js:95:5)
    at trim_prefix (E:\Random\MediVault_\MEDIVAULT\backend\node_modules\express\lib\router\index.js:328:13)
    at E:\Random\MediVault_\MEDIVAULT\backend\node_modules\express\lib\router\index.js:286:9
    at Function.process_params (E:\Random\MediVault_\MEDIVAULT\backend\node_modules\express\lib\router\index.js:346:12)
    at next (E:\Random\MediVault_\MEDIVAULT\backend\node_modules\express\lib\router\index.js:280:10)
    at auditMiddleware (E:\Random\MediVault_\MEDIVAULT\backend\middleware\auditMiddleware.js:66:12)
    at Layer.handle [as handle_request] (E:\Random\MediVault_\MEDIVAULT\backend\node_modules\express\lib\router\layer.js:95:5)
    at trim_prefix (E:\Random\MediVault_\MEDIVAULT\backend\node_modules\express\lib\router\index.js:328:13)
    at E:\Random\MediVault_\MEDIVAULT\backend\node_modules\express\lib\router\index.js:286:9
    at Function.process_params (E:\Random\MediVault_\MEDIVAULT\backend\node_modules\express\lib\router\index.js:346:12)
    at next (E:\Random\MediVault_\MEDIVAULT\backend\node_modules\express\lib\router\index.js:280:10)
    at E:\Random\MediVault_\MEDIVAULT\backend\server.js:51:3
    at Layer.handle [as handle_request] (E:\Random\MediVault_\MEDIVAULT\backend\node_modules\express\lib\router\layer.js:95:5)
    at trim_prefix (E:\Random\MediVault_\MEDIVAULT\backend\node_modules\express\lib\router\index.js:328:13)
    at E:\Random\MediVault_\MEDIVAULT\backend\node_modules\express\lib\router\index.js:286:9
2026-03-06 18:50:37 [ERROR]: Error: Route not found: GET /api/patient/dashboard-summary
    at E:\Random\MediVault_\MEDIVAULT\backend\server.js:137:17
    at Layer.handle [as handle_request] (E:\Random\MediVault_\MEDIVAULT\backend\node_modules\express\lib\router\layer.js:95:5)
    at trim_prefix (E:\Random\MediVault_\MEDIVAULT\backend\node_modules\express\lib\router\index.js:328:13)
    at E:\Random\MediVault_\MEDIVAULT\backend\node_modules\express\lib\router\index.js:286:9
    at Function.process_params (E:\Random\MediVault_\MEDIVAULT\backend\node_modules\express\lib\router\index.js:346:12)
    at next (E:\Random\MediVault_\MEDIVAULT\backend\node_modules\express\lib\router\index.js:280:10)
    at auditMiddleware (E:\Random\MediVault_\MEDIVAULT\backend\middleware\auditMiddleware.js:66:12)
    at Layer.handle [as handle_request] (E:\Random\MediVault_\MEDIVAULT\backend\node_modules\express\lib\router\layer.js:95:5)
    at trim_prefix (E:\Random\MediVault_\MEDIVAULT\backend\node_modules\express\lib\router\index.js:328:13)
    at E:\Random\MediVault_\MEDIVAULT\backend\node_modules\express\lib\router\index.js:286:9
    at Function.process_params (E:\Random\MediVault_\MEDIVAULT\backend\node_modules\express\lib\router\index.js:346:12)
    at next (E:\Random\MediVault_\MEDIVAULT\backend\node_modules\express\lib\router\index.js:280:10)
    at E:\Random\MediVault_\MEDIVAULT\backend\server.js:51:3
    at Layer.handle [as handle_request] (E:\Random\MediVault_\MEDIVAULT\backend\node_modules\express\lib\router\layer.js:95:5)
    at trim_prefix (E:\Random\MediVault_\MEDIVAULT\backend\node_modules\express\lib\router\index.js:328:13)
    at E:\Random\MediVault_\MEDIVAULT\backend\node_modules\express\lib\router\index.js:286:9
2026-03-06 18:50:38 [ERROR]: Error: Route not found: GET /api/patient/dashboard-summary
    at E:\Random\MediVault_\MEDIVAULT\backend\server.js:137:17
    at Layer.handle [as handle_request] (E:\Random\MediVault_\MEDIVAULT\backend\node_modules\express\lib\router\layer.js:95:5)
    at trim_prefix (E:\Random\MediVault_\MEDIVAULT\backend\node_modules\express\lib\router\index.js:328:13)
    at E:\Random\MediVault_\MEDIVAULT\backend\node_modules\express\lib\router\index.js:286:9
    at Function.process_params (E:\Random\MediVault_\MEDIVAULT\backend\node_modules\express\lib\router\index.js:346:12)
    at next (E:\Random\MediVault_\MEDIVAULT\backend\node_modules\express\lib\router\index.js:280:10)
    at auditMiddleware (E:\Random\MediVault_\MEDIVAULT\backend\middleware\auditMiddleware.js:66:12)
    at Layer.handle [as handle_request] (E:\Random\MediVault_\MEDIVAULT\backend\node_modules\express\lib\router\layer.js:95:5)
    at trim_prefix (E:\Random\MediVault_\MEDIVAULT\backend\node_modules\express\lib\router\index.js:328:13)
    at E:\Random\MediVault_\MEDIVAULT\backend\node_modules\express\lib\router\index.js:286:9
    at Function.process_params (E:\Random\MediVault_\MEDIVAULT\backend\node_modules\express\lib\router\index.js:346:12)
    at next (E:\Random\MediVault_\MEDIVAULT\backend\node_modules\express\lib\router\index.js:280:10)
    at E:\Random\MediVault_\MEDIVAULT\backend\server.js:51:3
    at Layer.handle [as handle_request] (E:\Random\MediVault_\MEDIVAULT\backend\node_modules\express\lib\router\layer.js:95:5)
    at trim_prefix (E:\Random\MediVault_\MEDIVAULT\backend\node_modules\express\lib\router\index.js:328:13)
    at E:\Random\MediVault_\MEDIVAULT\backend\node_modules\express\lib\router\index.js:286:9
2026-03-06 18:50:38 [ERROR]: Error: Route not found: GET /api/patient/dashboard-summary
    at E:\Random\MediVault_\MEDIVAULT\backend\server.js:137:17
    at Layer.handle [as handle_request] (E:\Random\MediVault_\MEDIVAULT\backend\node_modules\express\lib\router\layer.js:95:5)
    at trim_prefix (E:\Random\MediVault_\MEDIVAULT\backend\node_modules\express\lib\router\index.js:328:13)
    at E:\Random\MediVault_\MEDIVAULT\backend\node_modules\express\lib\router\index.js:286:9
    at Function.process_params (E:\Random\MediVault_\MEDIVAULT\backend\node_modules\express\lib\router\index.js:346:12)
    at next (E:\Random\MediVault_\MEDIVAULT\backend\node_modules\express\lib\router\index.js:280:10)
    at auditMiddleware (E:\Random\MediVault_\MEDIVAULT\backend\middleware\auditMiddleware.js:66:12)
    at Layer.handle [as handle_request] (E:\Random\MediVault_\MEDIVAULT\backend\node_modules\express\lib\router\layer.js:95:5)
    at trim_prefix (E:\Random\MediVault_\MEDIVAULT\backend\node_modules\express\lib\router\index.js:328:13)
    at E:\Random\MediVault_\MEDIVAULT\backend\node_modules\express\lib\router\index.js:286:9
    at Function.process_params (E:\Random\MediVault_\MEDIVAULT\backend\node_modules\express\lib\router\index.js:346:12)
    at next (E:\Random\MediVault_\MEDIVAULT\backend\node_modules\express\lib\router\index.js:280:10)
    at E:\Random\MediVault_\MEDIVAULT\backend\server.js:51:3
    at Layer.handle [as handle_request] (E:\Random\MediVault_\MEDIVAULT\backend\node_modules\express\lib\router\layer.js:95:5)
    at trim_prefix (E:\Random\MediVault_\MEDIVAULT\backend\node_modules\express\lib\router\index.js:328:13)
    at E:\Random\MediVault_\MEDIVAULT\backend\node_modules\express\lib\router\index.js:286:9
2026-03-06 18:50:38 [ERROR]: Error: Route not found: GET /api/patient/dashboard-summary
    at E:\Random\MediVault_\MEDIVAULT\backend\server.js:137:17
    at Layer.handle [as handle_request] (E:\Random\MediVault_\MEDIVAULT\backend\node_modules\express\lib\router\layer.js:95:5)
    at trim_prefix (E:\Random\MediVault_\MEDIVAULT\backend\node_modules\express\lib\router\index.js:328:13)
    at E:\Random\MediVault_\MEDIVAULT\backend\node_modules\express\lib\router\index.js:286:9
    at Function.process_params (E:\Random\MediVault_\MEDIVAULT\backend\node_modules\express\lib\router\index.js:346:12)
    at next (E:\Random\MediVault_\MEDIVAULT\backend\node_modules\express\lib\router\index.js:280:10)
    at auditMiddleware (E:\Random\MediVault_\MEDIVAULT\backend\middleware\auditMiddleware.js:66:12)
    at Layer.handle [as handle_request] (E:\Random\MediVault_\MEDIVAULT\backend\node_modules\express\lib\router\layer.js:95:5)
    at trim_prefix (E:\Random\MediVault_\MEDIVAULT\backend\node_modules\express\lib\router\index.js:328:13)
    at E:\Random\MediVault_\MEDIVAULT\backend\node_modules\express\lib\router\index.js:286:9
    at Function.process_params (E:\Random\MediVault_\MEDIVAULT\backend\node_modules\express\lib\router\index.js:346:12)
    at next (E:\Random\MediVault_\MEDIVAULT\backend\node_modules\express\lib\router\index.js:280:10)
    at E:\Random\MediVault_\MEDIVAULT\backend\server.js:51:3
    at Layer.handle [as handle_request] (E:\Random\MediVault_\MEDIVAULT\backend\node_modules\express\lib\router\layer.js:95:5)
    at trim_prefix (E:\Random\MediVault_\MEDIVAULT\backend\node_modules\express\lib\router\index.js:328:13)
    at E:\Random\MediVault_\MEDIVAULT\backend\node_modules\express\lib\router\index.js:286:9
2026-03-06 18:50:39 [ERROR]: Error: Route not found: GET /api/patient/dashboard-summary
    at E:\Random\MediVault_\MEDIVAULT\backend\server.js:137:17
    at Layer.handle [as handle_request] (E:\Random\MediVault_\MEDIVAULT\backend\node_modules\express\lib\router\layer.js:95:5)
    at trim_prefix (E:\Random\MediVault_\MEDIVAULT\backend\node_modules\express\lib\router\index.js:328:13)
    at E:\Random\MediVault_\MEDIVAULT\backend\node_modules\express\lib\router\index.js:286:9
    at Function.process_params (E:\Random\MediVault_\MEDIVAULT\backend\node_modules\express\lib\router\index.js:346:12)
    at next (E:\Random\MediVault_\MEDIVAULT\backend\node_modules\express\lib\router\index.js:280:10)
    at auditMiddleware (E:\Random\MediVault_\MEDIVAULT\backend\middleware\auditMiddleware.js:66:12)
    at Layer.handle [as handle_request] (E:\Random\MediVault_\MEDIVAULT\backend\node_modules\express\lib\router\layer.js:95:5)
    at trim_prefix (E:\Random\MediVault_\MEDIVAULT\backend\node_modules\express\lib\router\index.js:328:13)
    at E:\Random\MediVault_\MEDIVAULT\backend\node_modules\express\lib\router\index.js:286:9
    at Function.process_params (E:\Random\MediVault_\MEDIVAULT\backend\node_modules\express\lib\router\index.js:346:12)
    at next (E:\Random\MediVault_\MEDIVAULT\backend\node_modules\express\lib\router\index.js:280:10)
    at E:\Random\MediVault_\MEDIVAULT\backend\server.js:51:3
    at Layer.handle [as handle_request] (E:\Random\MediVault_\MEDIVAULT\backend\node_modules\express\lib\router\layer.js:95:5)
    at trim_prefix (E:\Random\MediVault_\MEDIVAULT\backend\node_modules\express\lib\router\index.js:328:13)
    at E:\Random\MediVault_\MEDIVAULT\backend\node_modules\express\lib\router\index.js:286:9
2026-03-06 18:50:39 [ERROR]: Error: Route not found: GET /api/patient/dashboard-summary
    at E:\Random\MediVault_\MEDIVAULT\backend\server.js:137:17
    at Layer.handle [as handle_request] (E:\Random\MediVault_\MEDIVAULT\backend\node_modules\express\lib\router\layer.js:95:5)
    at trim_prefix (E:\Random\MediVault_\MEDIVAULT\backend\node_modules\express\lib\router\index.js:328:13)
    at E:\Random\MediVault_\MEDIVAULT\backend\node_modules\express\lib\router\index.js:286:9
    at Function.process_params (E:\Random\MediVault_\MEDIVAULT\backend\node_modules\express\lib\router\index.js:346:12)
    at next (E:\Random\MediVault_\MEDIVAULT\backend\node_modules\express\lib\router\index.js:280:10)
    at auditMiddleware (E:\Random\MediVault_\MEDIVAULT\backend\middleware\auditMiddleware.js:66:12)
    at Layer.handle [as handle_request] (E:\Random\MediVault_\MEDIVAULT\backend\node_modules\express\lib\router\layer.js:95:5)
    at trim_prefix (E:\Random\MediVault_\MEDIVAULT\backend\node_modules\express\lib\router\index.js:328:13)
    at E:\Random\MediVault_\MEDIVAULT\backend\node_modules\express\lib\router\index.js:286:9
    at Function.process_params (E:\Random\MediVault_\MEDIVAULT\backend\node_modules\express\lib\router\index.js:346:12)
    at next (E:\Random\MediVault_\MEDIVAULT\backend\node_modules\express\lib\router\index.js:280:10)
    at E:\Random\MediVault_\MEDIVAULT\backend\server.js:51:3
    at Layer.handle [as handle_request] (E:\Random\MediVault_\MEDIVAULT\backend\node_modules\express\lib\router\layer.js:95:5)
    at trim_prefix (E:\Random\MediVault_\MEDIVAULT\backend\node_modules\express\lib\router\index.js:328:13)
    at E:\Random\MediVault_\MEDIVAULT\backend\node_modules\express\lib\router\index.js:286:9
2026-03-06 18:50:39 [ERROR]: Error: Route not found: GET /api/patient/dashboard-summary
    at E:\Random\MediVault_\MEDIVAULT\backend\server.js:137:17
    at Layer.handle [as handle_request] (E:\Random\MediVault_\MEDIVAULT\backend\node_modules\express\lib\router\layer.js:95:5)
    at trim_prefix (E:\Random\MediVault_\MEDIVAULT\backend\node_modules\express\lib\router\index.js:328:13)
    at E:\Random\MediVault_\MEDIVAULT\backend\node_modules\express\lib\router\index.js:286:9
    at Function.process_params (E:\Random\MediVault_\MEDIVAULT\backend\node_modules\express\lib\router\index.js:346:12)
    at next (E:\Random\MediVault_\MEDIVAULT\backend\node_modules\express\lib\router\index.js:280:10)
    at auditMiddleware (E:\Random\MediVault_\MEDIVAULT\backend\middleware\auditMiddleware.js:66:12)
    at Layer.handle [as handle_request] (E:\Random\MediVault_\MEDIVAULT\backend\node_modules\express\lib\router\layer.js:95:5)
    at trim_prefix (E:\Random\MediVault_\MEDIVAULT\backend\node_modules\express\lib\router\index.js:328:13)
    at E:\Random\MediVault_\MEDIVAULT\backend\node_modules\express\lib\router\index.js:286:9
    at Function.process_params (E:\Random\MediVault_\MEDIVAULT\backend\node_modules\express\lib\router\index.js:346:12)
    at next (E:\Random\MediVault_\MEDIVAULT\backend\node_modules\express\lib\router\index.js:280:10)
    at E:\Random\MediVault_\MEDIVAULT\backend\server.js:51:3
    at Layer.handle [as handle_request] (E:\Random\MediVault_\MEDIVAULT\backend\node_modules\express\lib\router\layer.js:95:5)
    at trim_prefix (E:\Random\MediVault_\MEDIVAULT\backend\node_modules\express\lib\router\index.js:328:13)
    at E:\Random\MediVault_\MEDIVAULT\backend\node_modules\express\lib\router\index.js:286:9
2026-03-06 18:50:42 [ERROR]: Error: Route not found: GET /api/patient/dashboard-summary
    at E:\Random\MediVault_\MEDIVAULT\backend\server.js:137:17
    at Layer.handle [as handle_request] (E:\Random\MediVault_\MEDIVAULT\backend\node_modules\express\lib\router\layer.js:95:5)
    at trim_prefix (E:\Random\MediVault_\MEDIVAULT\backend\node_modules\express\lib\router\index.js:328:13)
    at E:\Random\MediVault_\MEDIVAULT\backend\node_modules\express\lib\router\index.js:286:9
    at Function.process_params (E:\Random\MediVault_\MEDIVAULT\backend\node_modules\express\lib\router\index.js:346:12)
    at next (E:\Random\MediVault_\MEDIVAULT\backend\node_modules\express\lib\router\index.js:280:10)
    at auditMiddleware (E:\Random\MediVault_\MEDIVAULT\backend\middleware\auditMiddleware.js:66:12)
    at Layer.handle [as handle_request] (E:\Random\MediVault_\MEDIVAULT\backend\node_modules\express\lib\router\layer.js:95:5)
    at trim_prefix (E:\Random\MediVault_\MEDIVAULT\backend\node_modules\express\lib\router\index.js:328:13)
    at E:\Random\MediVault_\MEDIVAULT\backend\node_modules\express\lib\router\index.js:286:9
    at Function.process_params (E:\Random\MediVault_\MEDIVAULT\backend\node_modules\express\lib\router\index.js:346:12)
    at next (E:\Random\MediVault_\MEDIVAULT\backend\node_modules\express\lib\router\index.js:280:10)
    at E:\Random\MediVault_\MEDIVAULT\backend\server.js:51:3
    at Layer.handle [as handle_request] (E:\Random\MediVault_\MEDIVAULT\backend\node_modules\express\lib\router\layer.js:95:5)
    at trim_prefix (E:\Random\MediVault_\MEDIVAULT\backend\node_modules\express\lib\router\index.js:328:13)
    at E:\Random\MediVault_\MEDIVAULT\backend\node_modules\express\lib\router\index.js:286:9
2026-03-06 18:50:42 [ERROR]: Error: Route not found: GET /api/patient/dashboard-summary
    at E:\Random\MediVault_\MEDIVAULT\backend\server.js:137:17
    at Layer.handle [as handle_request] (E:\Random\MediVault_\MEDIVAULT\backend\node_modules\express\lib\router\layer.js:95:5)
    at trim_prefix (E:\Random\MediVault_\MEDIVAULT\backend\node_modules\express\lib\router\index.js:328:13)
    at E:\Random\MediVault_\MEDIVAULT\backend\node_modules\express\lib\router\index.js:286:9
    at Function.process_params (E:\Random\MediVault_\MEDIVAULT\backend\node_modules\express\lib\router\index.js:346:12)
    at next (E:\Random\MediVault_\MEDIVAULT\backend\node_modules\express\lib\router\index.js:280:10)
    at auditMiddleware (E:\Random\MediVault_\MEDIVAULT\backend\middleware\auditMiddleware.js:66:12)
    at Layer.handle [as handle_request] (E:\Random\MediVault_\MEDIVAULT\backend\node_modules\express\lib\router\layer.js:95:5)
    at trim_prefix (E:\Random\MediVault_\MEDIVAULT\backend\node_modules\express\lib\router\index.js:328:13)
    at E:\Random\MediVault_\MEDIVAULT\backend\node_modules\express\lib\router\index.js:286:9
    at Function.process_params (E:\Random\MediVault_\MEDIVAULT\backend\node_modules\express\lib\router\index.js:346:12)
    at next (E:\Random\MediVault_\MEDIVAULT\backend\node_modules\express\lib\router\index.js:280:10)
    at E:\Random\MediVault_\MEDIVAULT\backend\server.js:51:3
    at Layer.handle [as handle_request] (E:\Random\MediVault_\MEDIVAULT\backend\node_modules\express\lib\router\layer.js:95:5)
    at trim_prefix (E:\Random\MediVault_\MEDIVAULT\backend\node_modules\express\lib\router\index.js:328:13)
    at E:\Random\MediVault_\MEDIVAULT\backend\node_modules\express\lib\router\index.js:286:9
2026-03-06 18:51:43 [ERROR]: Error: Route not found: GET /api/patient/dashboard-summary
    at E:\Random\MediVault_\MEDIVAULT\backend\server.js:137:17
    at Layer.handle [as handle_request] (E:\Random\MediVault_\MEDIVAULT\backend\node_modules\express\lib\router\layer.js:95:5)
    at trim_prefix (E:\Random\MediVault_\MEDIVAULT\backend\node_modules\express\lib\router\index.js:328:13)
    at E:\Random\MediVault_\MEDIVAULT\backend\node_modules\express\lib\router\index.js:286:9
    at Function.process_params (E:\Random\MediVault_\MEDIVAULT\backend\node_modules\express\lib\router\index.js:346:12)
    at next (E:\Random\MediVault_\MEDIVAULT\backend\node_modules\express\lib\router\index.js:280:10)
    at auditMiddleware (E:\Random\MediVault_\MEDIVAULT\backend\middleware\auditMiddleware.js:66:12)
    at Layer.handle [as handle_request] (E:\Random\MediVault_\MEDIVAULT\backend\node_modules\express\lib\router\layer.js:95:5)
    at trim_prefix (E:\Random\MediVault_\MEDIVAULT\backend\node_modules\express\lib\router\index.js:328:13)
    at E:\Random\MediVault_\MEDIVAULT\backend\node_modules\express\lib\router\index.js:286:9
    at Function.process_params (E:\Random\MediVault_\MEDIVAULT\backend\node_modules\express\lib\router\index.js:346:12)
    at next (E:\Random\MediVault_\MEDIVAULT\backend\node_modules\express\lib\router\index.js:280:10)
    at E:\Random\MediVault_\MEDIVAULT\backend\server.js:51:3
    at Layer.handle [as handle_request] (E:\Random\MediVault_\MEDIVAULT\backend\node_modules\express\lib\router\layer.js:95:5)
    at trim_prefix (E:\Random\MediVault_\MEDIVAULT\backend\node_modules\express\lib\router\index.js:328:13)
    at E:\Random\MediVault_\MEDIVAULT\backend\node_modules\express\lib\router\index.js:286:9
2026-03-06 18:53:08 [ERROR]: Error: Route not found: GET /api/patient/dashboard-summary
    at E:\Random\MediVault_\MEDIVAULT\backend\server.js:137:17
    at Layer.handle [as handle_request] (E:\Random\MediVault_\MEDIVAULT\backend\node_modules\express\lib\router\layer.js:95:5)
    at trim_prefix (E:\Random\MediVault_\MEDIVAULT\backend\node_modules\express\lib\router\index.js:328:13)
    at E:\Random\MediVault_\MEDIVAULT\backend\node_modules\express\lib\router\index.js:286:9
    at Function.process_params (E:\Random\MediVault_\MEDIVAULT\backend\node_modules\express\lib\router\index.js:346:12)
    at next (E:\Random\MediVault_\MEDIVAULT\backend\node_modules\express\lib\router\index.js:280:10)
    at auditMiddleware (E:\Random\MediVault_\MEDIVAULT\backend\middleware\auditMiddleware.js:66:12)
    at Layer.handle [as handle_request] (E:\Random\MediVault_\MEDIVAULT\backend\node_modules\express\lib\router\layer.js:95:5)
    at trim_prefix (E:\Random\MediVault_\MEDIVAULT\backend\node_modules\express\lib\router\index.js:328:13)
    at E:\Random\MediVault_\MEDIVAULT\backend\node_modules\express\lib\router\index.js:286:9
    at Function.process_params (E:\Random\MediVault_\MEDIVAULT\backend\node_modules\express\lib\router\index.js:346:12)
    at next (E:\Random\MediVault_\MEDIVAULT\backend\node_modules\express\lib\router\index.js:280:10)
    at E:\Random\MediVault_\MEDIVAULT\backend\server.js:51:3
    at Layer.handle [as handle_request] (E:\Random\MediVault_\MEDIVAULT\backend\node_modules\express\lib\router\layer.js:95:5)
    at trim_prefix (E:\Random\MediVault_\MEDIVAULT\backend\node_modules\express\lib\router\index.js:328:13)
    at E:\Random\MediVault_\MEDIVAULT\backend\node_modules\express\lib\router\index.js:286:9
2026-03-06 18:53:08 [ERROR]: Error: Route not found: GET /api/patient/dashboard-summary
    at E:\Random\MediVault_\MEDIVAULT\backend\server.js:137:17
    at Layer.handle [as handle_request] (E:\Random\MediVault_\MEDIVAULT\backend\node_modules\express\lib\router\layer.js:95:5)
    at trim_prefix (E:\Random\MediVault_\MEDIVAULT\backend\node_modules\express\lib\router\index.js:328:13)
    at E:\Random\MediVault_\MEDIVAULT\backend\node_modules\express\lib\router\index.js:286:9
    at Function.process_params (E:\Random\MediVault_\MEDIVAULT\backend\node_modules\express\lib\router\index.js:346:12)
    at next (E:\Random\MediVault_\MEDIVAULT\backend\node_modules\express\lib\router\index.js:280:10)
    at auditMiddleware (E:\Random\MediVault_\MEDIVAULT\backend\middleware\auditMiddleware.js:66:12)
    at Layer.handle [as handle_request] (E:\Random\MediVault_\MEDIVAULT\backend\node_modules\express\lib\router\layer.js:95:5)
    at trim_prefix (E:\Random\MediVault_\MEDIVAULT\backend\node_modules\express\lib\router\index.js:328:13)
    at E:\Random\MediVault_\MEDIVAULT\backend\node_modules\express\lib\router\index.js:286:9
    at Function.process_params (E:\Random\MediVault_\MEDIVAULT\backend\node_modules\express\lib\router\index.js:346:12)
    at next (E:\Random\MediVault_\MEDIVAULT\backend\node_modules\express\lib\router\index.js:280:10)
    at E:\Random\MediVault_\MEDIVAULT\backend\server.js:51:3
    at Layer.handle [as handle_request] (E:\Random\MediVault_\MEDIVAULT\backend\node_modules\express\lib\router\layer.js:95:5)
    at trim_prefix (E:\Random\MediVault_\MEDIVAULT\backend\node_modules\express\lib\router\index.js:328:13)
    at E:\Random\MediVault_\MEDIVAULT\backend\node_modules\express\lib\router\index.js:286:9
2026-03-06 18:53:10 [ERROR]: Error: Route not found: GET /api/patient/dashboard-summary
    at E:\Random\MediVault_\MEDIVAULT\backend\server.js:137:17
    at Layer.handle [as handle_request] (E:\Random\MediVault_\MEDIVAULT\backend\node_modules\express\lib\router\layer.js:95:5)
    at trim_prefix (E:\Random\MediVault_\MEDIVAULT\backend\node_modules\express\lib\router\index.js:328:13)
    at E:\Random\MediVault_\MEDIVAULT\backend\node_modules\express\lib\router\index.js:286:9
    at Function.process_params (E:\Random\MediVault_\MEDIVAULT\backend\node_modules\express\lib\router\index.js:346:12)
    at next (E:\Random\MediVault_\MEDIVAULT\backend\node_modules\express\lib\router\index.js:280:10)
    at auditMiddleware (E:\Random\MediVault_\MEDIVAULT\backend\middleware\auditMiddleware.js:66:12)
    at Layer.handle [as handle_request] (E:\Random\MediVault_\MEDIVAULT\backend\node_modules\express\lib\router\layer.js:95:5)
    at trim_prefix (E:\Random\MediVault_\MEDIVAULT\backend\node_modules\express\lib\router\index.js:328:13)
    at E:\Random\MediVault_\MEDIVAULT\backend\node_modules\express\lib\router\index.js:286:9
    at Function.process_params (E:\Random\MediVault_\MEDIVAULT\backend\node_modules\express\lib\router\index.js:346:12)
    at next (E:\Random\MediVault_\MEDIVAULT\backend\node_modules\express\lib\router\index.js:280:10)
    at E:\Random\MediVault_\MEDIVAULT\backend\server.js:51:3
    at Layer.handle [as handle_request] (E:\Random\MediVault_\MEDIVAULT\backend\node_modules\express\lib\router\layer.js:95:5)
    at trim_prefix (E:\Random\MediVault_\MEDIVAULT\backend\node_modules\express\lib\router\index.js:328:13)
    at E:\Random\MediVault_\MEDIVAULT\backend\node_modules\express\lib\router\index.js:286:9
2026-03-06 18:53:11 [ERROR]: Error: Route not found: GET /api/patient/dashboard-summary
    at E:\Random\MediVault_\MEDIVAULT\backend\server.js:137:17
    at Layer.handle [as handle_request] (E:\Random\MediVault_\MEDIVAULT\backend\node_modules\express\lib\router\layer.js:95:5)
    at trim_prefix (E:\Random\MediVault_\MEDIVAULT\backend\node_modules\express\lib\router\index.js:328:13)
    at E:\Random\MediVault_\MEDIVAULT\backend\node_modules\express\lib\router\index.js:286:9
    at Function.process_params (E:\Random\MediVault_\MEDIVAULT\backend\node_modules\express\lib\router\index.js:346:12)
    at next (E:\Random\MediVault_\MEDIVAULT\backend\node_modules\express\lib\router\index.js:280:10)
    at auditMiddleware (E:\Random\MediVault_\MEDIVAULT\backend\middleware\auditMiddleware.js:66:12)
    at Layer.handle [as handle_request] (E:\Random\MediVault_\MEDIVAULT\backend\node_modules\express\lib\router\layer.js:95:5)
    at trim_prefix (E:\Random\MediVault_\MEDIVAULT\backend\node_modules\express\lib\router\index.js:328:13)
    at E:\Random\MediVault_\MEDIVAULT\backend\node_modules\express\lib\router\index.js:286:9
    at Function.process_params (E:\Random\MediVault_\MEDIVAULT\backend\node_modules\express\lib\router\index.js:346:12)
    at next (E:\Random\MediVault_\MEDIVAULT\backend\node_modules\express\lib\router\index.js:280:10)
    at E:\Random\MediVault_\MEDIVAULT\backend\server.js:51:3
    at Layer.handle [as handle_request] (E:\Random\MediVault_\MEDIVAULT\backend\node_modules\express\lib\router\layer.js:95:5)
    at trim_prefix (E:\Random\MediVault_\MEDIVAULT\backend\node_modules\express\lib\router\index.js:328:13)
    at E:\Random\MediVault_\MEDIVAULT\backend\node_modules\express\lib\router\index.js:286:9
2026-03-06 18:53:11 [ERROR]: Error: Route not found: GET /api/patient/dashboard-summary
    at E:\Random\MediVault_\MEDIVAULT\backend\server.js:137:17
    at Layer.handle [as handle_request] (E:\Random\MediVault_\MEDIVAULT\backend\node_modules\express\lib\router\layer.js:95:5)
    at trim_prefix (E:\Random\MediVault_\MEDIVAULT\backend\node_modules\express\lib\router\index.js:328:13)
    at E:\Random\MediVault_\MEDIVAULT\backend\node_modules\express\lib\router\index.js:286:9
    at Function.process_params (E:\Random\MediVault_\MEDIVAULT\backend\node_modules\express\lib\router\index.js:346:12)
    at next (E:\Random\MediVault_\MEDIVAULT\backend\node_modules\express\lib\router\index.js:280:10)
    at auditMiddleware (E:\Random\MediVault_\MEDIVAULT\backend\middleware\auditMiddleware.js:66:12)
    at Layer.handle [as handle_request] (E:\Random\MediVault_\MEDIVAULT\backend\node_modules\express\lib\router\layer.js:95:5)
    at trim_prefix (E:\Random\MediVault_\MEDIVAULT\backend\node_modules\express\lib\router\index.js:328:13)
    at E:\Random\MediVault_\MEDIVAULT\backend\node_modules\express\lib\router\index.js:286:9
    at Function.process_params (E:\Random\MediVault_\MEDIVAULT\backend\node_modules\express\lib\router\index.js:346:12)
    at next (E:\Random\MediVault_\MEDIVAULT\backend\node_modules\express\lib\router\index.js:280:10)
    at E:\Random\MediVault_\MEDIVAULT\backend\server.js:51:3
    at Layer.handle [as handle_request] (E:\Random\MediVault_\MEDIVAULT\backend\node_modules\express\lib\router\layer.js:95:5)
    at trim_prefix (E:\Random\MediVault_\MEDIVAULT\backend\node_modules\express\lib\router\index.js:328:13)
    at E:\Random\MediVault_\MEDIVAULT\backend\node_modules\express\lib\router\index.js:286:9
2026-03-06 18:53:12 [ERROR]: Error: Route not found: GET /api/patient/dashboard-summary
    at E:\Random\MediVault_\MEDIVAULT\backend\server.js:137:17
    at Layer.handle [as handle_request] (E:\Random\MediVault_\MEDIVAULT\backend\node_modules\express\lib\router\layer.js:95:5)
    at trim_prefix (E:\Random\MediVault_\MEDIVAULT\backend\node_modules\express\lib\router\index.js:328:13)
    at E:\Random\MediVault_\MEDIVAULT\backend\node_modules\express\lib\router\index.js:286:9
    at Function.process_params (E:\Random\MediVault_\MEDIVAULT\backend\node_modules\express\lib\router\index.js:346:12)
    at next (E:\Random\MediVault_\MEDIVAULT\backend\node_modules\express\lib\router\index.js:280:10)
    at auditMiddleware (E:\Random\MediVault_\MEDIVAULT\backend\middleware\auditMiddleware.js:66:12)
    at Layer.handle [as handle_request] (E:\Random\MediVault_\MEDIVAULT\backend\node_modules\express\lib\router\layer.js:95:5)
    at trim_prefix (E:\Random\MediVault_\MEDIVAULT\backend\node_modules\express\lib\router\index.js:328:13)
    at E:\Random\MediVault_\MEDIVAULT\backend\node_modules\express\lib\router\index.js:286:9
    at Function.process_params (E:\Random\MediVault_\MEDIVAULT\backend\node_modules\express\lib\router\index.js:346:12)
    at next (E:\Random\MediVault_\MEDIVAULT\backend\node_modules\express\lib\router\index.js:280:10)
    at E:\Random\MediVault_\MEDIVAULT\backend\server.js:51:3
    at Layer.handle [as handle_request] (E:\Random\MediVault_\MEDIVAULT\backend\node_modules\express\lib\router\layer.js:95:5)
    at trim_prefix (E:\Random\MediVault_\MEDIVAULT\backend\node_modules\express\lib\router\index.js:328:13)
    at E:\Random\MediVault_\MEDIVAULT\backend\node_modules\express\lib\router\index.js:286:9
2026-03-06 18:53:14 [ERROR]: Error: Route not found: GET /api/patient/dashboard-summary
    at E:\Random\MediVault_\MEDIVAULT\backend\server.js:137:17
    at Layer.handle [as handle_request] (E:\Random\MediVault_\MEDIVAULT\backend\node_modules\express\lib\router\layer.js:95:5)
    at trim_prefix (E:\Random\MediVault_\MEDIVAULT\backend\node_modules\express\lib\router\index.js:328:13)
    at E:\Random\MediVault_\MEDIVAULT\backend\node_modules\express\lib\router\index.js:286:9
    at Function.process_params (E:\Random\MediVault_\MEDIVAULT\backend\node_modules\express\lib\router\index.js:346:12)
    at next (E:\Random\MediVault_\MEDIVAULT\backend\node_modules\express\lib\router\index.js:280:10)
    at auditMiddleware (E:\Random\MediVault_\MEDIVAULT\backend\middleware\auditMiddleware.js:66:12)
    at Layer.handle [as handle_request] (E:\Random\MediVault_\MEDIVAULT\backend\node_modules\express\lib\router\layer.js:95:5)
    at trim_prefix (E:\Random\MediVault_\MEDIVAULT\backend\node_modules\express\lib\router\index.js:328:13)
    at E:\Random\MediVault_\MEDIVAULT\backend\node_modules\express\lib\router\index.js:286:9
    at Function.process_params (E:\Random\MediVault_\MEDIVAULT\backend\node_modules\express\lib\router\index.js:346:12)
    at next (E:\Random\MediVault_\MEDIVAULT\backend\node_modules\express\lib\router\index.js:280:10)
    at E:\Random\MediVault_\MEDIVAULT\backend\server.js:51:3
    at Layer.handle [as handle_request] (E:\Random\MediVault_\MEDIVAULT\backend\node_modules\express\lib\router\layer.js:95:5)
    at trim_prefix (E:\Random\MediVault_\MEDIVAULT\backend\node_modules\express\lib\router\index.js:328:13)
    at E:\Random\MediVault_\MEDIVAULT\backend\node_modules\express\lib\router\index.js:286:9
2026-03-06 18:53:14 [ERROR]: Error: Route not found: GET /api/patient/dashboard-summary
    at E:\Random\MediVault_\MEDIVAULT\backend\server.js:137:17
    at Layer.handle [as handle_request] (E:\Random\MediVault_\MEDIVAULT\backend\node_modules\express\lib\router\layer.js:95:5)
    at trim_prefix (E:\Random\MediVault_\MEDIVAULT\backend\node_modules\express\lib\router\index.js:328:13)
    at E:\Random\MediVault_\MEDIVAULT\backend\node_modules\express\lib\router\index.js:286:9
    at Function.process_params (E:\Random\MediVault_\MEDIVAULT\backend\node_modules\express\lib\router\index.js:346:12)
    at next (E:\Random\MediVault_\MEDIVAULT\backend\node_modules\express\lib\router\index.js:280:10)
    at auditMiddleware (E:\Random\MediVault_\MEDIVAULT\backend\middleware\auditMiddleware.js:66:12)
    at Layer.handle [as handle_request] (E:\Random\MediVault_\MEDIVAULT\backend\node_modules\express\lib\router\layer.js:95:5)
    at trim_prefix (E:\Random\MediVault_\MEDIVAULT\backend\node_modules\express\lib\router\index.js:328:13)
    at E:\Random\MediVault_\MEDIVAULT\backend\node_modules\express\lib\router\index.js:286:9
    at Function.process_params (E:\Random\MediVault_\MEDIVAULT\backend\node_modules\express\lib\router\index.js:346:12)
    at next (E:\Random\MediVault_\MEDIVAULT\backend\node_modules\express\lib\router\index.js:280:10)
    at E:\Random\MediVault_\MEDIVAULT\backend\server.js:51:3
    at Layer.handle [as handle_request] (E:\Random\MediVault_\MEDIVAULT\backend\node_modules\express\lib\router\layer.js:95:5)
    at trim_prefix (E:\Random\MediVault_\MEDIVAULT\backend\node_modules\express\lib\router\index.js:328:13)
    at E:\Random\MediVault_\MEDIVAULT\backend\node_modules\express\lib\router\index.js:286:9
2026-03-06 18:53:14 [ERROR]: Error: Route not found: GET /api/patient/dashboard-summary
    at E:\Random\MediVault_\MEDIVAULT\backend\server.js:137:17
    at Layer.handle [as handle_request] (E:\Random\MediVault_\MEDIVAULT\backend\node_modules\express\lib\router\layer.js:95:5)
    at trim_prefix (E:\Random\MediVault_\MEDIVAULT\backend\node_modules\express\lib\router\index.js:328:13)
    at E:\Random\MediVault_\MEDIVAULT\backend\node_modules\express\lib\router\index.js:286:9
    at Function.process_params (E:\Random\MediVault_\MEDIVAULT\backend\node_modules\express\lib\router\index.js:346:12)
    at next (E:\Random\MediVault_\MEDIVAULT\backend\node_modules\express\lib\router\index.js:280:10)
    at auditMiddleware (E:\Random\MediVault_\MEDIVAULT\backend\middleware\auditMiddleware.js:66:12)
    at Layer.handle [as handle_request] (E:\Random\MediVault_\MEDIVAULT\backend\node_modules\express\lib\router\layer.js:95:5)
    at trim_prefix (E:\Random\MediVault_\MEDIVAULT\backend\node_modules\express\lib\router\index.js:328:13)
    at E:\Random\MediVault_\MEDIVAULT\backend\node_modules\express\lib\router\index.js:286:9
    at Function.process_params (E:\Random\MediVault_\MEDIVAULT\backend\node_modules\express\lib\router\index.js:346:12)
    at next (E:\Random\MediVault_\MEDIVAULT\backend\node_modules\express\lib\router\index.js:280:10)
    at E:\Random\MediVault_\MEDIVAULT\backend\server.js:51:3
    at Layer.handle [as handle_request] (E:\Random\MediVault_\MEDIVAULT\backend\node_modules\express\lib\router\layer.js:95:5)
    at trim_prefix (E:\Random\MediVault_\MEDIVAULT\backend\node_modules\express\lib\router\index.js:328:13)
    at E:\Random\MediVault_\MEDIVAULT\backend\node_modules\express\lib\router\index.js:286:9
2026-03-06 18:53:14 [ERROR]: Error: Route not found: GET /api/patient/dashboard-summary
    at E:\Random\MediVault_\MEDIVAULT\backend\server.js:137:17
    at Layer.handle [as handle_request] (E:\Random\MediVault_\MEDIVAULT\backend\node_modules\express\lib\router\layer.js:95:5)
    at trim_prefix (E:\Random\MediVault_\MEDIVAULT\backend\node_modules\express\lib\router\index.js:328:13)
    at E:\Random\MediVault_\MEDIVAULT\backend\node_modules\express\lib\router\index.js:286:9
    at Function.process_params (E:\Random\MediVault_\MEDIVAULT\backend\node_modules\express\lib\router\index.js:346:12)
    at next (E:\Random\MediVault_\MEDIVAULT\backend\node_modules\express\lib\router\index.js:280:10)
    at auditMiddleware (E:\Random\MediVault_\MEDIVAULT\backend\middleware\auditMiddleware.js:66:12)
    at Layer.handle [as handle_request] (E:\Random\MediVault_\MEDIVAULT\backend\node_modules\express\lib\router\layer.js:95:5)
    at trim_prefix (E:\Random\MediVault_\MEDIVAULT\backend\node_modules\express\lib\router\index.js:328:13)
    at E:\Random\MediVault_\MEDIVAULT\backend\node_modules\express\lib\router\index.js:286:9
    at Function.process_params (E:\Random\MediVault_\MEDIVAULT\backend\node_modules\express\lib\router\index.js:346:12)
    at next (E:\Random\MediVault_\MEDIVAULT\backend\node_modules\express\lib\router\index.js:280:10)
    at E:\Random\MediVault_\MEDIVAULT\backend\server.js:51:3
    at Layer.handle [as handle_request] (E:\Random\MediVault_\MEDIVAULT\backend\node_modules\express\lib\router\layer.js:95:5)
    at trim_prefix (E:\Random\MediVault_\MEDIVAULT\backend\node_modules\express\lib\router\index.js:328:13)
    at E:\Random\MediVault_\MEDIVAULT\backend\node_modules\express\lib\router\index.js:286:9
2026-03-06 18:53:14 [ERROR]: Error: Route not found: GET /api/patient/dashboard-summary
    at E:\Random\MediVault_\MEDIVAULT\backend\server.js:137:17
    at Layer.handle [as handle_request] (E:\Random\MediVault_\MEDIVAULT\backend\node_modules\express\lib\router\layer.js:95:5)
    at trim_prefix (E:\Random\MediVault_\MEDIVAULT\backend\node_modules\express\lib\router\index.js:328:13)
    at E:\Random\MediVault_\MEDIVAULT\backend\node_modules\express\lib\router\index.js:286:9
    at Function.process_params (E:\Random\MediVault_\MEDIVAULT\backend\node_modules\express\lib\router\index.js:346:12)
    at next (E:\Random\MediVault_\MEDIVAULT\backend\node_modules\express\lib\router\index.js:280:10)
    at auditMiddleware (E:\Random\MediVault_\MEDIVAULT\backend\middleware\auditMiddleware.js:66:12)
    at Layer.handle [as handle_request] (E:\Random\MediVault_\MEDIVAULT\backend\node_modules\express\lib\router\layer.js:95:5)
    at trim_prefix (E:\Random\MediVault_\MEDIVAULT\backend\node_modules\express\lib\router\index.js:328:13)
    at E:\Random\MediVault_\MEDIVAULT\backend\node_modules\express\lib\router\index.js:286:9
    at Function.process_params (E:\Random\MediVault_\MEDIVAULT\backend\node_modules\express\lib\router\index.js:346:12)
    at next (E:\Random\MediVault_\MEDIVAULT\backend\node_modules\express\lib\router\index.js:280:10)
    at E:\Random\MediVault_\MEDIVAULT\backend\server.js:51:3
    at Layer.handle [as handle_request] (E:\Random\MediVault_\MEDIVAULT\backend\node_modules\express\lib\router\layer.js:95:5)
    at trim_prefix (E:\Random\MediVault_\MEDIVAULT\backend\node_modules\express\lib\router\index.js:328:13)
    at E:\Random\MediVault_\MEDIVAULT\backend\node_modules\express\lib\router\index.js:286:9
2026-03-06 18:53:15 [ERROR]: Error: Route not found: GET /api/patient/dashboard-summary
    at E:\Random\MediVault_\MEDIVAULT\backend\server.js:137:17
    at Layer.handle [as handle_request] (E:\Random\MediVault_\MEDIVAULT\backend\node_modules\express\lib\router\layer.js:95:5)
    at trim_prefix (E:\Random\MediVault_\MEDIVAULT\backend\node_modules\express\lib\router\index.js:328:13)
    at E:\Random\MediVault_\MEDIVAULT\backend\node_modules\express\lib\router\index.js:286:9
    at Function.process_params (E:\Random\MediVault_\MEDIVAULT\backend\node_modules\express\lib\router\index.js:346:12)
    at next (E:\Random\MediVault_\MEDIVAULT\backend\node_modules\express\lib\router\index.js:280:10)
    at auditMiddleware (E:\Random\MediVault_\MEDIVAULT\backend\middleware\auditMiddleware.js:66:12)
    at Layer.handle [as handle_request] (E:\Random\MediVault_\MEDIVAULT\backend\node_modules\express\lib\router\layer.js:95:5)
    at trim_prefix (E:\Random\MediVault_\MEDIVAULT\backend\node_modules\express\lib\router\index.js:328:13)
    at E:\Random\MediVault_\MEDIVAULT\backend\node_modules\express\lib\router\index.js:286:9
    at Function.process_params (E:\Random\MediVault_\MEDIVAULT\backend\node_modules\express\lib\router\index.js:346:12)
    at next (E:\Random\MediVault_\MEDIVAULT\backend\node_modules\express\lib\router\index.js:280:10)
    at E:\Random\MediVault_\MEDIVAULT\backend\server.js:51:3
    at Layer.handle [as handle_request] (E:\Random\MediVault_\MEDIVAULT\backend\node_modules\express\lib\router\layer.js:95:5)
    at trim_prefix (E:\Random\MediVault_\MEDIVAULT\backend\node_modules\express\lib\router\index.js:328:13)
    at E:\Random\MediVault_\MEDIVAULT\backend\node_modules\express\lib\router\index.js:286:9
2026-03-06 18:53:15 [ERROR]: Error: Route not found: GET /api/patient/dashboard-summary
    at E:\Random\MediVault_\MEDIVAULT\backend\server.js:137:17
    at Layer.handle [as handle_request] (E:\Random\MediVault_\MEDIVAULT\backend\node_modules\express\lib\router\layer.js:95:5)
    at trim_prefix (E:\Random\MediVault_\MEDIVAULT\backend\node_modules\express\lib\router\index.js:328:13)
    at E:\Random\MediVault_\MEDIVAULT\backend\node_modules\express\lib\router\index.js:286:9
    at Function.process_params (E:\Random\MediVault_\MEDIVAULT\backend\node_modules\express\lib\router\index.js:346:12)
    at next (E:\Random\MediVault_\MEDIVAULT\backend\node_modules\express\lib\router\index.js:280:10)
    at auditMiddleware (E:\Random\MediVault_\MEDIVAULT\backend\middleware\auditMiddleware.js:66:12)
    at Layer.handle [as handle_request] (E:\Random\MediVault_\MEDIVAULT\backend\node_modules\express\lib\router\layer.js:95:5)
    at trim_prefix (E:\Random\MediVault_\MEDIVAULT\backend\node_modules\express\lib\router\index.js:328:13)
    at E:\Random\MediVault_\MEDIVAULT\backend\node_modules\express\lib\router\index.js:286:9
    at Function.process_params (E:\Random\MediVault_\MEDIVAULT\backend\node_modules\express\lib\router\index.js:346:12)
    at next (E:\Random\MediVault_\MEDIVAULT\backend\node_modules\express\lib\router\index.js:280:10)
    at E:\Random\MediVault_\MEDIVAULT\backend\server.js:51:3
    at Layer.handle [as handle_request] (E:\Random\MediVault_\MEDIVAULT\backend\node_modules\express\lib\router\layer.js:95:5)
    at trim_prefix (E:\Random\MediVault_\MEDIVAULT\backend\node_modules\express\lib\router\index.js:328:13)
    at E:\Random\MediVault_\MEDIVAULT\backend\node_modules\express\lib\router\index.js:286:9
2026-03-06 18:53:15 [ERROR]: Error: Route not found: GET /api/patient/dashboard-summary
    at E:\Random\MediVault_\MEDIVAULT\backend\server.js:137:17
    at Layer.handle [as handle_request] (E:\Random\MediVault_\MEDIVAULT\backend\node_modules\express\lib\router\layer.js:95:5)
    at trim_prefix (E:\Random\MediVault_\MEDIVAULT\backend\node_modules\express\lib\router\index.js:328:13)
    at E:\Random\MediVault_\MEDIVAULT\backend\node_modules\express\lib\router\index.js:286:9
    at Function.process_params (E:\Random\MediVault_\MEDIVAULT\backend\node_modules\express\lib\router\index.js:346:12)
    at next (E:\Random\MediVault_\MEDIVAULT\backend\node_modules\express\lib\router\index.js:280:10)
    at auditMiddleware (E:\Random\MediVault_\MEDIVAULT\backend\middleware\auditMiddleware.js:66:12)
    at Layer.handle [as handle_request] (E:\Random\MediVault_\MEDIVAULT\backend\node_modules\express\lib\router\layer.js:95:5)
    at trim_prefix (E:\Random\MediVault_\MEDIVAULT\backend\node_modules\express\lib\router\index.js:328:13)
    at E:\Random\MediVault_\MEDIVAULT\backend\node_modules\express\lib\router\index.js:286:9
    at Function.process_params (E:\Random\MediVault_\MEDIVAULT\backend\node_modules\express\lib\router\index.js:346:12)
    at next (E:\Random\MediVault_\MEDIVAULT\backend\node_modules\express\lib\router\index.js:280:10)
    at E:\Random\MediVault_\MEDIVAULT\backend\server.js:51:3
    at Layer.handle [as handle_request] (E:\Random\MediVault_\MEDIVAULT\backend\node_modules\express\lib\router\layer.js:95:5)
    at trim_prefix (E:\Random\MediVault_\MEDIVAULT\backend\node_modules\express\lib\router\index.js:328:13)
    at E:\Random\MediVault_\MEDIVAULT\backend\node_modules\express\lib\router\index.js:286:9
2026-03-06 18:53:16 [ERROR]: Error: Route not found: GET /api/patient/dashboard-summary
    at E:\Random\MediVault_\MEDIVAULT\backend\server.js:137:17
    at Layer.handle [as handle_request] (E:\Random\MediVault_\MEDIVAULT\backend\node_modules\express\lib\router\layer.js:95:5)
    at trim_prefix (E:\Random\MediVault_\MEDIVAULT\backend\node_modules\express\lib\router\index.js:328:13)
    at E:\Random\MediVault_\MEDIVAULT\backend\node_modules\express\lib\router\index.js:286:9
    at Function.process_params (E:\Random\MediVault_\MEDIVAULT\backend\node_modules\express\lib\router\index.js:346:12)
    at next (E:\Random\MediVault_\MEDIVAULT\backend\node_modules\express\lib\router\index.js:280:10)
    at auditMiddleware (E:\Random\MediVault_\MEDIVAULT\backend\middleware\auditMiddleware.js:66:12)
    at Layer.handle [as handle_request] (E:\Random\MediVault_\MEDIVAULT\backend\node_modules\express\lib\router\layer.js:95:5)
    at trim_prefix (E:\Random\MediVault_\MEDIVAULT\backend\node_modules\express\lib\router\index.js:328:13)
    at E:\Random\MediVault_\MEDIVAULT\backend\node_modules\express\lib\router\index.js:286:9
    at Function.process_params (E:\Random\MediVault_\MEDIVAULT\backend\node_modules\express\lib\router\index.js:346:12)
    at next (E:\Random\MediVault_\MEDIVAULT\backend\node_modules\express\lib\router\index.js:280:10)
    at E:\Random\MediVault_\MEDIVAULT\backend\server.js:51:3
    at Layer.handle [as handle_request] (E:\Random\MediVault_\MEDIVAULT\backend\node_modules\express\lib\router\layer.js:95:5)
    at trim_prefix (E:\Random\MediVault_\MEDIVAULT\backend\node_modules\express\lib\router\index.js:328:13)
    at E:\Random\MediVault_\MEDIVAULT\backend\node_modules\express\lib\router\index.js:286:9
2026-03-06 18:53:17 [ERROR]: Error: Route not found: GET /api/patient/dashboard-summary
    at E:\Random\MediVault_\MEDIVAULT\backend\server.js:137:17
    at Layer.handle [as handle_request] (E:\Random\MediVault_\MEDIVAULT\backend\node_modules\express\lib\router\layer.js:95:5)
    at trim_prefix (E:\Random\MediVault_\MEDIVAULT\backend\node_modules\express\lib\router\index.js:328:13)
    at E:\Random\MediVault_\MEDIVAULT\backend\node_modules\express\lib\router\index.js:286:9
    at Function.process_params (E:\Random\MediVault_\MEDIVAULT\backend\node_modules\express\lib\router\index.js:346:12)
    at next (E:\Random\MediVault_\MEDIVAULT\backend\node_modules\express\lib\router\index.js:280:10)
    at auditMiddleware (E:\Random\MediVault_\MEDIVAULT\backend\middleware\auditMiddleware.js:66:12)
    at Layer.handle [as handle_request] (E:\Random\MediVault_\MEDIVAULT\backend\node_modules\express\lib\router\layer.js:95:5)
    at trim_prefix (E:\Random\MediVault_\MEDIVAULT\backend\node_modules\express\lib\router\index.js:328:13)
    at E:\Random\MediVault_\MEDIVAULT\backend\node_modules\express\lib\router\index.js:286:9
    at Function.process_params (E:\Random\MediVault_\MEDIVAULT\backend\node_modules\express\lib\router\index.js:346:12)
    at next (E:\Random\MediVault_\MEDIVAULT\backend\node_modules\express\lib\router\index.js:280:10)
    at E:\Random\MediVault_\MEDIVAULT\backend\server.js:51:3
    at Layer.handle [as handle_request] (E:\Random\MediVault_\MEDIVAULT\backend\node_modules\express\lib\router\layer.js:95:5)
    at trim_prefix (E:\Random\MediVault_\MEDIVAULT\backend\node_modules\express\lib\router\index.js:328:13)
    at E:\Random\MediVault_\MEDIVAULT\backend\node_modules\express\lib\router\index.js:286:9
2026-03-06 18:53:18 [ERROR]: Error: Route not found: GET /api/patient/dashboard-summary
    at E:\Random\MediVault_\MEDIVAULT\backend\server.js:137:17
    at Layer.handle [as handle_request] (E:\Random\MediVault_\MEDIVAULT\backend\node_modules\express\lib\router\layer.js:95:5)
    at trim_prefix (E:\Random\MediVault_\MEDIVAULT\backend\node_modules\express\lib\router\index.js:328:13)
    at E:\Random\MediVault_\MEDIVAULT\backend\node_modules\express\lib\router\index.js:286:9
    at Function.process_params (E:\Random\MediVault_\MEDIVAULT\backend\node_modules\express\lib\router\index.js:346:12)
    at next (E:\Random\MediVault_\MEDIVAULT\backend\node_modules\express\lib\router\index.js:280:10)
    at auditMiddleware (E:\Random\MediVault_\MEDIVAULT\backend\middleware\auditMiddleware.js:66:12)
    at Layer.handle [as handle_request] (E:\Random\MediVault_\MEDIVAULT\backend\node_modules\express\lib\router\layer.js:95:5)
    at trim_prefix (E:\Random\MediVault_\MEDIVAULT\backend\node_modules\express\lib\router\index.js:328:13)
    at E:\Random\MediVault_\MEDIVAULT\backend\node_modules\express\lib\router\index.js:286:9
    at Function.process_params (E:\Random\MediVault_\MEDIVAULT\backend\node_modules\express\lib\router\index.js:346:12)
    at next (E:\Random\MediVault_\MEDIVAULT\backend\node_modules\express\lib\router\index.js:280:10)
    at E:\Random\MediVault_\MEDIVAULT\backend\server.js:51:3
    at Layer.handle [as handle_request] (E:\Random\MediVault_\MEDIVAULT\backend\node_modules\express\lib\router\layer.js:95:5)
    at trim_prefix (E:\Random\MediVault_\MEDIVAULT\backend\node_modules\express\lib\router\index.js:328:13)
    at E:\Random\MediVault_\MEDIVAULT\backend\node_modules\express\lib\router\index.js:286:9
2026-03-06 18:53:18 [ERROR]: Error: Route not found: GET /api/patient/dashboard-summary
    at E:\Random\MediVault_\MEDIVAULT\backend\server.js:137:17
    at Layer.handle [as handle_request] (E:\Random\MediVault_\MEDIVAULT\backend\node_modules\express\lib\router\layer.js:95:5)
    at trim_prefix (E:\Random\MediVault_\MEDIVAULT\backend\node_modules\express\lib\router\index.js:328:13)
    at E:\Random\MediVault_\MEDIVAULT\backend\node_modules\express\lib\router\index.js:286:9
    at Function.process_params (E:\Random\MediVault_\MEDIVAULT\backend\node_modules\express\lib\router\index.js:346:12)
    at next (E:\Random\MediVault_\MEDIVAULT\backend\node_modules\express\lib\router\index.js:280:10)
    at auditMiddleware (E:\Random\MediVault_\MEDIVAULT\backend\middleware\auditMiddleware.js:66:12)
    at Layer.handle [as handle_request] (E:\Random\MediVault_\MEDIVAULT\backend\node_modules\express\lib\router\layer.js:95:5)
    at trim_prefix (E:\Random\MediVault_\MEDIVAULT\backend\node_modules\express\lib\router\index.js:328:13)
    at E:\Random\MediVault_\MEDIVAULT\backend\node_modules\express\lib\router\index.js:286:9
    at Function.process_params (E:\Random\MediVault_\MEDIVAULT\backend\node_modules\express\lib\router\index.js:346:12)
    at next (E:\Random\MediVault_\MEDIVAULT\backend\node_modules\express\lib\router\index.js:280:10)
    at E:\Random\MediVault_\MEDIVAULT\backend\server.js:51:3
    at Layer.handle [as handle_request] (E:\Random\MediVault_\MEDIVAULT\backend\node_modules\express\lib\router\layer.js:95:5)
    at trim_prefix (E:\Random\MediVault_\MEDIVAULT\backend\node_modules\express\lib\router\index.js:328:13)
    at E:\Random\MediVault_\MEDIVAULT\backend\node_modules\express\lib\router\index.js:286:9
2026-03-06 18:53:18 [ERROR]: Error: Route not found: GET /api/patient/dashboard-summary
    at E:\Random\MediVault_\MEDIVAULT\backend\server.js:137:17
    at Layer.handle [as handle_request] (E:\Random\MediVault_\MEDIVAULT\backend\node_modules\express\lib\router\layer.js:95:5)
    at trim_prefix (E:\Random\MediVault_\MEDIVAULT\backend\node_modules\express\lib\router\index.js:328:13)
    at E:\Random\MediVault_\MEDIVAULT\backend\node_modules\express\lib\router\index.js:286:9
    at Function.process_params (E:\Random\MediVault_\MEDIVAULT\backend\node_modules\express\lib\router\index.js:346:12)
    at next (E:\Random\MediVault_\MEDIVAULT\backend\node_modules\express\lib\router\index.js:280:10)
    at auditMiddleware (E:\Random\MediVault_\MEDIVAULT\backend\middleware\auditMiddleware.js:66:12)
    at Layer.handle [as handle_request] (E:\Random\MediVault_\MEDIVAULT\backend\node_modules\express\lib\router\layer.js:95:5)
    at trim_prefix (E:\Random\MediVault_\MEDIVAULT\backend\node_modules\express\lib\router\index.js:328:13)
    at E:\Random\MediVault_\MEDIVAULT\backend\node_modules\express\lib\router\index.js:286:9
    at Function.process_params (E:\Random\MediVault_\MEDIVAULT\backend\node_modules\express\lib\router\index.js:346:12)
    at next (E:\Random\MediVault_\MEDIVAULT\backend\node_modules\express\lib\router\index.js:280:10)
    at E:\Random\MediVault_\MEDIVAULT\backend\server.js:51:3
    at Layer.handle [as handle_request] (E:\Random\MediVault_\MEDIVAULT\backend\node_modules\express\lib\router\layer.js:95:5)
    at trim_prefix (E:\Random\MediVault_\MEDIVAULT\backend\node_modules\express\lib\router\index.js:328:13)
    at E:\Random\MediVault_\MEDIVAULT\backend\node_modules\express\lib\router\index.js:286:9
2026-03-06 18:53:18 [ERROR]: Error: Route not found: GET /api/patient/dashboard-summary
    at E:\Random\MediVault_\MEDIVAULT\backend\server.js:137:17
    at Layer.handle [as handle_request] (E:\Random\MediVault_\MEDIVAULT\backend\node_modules\express\lib\router\layer.js:95:5)
    at trim_prefix (E:\Random\MediVault_\MEDIVAULT\backend\node_modules\express\lib\router\index.js:328:13)
    at E:\Random\MediVault_\MEDIVAULT\backend\node_modules\express\lib\router\index.js:286:9
    at Function.process_params (E:\Random\MediVault_\MEDIVAULT\backend\node_modules\express\lib\router\index.js:346:12)
    at next (E:\Random\MediVault_\MEDIVAULT\backend\node_modules\express\lib\router\index.js:280:10)
    at auditMiddleware (E:\Random\MediVault_\MEDIVAULT\backend\middleware\auditMiddleware.js:66:12)
    at Layer.handle [as handle_request] (E:\Random\MediVault_\MEDIVAULT\backend\node_modules\express\lib\router\layer.js:95:5)
    at trim_prefix (E:\Random\MediVault_\MEDIVAULT\backend\node_modules\express\lib\router\index.js:328:13)
    at E:\Random\MediVault_\MEDIVAULT\backend\node_modules\express\lib\router\index.js:286:9
    at Function.process_params (E:\Random\MediVault_\MEDIVAULT\backend\node_modules\express\lib\router\index.js:346:12)
    at next (E:\Random\MediVault_\MEDIVAULT\backend\node_modules\express\lib\router\index.js:280:10)
    at E:\Random\MediVault_\MEDIVAULT\backend\server.js:51:3
    at Layer.handle [as handle_request] (E:\Random\MediVault_\MEDIVAULT\backend\node_modules\express\lib\router\layer.js:95:5)
    at trim_prefix (E:\Random\MediVault_\MEDIVAULT\backend\node_modules\express\lib\router\index.js:328:13)
    at E:\Random\MediVault_\MEDIVAULT\backend\node_modules\express\lib\router\index.js:286:9
2026-03-06 18:53:19 [ERROR]: Error: Route not found: GET /api/patient/dashboard-summary
    at E:\Random\MediVault_\MEDIVAULT\backend\server.js:137:17
    at Layer.handle [as handle_request] (E:\Random\MediVault_\MEDIVAULT\backend\node_modules\express\lib\router\layer.js:95:5)
    at trim_prefix (E:\Random\MediVault_\MEDIVAULT\backend\node_modules\express\lib\router\index.js:328:13)
    at E:\Random\MediVault_\MEDIVAULT\backend\node_modules\express\lib\router\index.js:286:9
    at Function.process_params (E:\Random\MediVault_\MEDIVAULT\backend\node_modules\express\lib\router\index.js:346:12)
    at next (E:\Random\MediVault_\MEDIVAULT\backend\node_modules\express\lib\router\index.js:280:10)
    at auditMiddleware (E:\Random\MediVault_\MEDIVAULT\backend\middleware\auditMiddleware.js:66:12)
    at Layer.handle [as handle_request] (E:\Random\MediVault_\MEDIVAULT\backend\node_modules\express\lib\router\layer.js:95:5)
    at trim_prefix (E:\Random\MediVault_\MEDIVAULT\backend\node_modules\express\lib\router\index.js:328:13)
    at E:\Random\MediVault_\MEDIVAULT\backend\node_modules\express\lib\router\index.js:286:9
    at Function.process_params (E:\Random\MediVault_\MEDIVAULT\backend\node_modules\express\lib\router\index.js:346:12)
    at next (E:\Random\MediVault_\MEDIVAULT\backend\node_modules\express\lib\router\index.js:280:10)
    at E:\Random\MediVault_\MEDIVAULT\backend\server.js:51:3
    at Layer.handle [as handle_request] (E:\Random\MediVault_\MEDIVAULT\backend\node_modules\express\lib\router\layer.js:95:5)
    at trim_prefix (E:\Random\MediVault_\MEDIVAULT\backend\node_modules\express\lib\router\index.js:328:13)
    at E:\Random\MediVault_\MEDIVAULT\backend\node_modules\express\lib\router\index.js:286:9
2026-03-06 18:53:19 [ERROR]: Error: Route not found: GET /api/patient/dashboard-summary
    at E:\Random\MediVault_\MEDIVAULT\backend\server.js:137:17
    at Layer.handle [as handle_request] (E:\Random\MediVault_\MEDIVAULT\backend\node_modules\express\lib\router\layer.js:95:5)
    at trim_prefix (E:\Random\MediVault_\MEDIVAULT\backend\node_modules\express\lib\router\index.js:328:13)
    at E:\Random\MediVault_\MEDIVAULT\backend\node_modules\express\lib\router\index.js:286:9
    at Function.process_params (E:\Random\MediVault_\MEDIVAULT\backend\node_modules\express\lib\router\index.js:346:12)
    at next (E:\Random\MediVault_\MEDIVAULT\backend\node_modules\express\lib\router\index.js:280:10)
    at auditMiddleware (E:\Random\MediVault_\MEDIVAULT\backend\middleware\auditMiddleware.js:66:12)
    at Layer.handle [as handle_request] (E:\Random\MediVault_\MEDIVAULT\backend\node_modules\express\lib\router\layer.js:95:5)
    at trim_prefix (E:\Random\MediVault_\MEDIVAULT\backend\node_modules\express\lib\router\index.js:328:13)
    at E:\Random\MediVault_\MEDIVAULT\backend\node_modules\express\lib\router\index.js:286:9
    at Function.process_params (E:\Random\MediVault_\MEDIVAULT\backend\node_modules\express\lib\router\index.js:346:12)
    at next (E:\Random\MediVault_\MEDIVAULT\backend\node_modules\express\lib\router\index.js:280:10)
    at E:\Random\MediVault_\MEDIVAULT\backend\server.js:51:3
    at Layer.handle [as handle_request] (E:\Random\MediVault_\MEDIVAULT\backend\node_modules\express\lib\router\layer.js:95:5)
    at trim_prefix (E:\Random\MediVault_\MEDIVAULT\backend\node_modules\express\lib\router\index.js:328:13)
    at E:\Random\MediVault_\MEDIVAULT\backend\node_modules\express\lib\router\index.js:286:9
2026-03-06 18:56:05 [ERROR]: Error: Route not found: GET /api/patient/dashboard-summary
    at E:\Random\MediVault_\MEDIVAULT\backend\server.js:137:17
    at Layer.handle [as handle_request] (E:\Random\MediVault_\MEDIVAULT\backend\node_modules\express\lib\router\layer.js:95:5)
    at trim_prefix (E:\Random\MediVault_\MEDIVAULT\backend\node_modules\express\lib\router\index.js:328:13)
    at E:\Random\MediVault_\MEDIVAULT\backend\node_modules\express\lib\router\index.js:286:9
    at Function.process_params (E:\Random\MediVault_\MEDIVAULT\backend\node_modules\express\lib\router\index.js:346:12)
    at next (E:\Random\MediVault_\MEDIVAULT\backend\node_modules\express\lib\router\index.js:280:10)
    at auditMiddleware (E:\Random\MediVault_\MEDIVAULT\backend\middleware\auditMiddleware.js:66:12)
    at Layer.handle [as handle_request] (E:\Random\MediVault_\MEDIVAULT\backend\node_modules\express\lib\router\layer.js:95:5)
    at trim_prefix (E:\Random\MediVault_\MEDIVAULT\backend\node_modules\express\lib\router\index.js:328:13)
    at E:\Random\MediVault_\MEDIVAULT\backend\node_modules\express\lib\router\index.js:286:9
    at Function.process_params (E:\Random\MediVault_\MEDIVAULT\backend\node_modules\express\lib\router\index.js:346:12)
    at next (E:\Random\MediVault_\MEDIVAULT\backend\node_modules\express\lib\router\index.js:280:10)
    at E:\Random\MediVault_\MEDIVAULT\backend\server.js:51:3
    at Layer.handle [as handle_request] (E:\Random\MediVault_\MEDIVAULT\backend\node_modules\express\lib\router\layer.js:95:5)
    at trim_prefix (E:\Random\MediVault_\MEDIVAULT\backend\node_modules\express\lib\router\index.js:328:13)
    at E:\Random\MediVault_\MEDIVAULT\backend\node_modules\express\lib\router\index.js:286:9
2026-03-06 18:56:05 [ERROR]: Error: Route not found: GET /api/patient/dashboard-summary
    at E:\Random\MediVault_\MEDIVAULT\backend\server.js:137:17
    at Layer.handle [as handle_request] (E:\Random\MediVault_\MEDIVAULT\backend\node_modules\express\lib\router\layer.js:95:5)
    at trim_prefix (E:\Random\MediVault_\MEDIVAULT\backend\node_modules\express\lib\router\index.js:328:13)
    at E:\Random\MediVault_\MEDIVAULT\backend\node_modules\express\lib\router\index.js:286:9
    at Function.process_params (E:\Random\MediVault_\MEDIVAULT\backend\node_modules\express\lib\router\index.js:346:12)
    at next (E:\Random\MediVault_\MEDIVAULT\backend\node_modules\express\lib\router\index.js:280:10)
    at auditMiddleware (E:\Random\MediVault_\MEDIVAULT\backend\middleware\auditMiddleware.js:66:12)
    at Layer.handle [as handle_request] (E:\Random\MediVault_\MEDIVAULT\backend\node_modules\express\lib\router\layer.js:95:5)
    at trim_prefix (E:\Random\MediVault_\MEDIVAULT\backend\node_modules\express\lib\router\index.js:328:13)
    at E:\Random\MediVault_\MEDIVAULT\backend\node_modules\express\lib\router\index.js:286:9
    at Function.process_params (E:\Random\MediVault_\MEDIVAULT\backend\node_modules\express\lib\router\index.js:346:12)
    at next (E:\Random\MediVault_\MEDIVAULT\backend\node_modules\express\lib\router\index.js:280:10)
    at E:\Random\MediVault_\MEDIVAULT\backend\server.js:51:3
    at Layer.handle [as handle_request] (E:\Random\MediVault_\MEDIVAULT\backend\node_modules\express\lib\router\layer.js:95:5)
    at trim_prefix (E:\Random\MediVault_\MEDIVAULT\backend\node_modules\express\lib\router\index.js:328:13)
    at E:\Random\MediVault_\MEDIVAULT\backend\node_modules\express\lib\router\index.js:286:9
2026-03-06 18:56:07 [ERROR]: Error: Route not found: GET /api/patient/dashboard-summary
    at E:\Random\MediVault_\MEDIVAULT\backend\server.js:137:17
    at Layer.handle [as handle_request] (E:\Random\MediVault_\MEDIVAULT\backend\node_modules\express\lib\router\layer.js:95:5)
    at trim_prefix (E:\Random\MediVault_\MEDIVAULT\backend\node_modules\express\lib\router\index.js:328:13)
    at E:\Random\MediVault_\MEDIVAULT\backend\node_modules\express\lib\router\index.js:286:9
    at Function.process_params (E:\Random\MediVault_\MEDIVAULT\backend\node_modules\express\lib\router\index.js:346:12)
    at next (E:\Random\MediVault_\MEDIVAULT\backend\node_modules\express\lib\router\index.js:280:10)
    at auditMiddleware (E:\Random\MediVault_\MEDIVAULT\backend\middleware\auditMiddleware.js:66:12)
    at Layer.handle [as handle_request] (E:\Random\MediVault_\MEDIVAULT\backend\node_modules\express\lib\router\layer.js:95:5)
    at trim_prefix (E:\Random\MediVault_\MEDIVAULT\backend\node_modules\express\lib\router\index.js:328:13)
    at E:\Random\MediVault_\MEDIVAULT\backend\node_modules\express\lib\router\index.js:286:9
    at Function.process_params (E:\Random\MediVault_\MEDIVAULT\backend\node_modules\express\lib\router\index.js:346:12)
    at next (E:\Random\MediVault_\MEDIVAULT\backend\node_modules\express\lib\router\index.js:280:10)
    at E:\Random\MediVault_\MEDIVAULT\backend\server.js:51:3
    at Layer.handle [as handle_request] (E:\Random\MediVault_\MEDIVAULT\backend\node_modules\express\lib\router\layer.js:95:5)
    at trim_prefix (E:\Random\MediVault_\MEDIVAULT\backend\node_modules\express\lib\router\index.js:328:13)
    at E:\Random\MediVault_\MEDIVAULT\backend\node_modules\express\lib\router\index.js:286:9
2026-03-06 19:04:03 [ERROR]: Error: Route not found: GET /api/patient/dashboard-summary
    at E:\Random\MediVault_\MEDIVAULT\backend\server.js:137:17
    at Layer.handle [as handle_request] (E:\Random\MediVault_\MEDIVAULT\backend\node_modules\express\lib\router\layer.js:95:5)
    at trim_prefix (E:\Random\MediVault_\MEDIVAULT\backend\node_modules\express\lib\router\index.js:328:13)
    at E:\Random\MediVault_\MEDIVAULT\backend\node_modules\express\lib\router\index.js:286:9
    at Function.process_params (E:\Random\MediVault_\MEDIVAULT\backend\node_modules\express\lib\router\index.js:346:12)
    at next (E:\Random\MediVault_\MEDIVAULT\backend\node_modules\express\lib\router\index.js:280:10)
    at auditMiddleware (E:\Random\MediVault_\MEDIVAULT\backend\middleware\auditMiddleware.js:66:12)
    at Layer.handle [as handle_request] (E:\Random\MediVault_\MEDIVAULT\backend\node_modules\express\lib\router\layer.js:95:5)
    at trim_prefix (E:\Random\MediVault_\MEDIVAULT\backend\node_modules\express\lib\router\index.js:328:13)
    at E:\Random\MediVault_\MEDIVAULT\backend\node_modules\express\lib\router\index.js:286:9
    at Function.process_params (E:\Random\MediVault_\MEDIVAULT\backend\node_modules\express\lib\router\index.js:346:12)
    at next (E:\Random\MediVault_\MEDIVAULT\backend\node_modules\express\lib\router\index.js:280:10)
    at E:\Random\MediVault_\MEDIVAULT\backend\server.js:51:3
    at Layer.handle [as handle_request] (E:\Random\MediVault_\MEDIVAULT\backend\node_modules\express\lib\router\layer.js:95:5)
    at trim_prefix (E:\Random\MediVault_\MEDIVAULT\backend\node_modules\express\lib\router\index.js:328:13)
    at E:\Random\MediVault_\MEDIVAULT\backend\node_modules\express\lib\router\index.js:286:9
2026-03-06 19:04:03 [ERROR]: Error: Route not found: GET /api/patient/dashboard-summary
    at E:\Random\MediVault_\MEDIVAULT\backend\server.js:137:17
    at Layer.handle [as handle_request] (E:\Random\MediVault_\MEDIVAULT\backend\node_modules\express\lib\router\layer.js:95:5)
    at trim_prefix (E:\Random\MediVault_\MEDIVAULT\backend\node_modules\express\lib\router\index.js:328:13)
    at E:\Random\MediVault_\MEDIVAULT\backend\node_modules\express\lib\router\index.js:286:9
    at Function.process_params (E:\Random\MediVault_\MEDIVAULT\backend\node_modules\express\lib\router\index.js:346:12)
    at next (E:\Random\MediVault_\MEDIVAULT\backend\node_modules\express\lib\router\index.js:280:10)
    at auditMiddleware (E:\Random\MediVault_\MEDIVAULT\backend\middleware\auditMiddleware.js:66:12)
    at Layer.handle [as handle_request] (E:\Random\MediVault_\MEDIVAULT\backend\node_modules\express\lib\router\layer.js:95:5)
    at trim_prefix (E:\Random\MediVault_\MEDIVAULT\backend\node_modules\express\lib\router\index.js:328:13)
    at E:\Random\MediVault_\MEDIVAULT\backend\node_modules\express\lib\router\index.js:286:9
    at Function.process_params (E:\Random\MediVault_\MEDIVAULT\backend\node_modules\express\lib\router\index.js:346:12)
    at next (E:\Random\MediVault_\MEDIVAULT\backend\node_modules\express\lib\router\index.js:280:10)
    at E:\Random\MediVault_\MEDIVAULT\backend\server.js:51:3
    at Layer.handle [as handle_request] (E:\Random\MediVault_\MEDIVAULT\backend\node_modules\express\lib\router\layer.js:95:5)
    at trim_prefix (E:\Random\MediVault_\MEDIVAULT\backend\node_modules\express\lib\router\index.js:328:13)
    at E:\Random\MediVault_\MEDIVAULT\backend\node_modules\express\lib\router\index.js:286:9
2026-03-06 19:04:04 [ERROR]: Error: Route not found: GET /api/patient/dashboard-summary
    at E:\Random\MediVault_\MEDIVAULT\backend\server.js:137:17
    at Layer.handle [as handle_request] (E:\Random\MediVault_\MEDIVAULT\backend\node_modules\express\lib\router\layer.js:95:5)
    at trim_prefix (E:\Random\MediVault_\MEDIVAULT\backend\node_modules\express\lib\router\index.js:328:13)
    at E:\Random\MediVault_\MEDIVAULT\backend\node_modules\express\lib\router\index.js:286:9
    at Function.process_params (E:\Random\MediVault_\MEDIVAULT\backend\node_modules\express\lib\router\index.js:346:12)
    at next (E:\Random\MediVault_\MEDIVAULT\backend\node_modules\express\lib\router\index.js:280:10)
    at auditMiddleware (E:\Random\MediVault_\MEDIVAULT\backend\middleware\auditMiddleware.js:66:12)
    at Layer.handle [as handle_request] (E:\Random\MediVault_\MEDIVAULT\backend\node_modules\express\lib\router\layer.js:95:5)
    at trim_prefix (E:\Random\MediVault_\MEDIVAULT\backend\node_modules\express\lib\router\index.js:328:13)
    at E:\Random\MediVault_\MEDIVAULT\backend\node_modules\express\lib\router\index.js:286:9
    at Function.process_params (E:\Random\MediVault_\MEDIVAULT\backend\node_modules\express\lib\router\index.js:346:12)
    at next (E:\Random\MediVault_\MEDIVAULT\backend\node_modules\express\lib\router\index.js:280:10)
    at E:\Random\MediVault_\MEDIVAULT\backend\server.js:51:3
    at Layer.handle [as handle_request] (E:\Random\MediVault_\MEDIVAULT\backend\node_modules\express\lib\router\layer.js:95:5)
    at trim_prefix (E:\Random\MediVault_\MEDIVAULT\backend\node_modules\express\lib\router\index.js:328:13)
    at E:\Random\MediVault_\MEDIVAULT\backend\node_modules\express\lib\router\index.js:286:9
2026-03-06 19:04:05 [ERROR]: Error: Route not found: GET /api/patient/dashboard-summary
    at E:\Random\MediVault_\MEDIVAULT\backend\server.js:137:17
    at Layer.handle [as handle_request] (E:\Random\MediVault_\MEDIVAULT\backend\node_modules\express\lib\router\layer.js:95:5)
    at trim_prefix (E:\Random\MediVault_\MEDIVAULT\backend\node_modules\express\lib\router\index.js:328:13)
    at E:\Random\MediVault_\MEDIVAULT\backend\node_modules\express\lib\router\index.js:286:9
    at Function.process_params (E:\Random\MediVault_\MEDIVAULT\backend\node_modules\express\lib\router\index.js:346:12)
    at next (E:\Random\MediVault_\MEDIVAULT\backend\node_modules\express\lib\router\index.js:280:10)
    at auditMiddleware (E:\Random\MediVault_\MEDIVAULT\backend\middleware\auditMiddleware.js:66:12)
    at Layer.handle [as handle_request] (E:\Random\MediVault_\MEDIVAULT\backend\node_modules\express\lib\router\layer.js:95:5)
    at trim_prefix (E:\Random\MediVault_\MEDIVAULT\backend\node_modules\express\lib\router\index.js:328:13)
    at E:\Random\MediVault_\MEDIVAULT\backend\node_modules\express\lib\router\index.js:286:9
    at Function.process_params (E:\Random\MediVault_\MEDIVAULT\backend\node_modules\express\lib\router\index.js:346:12)
    at next (E:\Random\MediVault_\MEDIVAULT\backend\node_modules\express\lib\router\index.js:280:10)
    at E:\Random\MediVault_\MEDIVAULT\backend\server.js:51:3
    at Layer.handle [as handle_request] (E:\Random\MediVault_\MEDIVAULT\backend\node_modules\express\lib\router\layer.js:95:5)
    at trim_prefix (E:\Random\MediVault_\MEDIVAULT\backend\node_modules\express\lib\router\index.js:328:13)
    at E:\Random\MediVault_\MEDIVAULT\backend\node_modules\express\lib\router\index.js:286:9
2026-03-06 19:04:06 [ERROR]: Error: Route not found: GET /api/patient/dashboard-summary
    at E:\Random\MediVault_\MEDIVAULT\backend\server.js:137:17
    at Layer.handle [as handle_request] (E:\Random\MediVault_\MEDIVAULT\backend\node_modules\express\lib\router\layer.js:95:5)
    at trim_prefix (E:\Random\MediVault_\MEDIVAULT\backend\node_modules\express\lib\router\index.js:328:13)
    at E:\Random\MediVault_\MEDIVAULT\backend\node_modules\express\lib\router\index.js:286:9
    at Function.process_params (E:\Random\MediVault_\MEDIVAULT\backend\node_modules\express\lib\router\index.js:346:12)
    at next (E:\Random\MediVault_\MEDIVAULT\backend\node_modules\express\lib\router\index.js:280:10)
    at auditMiddleware (E:\Random\MediVault_\MEDIVAULT\backend\middleware\auditMiddleware.js:66:12)
    at Layer.handle [as handle_request] (E:\Random\MediVault_\MEDIVAULT\backend\node_modules\express\lib\router\layer.js:95:5)
    at trim_prefix (E:\Random\MediVault_\MEDIVAULT\backend\node_modules\express\lib\router\index.js:328:13)
    at E:\Random\MediVault_\MEDIVAULT\backend\node_modules\express\lib\router\index.js:286:9
    at Function.process_params (E:\Random\MediVault_\MEDIVAULT\backend\node_modules\express\lib\router\index.js:346:12)
    at next (E:\Random\MediVault_\MEDIVAULT\backend\node_modules\express\lib\router\index.js:280:10)
    at E:\Random\MediVault_\MEDIVAULT\backend\server.js:51:3
    at Layer.handle [as handle_request] (E:\Random\MediVault_\MEDIVAULT\backend\node_modules\express\lib\router\layer.js:95:5)
    at trim_prefix (E:\Random\MediVault_\MEDIVAULT\backend\node_modules\express\lib\router\index.js:328:13)
    at E:\Random\MediVault_\MEDIVAULT\backend\node_modules\express\lib\router\index.js:286:9
2026-03-06 19:04:07 [ERROR]: Error: Route not found: GET /api/patient/dashboard-summary
    at E:\Random\MediVault_\MEDIVAULT\backend\server.js:137:17
    at Layer.handle [as handle_request] (E:\Random\MediVault_\MEDIVAULT\backend\node_modules\express\lib\router\layer.js:95:5)
    at trim_prefix (E:\Random\MediVault_\MEDIVAULT\backend\node_modules\express\lib\router\index.js:328:13)
    at E:\Random\MediVault_\MEDIVAULT\backend\node_modules\express\lib\router\index.js:286:9
    at Function.process_params (E:\Random\MediVault_\MEDIVAULT\backend\node_modules\express\lib\router\index.js:346:12)
    at next (E:\Random\MediVault_\MEDIVAULT\backend\node_modules\express\lib\router\index.js:280:10)
    at auditMiddleware (E:\Random\MediVault_\MEDIVAULT\backend\middleware\auditMiddleware.js:66:12)
    at Layer.handle [as handle_request] (E:\Random\MediVault_\MEDIVAULT\backend\node_modules\express\lib\router\layer.js:95:5)
    at trim_prefix (E:\Random\MediVault_\MEDIVAULT\backend\node_modules\express\lib\router\index.js:328:13)
    at E:\Random\MediVault_\MEDIVAULT\backend\node_modules\express\lib\router\index.js:286:9
    at Function.process_params (E:\Random\MediVault_\MEDIVAULT\backend\node_modules\express\lib\router\index.js:346:12)
    at next (E:\Random\MediVault_\MEDIVAULT\backend\node_modules\express\lib\router\index.js:280:10)
    at E:\Random\MediVault_\MEDIVAULT\backend\server.js:51:3
    at Layer.handle [as handle_request] (E:\Random\MediVault_\MEDIVAULT\backend\node_modules\express\lib\router\layer.js:95:5)
    at trim_prefix (E:\Random\MediVault_\MEDIVAULT\backend\node_modules\express\lib\router\index.js:328:13)
    at E:\Random\MediVault_\MEDIVAULT\backend\node_modules\express\lib\router\index.js:286:9
2026-03-06 19:04:07 [ERROR]: Error: Route not found: GET /api/patient/dashboard-summary
    at E:\Random\MediVault_\MEDIVAULT\backend\server.js:137:17
    at Layer.handle [as handle_request] (E:\Random\MediVault_\MEDIVAULT\backend\node_modules\express\lib\router\layer.js:95:5)
    at trim_prefix (E:\Random\MediVault_\MEDIVAULT\backend\node_modules\express\lib\router\index.js:328:13)
    at E:\Random\MediVault_\MEDIVAULT\backend\node_modules\express\lib\router\index.js:286:9
    at Function.process_params (E:\Random\MediVault_\MEDIVAULT\backend\node_modules\express\lib\router\index.js:346:12)
    at next (E:\Random\MediVault_\MEDIVAULT\backend\node_modules\express\lib\router\index.js:280:10)
    at auditMiddleware (E:\Random\MediVault_\MEDIVAULT\backend\middleware\auditMiddleware.js:66:12)
    at Layer.handle [as handle_request] (E:\Random\MediVault_\MEDIVAULT\backend\node_modules\express\lib\router\layer.js:95:5)
    at trim_prefix (E:\Random\MediVault_\MEDIVAULT\backend\node_modules\express\lib\router\index.js:328:13)
    at E:\Random\MediVault_\MEDIVAULT\backend\node_modules\express\lib\router\index.js:286:9
    at Function.process_params (E:\Random\MediVault_\MEDIVAULT\backend\node_modules\express\lib\router\index.js:346:12)
    at next (E:\Random\MediVault_\MEDIVAULT\backend\node_modules\express\lib\router\index.js:280:10)
    at E:\Random\MediVault_\MEDIVAULT\backend\server.js:51:3
    at Layer.handle [as handle_request] (E:\Random\MediVault_\MEDIVAULT\backend\node_modules\express\lib\router\layer.js:95:5)
    at trim_prefix (E:\Random\MediVault_\MEDIVAULT\backend\node_modules\express\lib\router\index.js:328:13)
    at E:\Random\MediVault_\MEDIVAULT\backend\node_modules\express\lib\router\index.js:286:9
2026-03-06 19:04:07 [ERROR]: Error: Route not found: GET /api/patient/dashboard-summary
    at E:\Random\MediVault_\MEDIVAULT\backend\server.js:137:17
    at Layer.handle [as handle_request] (E:\Random\MediVault_\MEDIVAULT\backend\node_modules\express\lib\router\layer.js:95:5)
    at trim_prefix (E:\Random\MediVault_\MEDIVAULT\backend\node_modules\express\lib\router\index.js:328:13)
    at E:\Random\MediVault_\MEDIVAULT\backend\node_modules\express\lib\router\index.js:286:9
    at Function.process_params (E:\Random\MediVault_\MEDIVAULT\backend\node_modules\express\lib\router\index.js:346:12)
    at next (E:\Random\MediVault_\MEDIVAULT\backend\node_modules\express\lib\router\index.js:280:10)
    at auditMiddleware (E:\Random\MediVault_\MEDIVAULT\backend\middleware\auditMiddleware.js:66:12)
    at Layer.handle [as handle_request] (E:\Random\MediVault_\MEDIVAULT\backend\node_modules\express\lib\router\layer.js:95:5)
    at trim_prefix (E:\Random\MediVault_\MEDIVAULT\backend\node_modules\express\lib\router\index.js:328:13)
    at E:\Random\MediVault_\MEDIVAULT\backend\node_modules\express\lib\router\index.js:286:9
    at Function.process_params (E:\Random\MediVault_\MEDIVAULT\backend\node_modules\express\lib\router\index.js:346:12)
    at next (E:\Random\MediVault_\MEDIVAULT\backend\node_modules\express\lib\router\index.js:280:10)
    at E:\Random\MediVault_\MEDIVAULT\backend\server.js:51:3
    at Layer.handle [as handle_request] (E:\Random\MediVault_\MEDIVAULT\backend\node_modules\express\lib\router\layer.js:95:5)
    at trim_prefix (E:\Random\MediVault_\MEDIVAULT\backend\node_modules\express\lib\router\index.js:328:13)
    at E:\Random\MediVault_\MEDIVAULT\backend\node_modules\express\lib\router\index.js:286:9
2026-03-06 19:04:07 [ERROR]: Error: Route not found: GET /api/patient/dashboard-summary
    at E:\Random\MediVault_\MEDIVAULT\backend\server.js:137:17
    at Layer.handle [as handle_request] (E:\Random\MediVault_\MEDIVAULT\backend\node_modules\express\lib\router\layer.js:95:5)
    at trim_prefix (E:\Random\MediVault_\MEDIVAULT\backend\node_modules\express\lib\router\index.js:328:13)
    at E:\Random\MediVault_\MEDIVAULT\backend\node_modules\express\lib\router\index.js:286:9
    at Function.process_params (E:\Random\MediVault_\MEDIVAULT\backend\node_modules\express\lib\router\index.js:346:12)
    at next (E:\Random\MediVault_\MEDIVAULT\backend\node_modules\express\lib\router\index.js:280:10)
    at auditMiddleware (E:\Random\MediVault_\MEDIVAULT\backend\middleware\auditMiddleware.js:66:12)
    at Layer.handle [as handle_request] (E:\Random\MediVault_\MEDIVAULT\backend\node_modules\express\lib\router\layer.js:95:5)
    at trim_prefix (E:\Random\MediVault_\MEDIVAULT\backend\node_modules\express\lib\router\index.js:328:13)
    at E:\Random\MediVault_\MEDIVAULT\backend\node_modules\express\lib\router\index.js:286:9
    at Function.process_params (E:\Random\MediVault_\MEDIVAULT\backend\node_modules\express\lib\router\index.js:346:12)
    at next (E:\Random\MediVault_\MEDIVAULT\backend\node_modules\express\lib\router\index.js:280:10)
    at E:\Random\MediVault_\MEDIVAULT\backend\server.js:51:3
    at Layer.handle [as handle_request] (E:\Random\MediVault_\MEDIVAULT\backend\node_modules\express\lib\router\layer.js:95:5)
    at trim_prefix (E:\Random\MediVault_\MEDIVAULT\backend\node_modules\express\lib\router\index.js:328:13)
    at E:\Random\MediVault_\MEDIVAULT\backend\node_modules\express\lib\router\index.js:286:9
2026-03-06 19:04:07 [ERROR]: Error: Route not found: GET /api/patient/dashboard-summary
    at E:\Random\MediVault_\MEDIVAULT\backend\server.js:137:17
    at Layer.handle [as handle_request] (E:\Random\MediVault_\MEDIVAULT\backend\node_modules\express\lib\router\layer.js:95:5)
    at trim_prefix (E:\Random\MediVault_\MEDIVAULT\backend\node_modules\express\lib\router\index.js:328:13)
    at E:\Random\MediVault_\MEDIVAULT\backend\node_modules\express\lib\router\index.js:286:9
    at Function.process_params (E:\Random\MediVault_\MEDIVAULT\backend\node_modules\express\lib\router\index.js:346:12)
    at next (E:\Random\MediVault_\MEDIVAULT\backend\node_modules\express\lib\router\index.js:280:10)
    at auditMiddleware (E:\Random\MediVault_\MEDIVAULT\backend\middleware\auditMiddleware.js:66:12)
    at Layer.handle [as handle_request] (E:\Random\MediVault_\MEDIVAULT\backend\node_modules\express\lib\router\layer.js:95:5)
    at trim_prefix (E:\Random\MediVault_\MEDIVAULT\backend\node_modules\express\lib\router\index.js:328:13)
    at E:\Random\MediVault_\MEDIVAULT\backend\node_modules\express\lib\router\index.js:286:9
    at Function.process_params (E:\Random\MediVault_\MEDIVAULT\backend\node_modules\express\lib\router\index.js:346:12)
    at next (E:\Random\MediVault_\MEDIVAULT\backend\node_modules\express\lib\router\index.js:280:10)
    at E:\Random\MediVault_\MEDIVAULT\backend\server.js:51:3
    at Layer.handle [as handle_request] (E:\Random\MediVault_\MEDIVAULT\backend\node_modules\express\lib\router\layer.js:95:5)
    at trim_prefix (E:\Random\MediVault_\MEDIVAULT\backend\node_modules\express\lib\router\index.js:328:13)
    at E:\Random\MediVault_\MEDIVAULT\backend\node_modules\express\lib\router\index.js:286:9
2026-03-06 19:04:08 [ERROR]: Error: Route not found: GET /api/patient/dashboard-summary
    at E:\Random\MediVault_\MEDIVAULT\backend\server.js:137:17
    at Layer.handle [as handle_request] (E:\Random\MediVault_\MEDIVAULT\backend\node_modules\express\lib\router\layer.js:95:5)
    at trim_prefix (E:\Random\MediVault_\MEDIVAULT\backend\node_modules\express\lib\router\index.js:328:13)
    at E:\Random\MediVault_\MEDIVAULT\backend\node_modules\express\lib\router\index.js:286:9
    at Function.process_params (E:\Random\MediVault_\MEDIVAULT\backend\node_modules\express\lib\router\index.js:346:12)
    at next (E:\Random\MediVault_\MEDIVAULT\backend\node_modules\express\lib\router\index.js:280:10)
    at auditMiddleware (E:\Random\MediVault_\MEDIVAULT\backend\middleware\auditMiddleware.js:66:12)
    at Layer.handle [as handle_request] (E:\Random\MediVault_\MEDIVAULT\backend\node_modules\express\lib\router\layer.js:95:5)
    at trim_prefix (E:\Random\MediVault_\MEDIVAULT\backend\node_modules\express\lib\router\index.js:328:13)
    at E:\Random\MediVault_\MEDIVAULT\backend\node_modules\express\lib\router\index.js:286:9
    at Function.process_params (E:\Random\MediVault_\MEDIVAULT\backend\node_modules\express\lib\router\index.js:346:12)
    at next (E:\Random\MediVault_\MEDIVAULT\backend\node_modules\express\lib\router\index.js:280:10)
    at E:\Random\MediVault_\MEDIVAULT\backend\server.js:51:3
    at Layer.handle [as handle_request] (E:\Random\MediVault_\MEDIVAULT\backend\node_modules\express\lib\router\layer.js:95:5)
    at trim_prefix (E:\Random\MediVault_\MEDIVAULT\backend\node_modules\express\lib\router\index.js:328:13)
    at E:\Random\MediVault_\MEDIVAULT\backend\node_modules\express\lib\router\index.js:286:9
2026-03-06 19:04:08 [ERROR]: Error: Route not found: GET /api/patient/dashboard-summary
    at E:\Random\MediVault_\MEDIVAULT\backend\server.js:137:17
    at Layer.handle [as handle_request] (E:\Random\MediVault_\MEDIVAULT\backend\node_modules\express\lib\router\layer.js:95:5)
    at trim_prefix (E:\Random\MediVault_\MEDIVAULT\backend\node_modules\express\lib\router\index.js:328:13)
    at E:\Random\MediVault_\MEDIVAULT\backend\node_modules\express\lib\router\index.js:286:9
    at Function.process_params (E:\Random\MediVault_\MEDIVAULT\backend\node_modules\express\lib\router\index.js:346:12)
    at next (E:\Random\MediVault_\MEDIVAULT\backend\node_modules\express\lib\router\index.js:280:10)
    at auditMiddleware (E:\Random\MediVault_\MEDIVAULT\backend\middleware\auditMiddleware.js:66:12)
    at Layer.handle [as handle_request] (E:\Random\MediVault_\MEDIVAULT\backend\node_modules\express\lib\router\layer.js:95:5)
    at trim_prefix (E:\Random\MediVault_\MEDIVAULT\backend\node_modules\express\lib\router\index.js:328:13)
    at E:\Random\MediVault_\MEDIVAULT\backend\node_modules\express\lib\router\index.js:286:9
    at Function.process_params (E:\Random\MediVault_\MEDIVAULT\backend\node_modules\express\lib\router\index.js:346:12)
    at next (E:\Random\MediVault_\MEDIVAULT\backend\node_modules\express\lib\router\index.js:280:10)
    at E:\Random\MediVault_\MEDIVAULT\backend\server.js:51:3
    at Layer.handle [as handle_request] (E:\Random\MediVault_\MEDIVAULT\backend\node_modules\express\lib\router\layer.js:95:5)
    at trim_prefix (E:\Random\MediVault_\MEDIVAULT\backend\node_modules\express\lib\router\index.js:328:13)
    at E:\Random\MediVault_\MEDIVAULT\backend\node_modules\express\lib\router\index.js:286:9
2026-03-06 19:04:08 [ERROR]: Error: Route not found: GET /api/patient/dashboard-summary
    at E:\Random\MediVault_\MEDIVAULT\backend\server.js:137:17
    at Layer.handle [as handle_request] (E:\Random\MediVault_\MEDIVAULT\backend\node_modules\express\lib\router\layer.js:95:5)
    at trim_prefix (E:\Random\MediVault_\MEDIVAULT\backend\node_modules\express\lib\router\index.js:328:13)
    at E:\Random\MediVault_\MEDIVAULT\backend\node_modules\express\lib\router\index.js:286:9
    at Function.process_params (E:\Random\MediVault_\MEDIVAULT\backend\node_modules\express\lib\router\index.js:346:12)
    at next (E:\Random\MediVault_\MEDIVAULT\backend\node_modules\express\lib\router\index.js:280:10)
    at auditMiddleware (E:\Random\MediVault_\MEDIVAULT\backend\middleware\auditMiddleware.js:66:12)
    at Layer.handle [as handle_request] (E:\Random\MediVault_\MEDIVAULT\backend\node_modules\express\lib\router\layer.js:95:5)
    at trim_prefix (E:\Random\MediVault_\MEDIVAULT\backend\node_modules\express\lib\router\index.js:328:13)
    at E:\Random\MediVault_\MEDIVAULT\backend\node_modules\express\lib\router\index.js:286:9
    at Function.process_params (E:\Random\MediVault_\MEDIVAULT\backend\node_modules\express\lib\router\index.js:346:12)
    at next (E:\Random\MediVault_\MEDIVAULT\backend\node_modules\express\lib\router\index.js:280:10)
    at E:\Random\MediVault_\MEDIVAULT\backend\server.js:51:3
    at Layer.handle [as handle_request] (E:\Random\MediVault_\MEDIVAULT\backend\node_modules\express\lib\router\layer.js:95:5)
    at trim_prefix (E:\Random\MediVault_\MEDIVAULT\backend\node_modules\express\lib\router\index.js:328:13)
    at E:\Random\MediVault_\MEDIVAULT\backend\node_modules\express\lib\router\index.js:286:9
2026-03-06 19:04:11 [ERROR]: Error: Route not found: GET /api/patient/dashboard-summary
    at E:\Random\MediVault_\MEDIVAULT\backend\server.js:137:17
    at Layer.handle [as handle_request] (E:\Random\MediVault_\MEDIVAULT\backend\node_modules\express\lib\router\layer.js:95:5)
    at trim_prefix (E:\Random\MediVault_\MEDIVAULT\backend\node_modules\express\lib\router\index.js:328:13)
    at E:\Random\MediVault_\MEDIVAULT\backend\node_modules\express\lib\router\index.js:286:9
    at Function.process_params (E:\Random\MediVault_\MEDIVAULT\backend\node_modules\express\lib\router\index.js:346:12)
    at next (E:\Random\MediVault_\MEDIVAULT\backend\node_modules\express\lib\router\index.js:280:10)
    at auditMiddleware (E:\Random\MediVault_\MEDIVAULT\backend\middleware\auditMiddleware.js:66:12)
    at Layer.handle [as handle_request] (E:\Random\MediVault_\MEDIVAULT\backend\node_modules\express\lib\router\layer.js:95:5)
    at trim_prefix (E:\Random\MediVault_\MEDIVAULT\backend\node_modules\express\lib\router\index.js:328:13)
    at E:\Random\MediVault_\MEDIVAULT\backend\node_modules\express\lib\router\index.js:286:9
    at Function.process_params (E:\Random\MediVault_\MEDIVAULT\backend\node_modules\express\lib\router\index.js:346:12)
    at next (E:\Random\MediVault_\MEDIVAULT\backend\node_modules\express\lib\router\index.js:280:10)
    at E:\Random\MediVault_\MEDIVAULT\backend\server.js:51:3
    at Layer.handle [as handle_request] (E:\Random\MediVault_\MEDIVAULT\backend\node_modules\express\lib\router\layer.js:95:5)
    at trim_prefix (E:\Random\MediVault_\MEDIVAULT\backend\node_modules\express\lib\router\index.js:328:13)
    at E:\Random\MediVault_\MEDIVAULT\backend\node_modules\express\lib\router\index.js:286:9
2026-03-06 19:06:44 [ERROR]: Error: Route not found: GET /api/patient/dashboard-summary
    at E:\Random\MediVault_\MEDIVAULT\backend\server.js:137:17
    at Layer.handle [as handle_request] (E:\Random\MediVault_\MEDIVAULT\backend\node_modules\express\lib\router\layer.js:95:5)
    at trim_prefix (E:\Random\MediVault_\MEDIVAULT\backend\node_modules\express\lib\router\index.js:328:13)
    at E:\Random\MediVault_\MEDIVAULT\backend\node_modules\express\lib\router\index.js:286:9
    at Function.process_params (E:\Random\MediVault_\MEDIVAULT\backend\node_modules\express\lib\router\index.js:346:12)
    at next (E:\Random\MediVault_\MEDIVAULT\backend\node_modules\express\lib\router\index.js:280:10)
    at auditMiddleware (E:\Random\MediVault_\MEDIVAULT\backend\middleware\auditMiddleware.js:66:12)
    at Layer.handle [as handle_request] (E:\Random\MediVault_\MEDIVAULT\backend\node_modules\express\lib\router\layer.js:95:5)
    at trim_prefix (E:\Random\MediVault_\MEDIVAULT\backend\node_modules\express\lib\router\index.js:328:13)
    at E:\Random\MediVault_\MEDIVAULT\backend\node_modules\express\lib\router\index.js:286:9
    at Function.process_params (E:\Random\MediVault_\MEDIVAULT\backend\node_modules\express\lib\router\index.js:346:12)
    at next (E:\Random\MediVault_\MEDIVAULT\backend\node_modules\express\lib\router\index.js:280:10)
    at E:\Random\MediVault_\MEDIVAULT\backend\server.js:51:3
    at Layer.handle [as handle_request] (E:\Random\MediVault_\MEDIVAULT\backend\node_modules\express\lib\router\layer.js:95:5)
    at trim_prefix (E:\Random\MediVault_\MEDIVAULT\backend\node_modules\express\lib\router\index.js:328:13)
    at E:\Random\MediVault_\MEDIVAULT\backend\node_modules\express\lib\router\index.js:286:9
2026-03-06 19:29:05 [ERROR]: Error: Route not found: GET /api/labs/69a93a44b22e1a6ee8f33553
    at E:\Random\MediVault_\MEDIVAULT\backend\server.js:137:17
    at Layer.handle [as handle_request] (E:\Random\MediVault_\MEDIVAULT\backend\node_modules\express\lib\router\layer.js:95:5)
    at trim_prefix (E:\Random\MediVault_\MEDIVAULT\backend\node_modules\express\lib\router\index.js:328:13)
    at E:\Random\MediVault_\MEDIVAULT\backend\node_modules\express\lib\router\index.js:286:9
    at Function.process_params (E:\Random\MediVault_\MEDIVAULT\backend\node_modules\express\lib\router\index.js:346:12)
    at next (E:\Random\MediVault_\MEDIVAULT\backend\node_modules\express\lib\router\index.js:280:10)
    at E:\Random\MediVault_\MEDIVAULT\backend\node_modules\express\lib\router\index.js:646:15
    at next (E:\Random\MediVault_\MEDIVAULT\backend\node_modules\express\lib\router\index.js:265:14)
    at Function.handle (E:\Random\MediVault_\MEDIVAULT\backend\node_modules\express\lib\router\index.js:175:3)
    at router (E:\Random\MediVault_\MEDIVAULT\backend\node_modules\express\lib\router\index.js:47:12)
    at Layer.handle [as handle_request] (E:\Random\MediVault_\MEDIVAULT\backend\node_modules\express\lib\router\layer.js:95:5)
    at trim_prefix (E:\Random\MediVault_\MEDIVAULT\backend\node_modules\express\lib\router\index.js:328:13)
    at E:\Random\MediVault_\MEDIVAULT\backend\node_modules\express\lib\router\index.js:286:9
    at Function.process_params (E:\Random\MediVault_\MEDIVAULT\backend\node_modules\express\lib\router\index.js:346:12)
    at next (E:\Random\MediVault_\MEDIVAULT\backend\node_modules\express\lib\router\index.js:280:10)
    at auditMiddleware (E:\Random\MediVault_\MEDIVAULT\backend\middleware\auditMiddleware.js:66:12)
2026-03-06 19:29:05 [ERROR]: Error: Route not found: GET /api/labs/69a93a44b22e1a6ee8f33553
    at E:\Random\MediVault_\MEDIVAULT\backend\server.js:137:17
    at Layer.handle [as handle_request] (E:\Random\MediVault_\MEDIVAULT\backend\node_modules\express\lib\router\layer.js:95:5)
    at trim_prefix (E:\Random\MediVault_\MEDIVAULT\backend\node_modules\express\lib\router\index.js:328:13)
    at E:\Random\MediVault_\MEDIVAULT\backend\node_modules\express\lib\router\index.js:286:9
    at Function.process_params (E:\Random\MediVault_\MEDIVAULT\backend\node_modules\express\lib\router\index.js:346:12)
    at next (E:\Random\MediVault_\MEDIVAULT\backend\node_modules\express\lib\router\index.js:280:10)
    at E:\Random\MediVault_\MEDIVAULT\backend\node_modules\express\lib\router\index.js:646:15
    at next (E:\Random\MediVault_\MEDIVAULT\backend\node_modules\express\lib\router\index.js:265:14)
    at Function.handle (E:\Random\MediVault_\MEDIVAULT\backend\node_modules\express\lib\router\index.js:175:3)
    at router (E:\Random\MediVault_\MEDIVAULT\backend\node_modules\express\lib\router\index.js:47:12)
    at Layer.handle [as handle_request] (E:\Random\MediVault_\MEDIVAULT\backend\node_modules\express\lib\router\layer.js:95:5)
    at trim_prefix (E:\Random\MediVault_\MEDIVAULT\backend\node_modules\express\lib\router\index.js:328:13)
    at E:\Random\MediVault_\MEDIVAULT\backend\node_modules\express\lib\router\index.js:286:9
    at Function.process_params (E:\Random\MediVault_\MEDIVAULT\backend\node_modules\express\lib\router\index.js:346:12)
    at next (E:\Random\MediVault_\MEDIVAULT\backend\node_modules\express\lib\router\index.js:280:10)
    at auditMiddleware (E:\Random\MediVault_\MEDIVAULT\backend\middleware\auditMiddleware.js:66:12)
2026-03-06 19:29:11 [ERROR]: Error: Route not found: GET /api/appointments/patient/69a93a44b22e1a6ee8f33553
    at E:\Random\MediVault_\MEDIVAULT\backend\server.js:137:17
    at Layer.handle [as handle_request] (E:\Random\MediVault_\MEDIVAULT\backend\node_modules\express\lib\router\layer.js:95:5)
    at trim_prefix (E:\Random\MediVault_\MEDIVAULT\backend\node_modules\express\lib\router\index.js:328:13)
    at E:\Random\MediVault_\MEDIVAULT\backend\node_modules\express\lib\router\index.js:286:9
    at Function.process_params (E:\Random\MediVault_\MEDIVAULT\backend\node_modules\express\lib\router\index.js:346:12)
    at next (E:\Random\MediVault_\MEDIVAULT\backend\node_modules\express\lib\router\index.js:280:10)
    at E:\Random\MediVault_\MEDIVAULT\backend\node_modules\express\lib\router\index.js:646:15
    at next (E:\Random\MediVault_\MEDIVAULT\backend\node_modules\express\lib\router\index.js:265:14)
    at Function.handle (E:\Random\MediVault_\MEDIVAULT\backend\node_modules\express\lib\router\index.js:175:3)
    at router (E:\Random\MediVault_\MEDIVAULT\backend\node_modules\express\lib\router\index.js:47:12)
    at Layer.handle [as handle_request] (E:\Random\MediVault_\MEDIVAULT\backend\node_modules\express\lib\router\layer.js:95:5)
    at trim_prefix (E:\Random\MediVault_\MEDIVAULT\backend\node_modules\express\lib\router\index.js:328:13)
    at E:\Random\MediVault_\MEDIVAULT\backend\node_modules\express\lib\router\index.js:286:9
    at Function.process_params (E:\Random\MediVault_\MEDIVAULT\backend\node_modules\express\lib\router\index.js:346:12)
    at next (E:\Random\MediVault_\MEDIVAULT\backend\node_modules\express\lib\router\index.js:280:10)
    at auditMiddleware (E:\Random\MediVault_\MEDIVAULT\backend\middleware\auditMiddleware.js:66:12)
2026-03-06 19:29:11 [ERROR]: Error: Route not found: GET /api/appointments/patient/69a93a44b22e1a6ee8f33553
    at E:\Random\MediVault_\MEDIVAULT\backend\server.js:137:17
    at Layer.handle [as handle_request] (E:\Random\MediVault_\MEDIVAULT\backend\node_modules\express\lib\router\layer.js:95:5)
    at trim_prefix (E:\Random\MediVault_\MEDIVAULT\backend\node_modules\express\lib\router\index.js:328:13)
    at E:\Random\MediVault_\MEDIVAULT\backend\node_modules\express\lib\router\index.js:286:9
    at Function.process_params (E:\Random\MediVault_\MEDIVAULT\backend\node_modules\express\lib\router\index.js:346:12)
    at next (E:\Random\MediVault_\MEDIVAULT\backend\node_modules\express\lib\router\index.js:280:10)
    at E:\Random\MediVault_\MEDIVAULT\backend\node_modules\express\lib\router\index.js:646:15
    at next (E:\Random\MediVault_\MEDIVAULT\backend\node_modules\express\lib\router\index.js:265:14)
    at Function.handle (E:\Random\MediVault_\MEDIVAULT\backend\node_modules\express\lib\router\index.js:175:3)
    at router (E:\Random\MediVault_\MEDIVAULT\backend\node_modules\express\lib\router\index.js:47:12)
    at Layer.handle [as handle_request] (E:\Random\MediVault_\MEDIVAULT\backend\node_modules\express\lib\router\layer.js:95:5)
    at trim_prefix (E:\Random\MediVault_\MEDIVAULT\backend\node_modules\express\lib\router\index.js:328:13)
    at E:\Random\MediVault_\MEDIVAULT\backend\node_modules\express\lib\router\index.js:286:9
    at Function.process_params (E:\Random\MediVault_\MEDIVAULT\backend\node_modules\express\lib\router\index.js:346:12)
    at next (E:\Random\MediVault_\MEDIVAULT\backend\node_modules\express\lib\router\index.js:280:10)
    at auditMiddleware (E:\Random\MediVault_\MEDIVAULT\backend\middleware\auditMiddleware.js:66:12)
2026-03-06 19:29:33 [ERROR]: Error: Route not found: GET /api/ai/risk/69a93a44b22e1a6ee8f33553
    at E:\Random\MediVault_\MEDIVAULT\backend\server.js:137:17
    at Layer.handle [as handle_request] (E:\Random\MediVault_\MEDIVAULT\backend\node_modules\express\lib\router\layer.js:95:5)
    at trim_prefix (E:\Random\MediVault_\MEDIVAULT\backend\node_modules\express\lib\router\index.js:328:13)
    at E:\Random\MediVault_\MEDIVAULT\backend\node_modules\express\lib\router\index.js:286:9
    at Function.process_params (E:\Random\MediVault_\MEDIVAULT\backend\node_modules\express\lib\router\index.js:346:12)
    at next (E:\Random\MediVault_\MEDIVAULT\backend\node_modules\express\lib\router\index.js:280:10)
    at E:\Random\MediVault_\MEDIVAULT\backend\node_modules\express\lib\router\index.js:646:15
    at next (E:\Random\MediVault_\MEDIVAULT\backend\node_modules\express\lib\router\index.js:265:14)
    at Function.handle (E:\Random\MediVault_\MEDIVAULT\backend\node_modules\express\lib\router\index.js:175:3)
    at router (E:\Random\MediVault_\MEDIVAULT\backend\node_modules\express\lib\router\index.js:47:12)
    at Layer.handle [as handle_request] (E:\Random\MediVault_\MEDIVAULT\backend\node_modules\express\lib\router\layer.js:95:5)
    at trim_prefix (E:\Random\MediVault_\MEDIVAULT\backend\node_modules\express\lib\router\index.js:328:13)
    at E:\Random\MediVault_\MEDIVAULT\backend\node_modules\express\lib\router\index.js:286:9
    at Function.process_params (E:\Random\MediVault_\MEDIVAULT\backend\node_modules\express\lib\router\index.js:346:12)
    at next (E:\Random\MediVault_\MEDIVAULT\backend\node_modules\express\lib\router\index.js:280:10)
    at auditMiddleware (E:\Random\MediVault_\MEDIVAULT\backend\middleware\auditMiddleware.js:66:12)
2026-03-06 19:29:33 [ERROR]: Error: Route not found: GET /api/ai/risk/69a93a44b22e1a6ee8f33553
    at E:\Random\MediVault_\MEDIVAULT\backend\server.js:137:17
    at Layer.handle [as handle_request] (E:\Random\MediVault_\MEDIVAULT\backend\node_modules\express\lib\router\layer.js:95:5)
    at trim_prefix (E:\Random\MediVault_\MEDIVAULT\backend\node_modules\express\lib\router\index.js:328:13)
    at E:\Random\MediVault_\MEDIVAULT\backend\node_modules\express\lib\router\index.js:286:9
    at Function.process_params (E:\Random\MediVault_\MEDIVAULT\backend\node_modules\express\lib\router\index.js:346:12)
    at next (E:\Random\MediVault_\MEDIVAULT\backend\node_modules\express\lib\router\index.js:280:10)
    at E:\Random\MediVault_\MEDIVAULT\backend\node_modules\express\lib\router\index.js:646:15
    at next (E:\Random\MediVault_\MEDIVAULT\backend\node_modules\express\lib\router\index.js:265:14)
    at Function.handle (E:\Random\MediVault_\MEDIVAULT\backend\node_modules\express\lib\router\index.js:175:3)
    at router (E:\Random\MediVault_\MEDIVAULT\backend\node_modules\express\lib\router\index.js:47:12)
    at Layer.handle [as handle_request] (E:\Random\MediVault_\MEDIVAULT\backend\node_modules\express\lib\router\layer.js:95:5)
    at trim_prefix (E:\Random\MediVault_\MEDIVAULT\backend\node_modules\express\lib\router\index.js:328:13)
    at E:\Random\MediVault_\MEDIVAULT\backend\node_modules\express\lib\router\index.js:286:9
    at Function.process_params (E:\Random\MediVault_\MEDIVAULT\backend\node_modules\express\lib\router\index.js:346:12)
    at next (E:\Random\MediVault_\MEDIVAULT\backend\node_modules\express\lib\router\index.js:280:10)
    at auditMiddleware (E:\Random\MediVault_\MEDIVAULT\backend\middleware\auditMiddleware.js:66:12)
2026-03-06 19:29:37 [ERROR]: Error: Route not found: GET /api/notifications/patient/69a93a44b22e1a6ee8f33553
    at E:\Random\MediVault_\MEDIVAULT\backend\server.js:137:17
    at Layer.handle [as handle_request] (E:\Random\MediVault_\MEDIVAULT\backend\node_modules\express\lib\router\layer.js:95:5)
    at trim_prefix (E:\Random\MediVault_\MEDIVAULT\backend\node_modules\express\lib\router\index.js:328:13)
    at E:\Random\MediVault_\MEDIVAULT\backend\node_modules\express\lib\router\index.js:286:9
    at Function.process_params (E:\Random\MediVault_\MEDIVAULT\backend\node_modules\express\lib\router\index.js:346:12)
    at next (E:\Random\MediVault_\MEDIVAULT\backend\node_modules\express\lib\router\index.js:280:10)
    at E:\Random\MediVault_\MEDIVAULT\backend\node_modules\express\lib\router\index.js:646:15
    at next (E:\Random\MediVault_\MEDIVAULT\backend\node_modules\express\lib\router\index.js:265:14)
    at Function.handle (E:\Random\MediVault_\MEDIVAULT\backend\node_modules\express\lib\router\index.js:175:3)
    at router (E:\Random\MediVault_\MEDIVAULT\backend\node_modules\express\lib\router\index.js:47:12)
    at Layer.handle [as handle_request] (E:\Random\MediVault_\MEDIVAULT\backend\node_modules\express\lib\router\layer.js:95:5)
    at trim_prefix (E:\Random\MediVault_\MEDIVAULT\backend\node_modules\express\lib\router\index.js:328:13)
    at E:\Random\MediVault_\MEDIVAULT\backend\node_modules\express\lib\router\index.js:286:9
    at Function.process_params (E:\Random\MediVault_\MEDIVAULT\backend\node_modules\express\lib\router\index.js:346:12)
    at next (E:\Random\MediVault_\MEDIVAULT\backend\node_modules\express\lib\router\index.js:280:10)
    at auditMiddleware (E:\Random\MediVault_\MEDIVAULT\backend\middleware\auditMiddleware.js:66:12)
2026-03-06 19:29:37 [ERROR]: Error: Route not found: GET /api/notifications/patient/69a93a44b22e1a6ee8f33553
    at E:\Random\MediVault_\MEDIVAULT\backend\server.js:137:17
    at Layer.handle [as handle_request] (E:\Random\MediVault_\MEDIVAULT\backend\node_modules\express\lib\router\layer.js:95:5)
    at trim_prefix (E:\Random\MediVault_\MEDIVAULT\backend\node_modules\express\lib\router\index.js:328:13)
    at E:\Random\MediVault_\MEDIVAULT\backend\node_modules\express\lib\router\index.js:286:9
    at Function.process_params (E:\Random\MediVault_\MEDIVAULT\backend\node_modules\express\lib\router\index.js:346:12)
    at next (E:\Random\MediVault_\MEDIVAULT\backend\node_modules\express\lib\router\index.js:280:10)
    at E:\Random\MediVault_\MEDIVAULT\backend\node_modules\express\lib\router\index.js:646:15
    at next (E:\Random\MediVault_\MEDIVAULT\backend\node_modules\express\lib\router\index.js:265:14)
    at Function.handle (E:\Random\MediVault_\MEDIVAULT\backend\node_modules\express\lib\router\index.js:175:3)
    at router (E:\Random\MediVault_\MEDIVAULT\backend\node_modules\express\lib\router\index.js:47:12)
    at Layer.handle [as handle_request] (E:\Random\MediVault_\MEDIVAULT\backend\node_modules\express\lib\router\layer.js:95:5)
    at trim_prefix (E:\Random\MediVault_\MEDIVAULT\backend\node_modules\express\lib\router\index.js:328:13)
    at E:\Random\MediVault_\MEDIVAULT\backend\node_modules\express\lib\router\index.js:286:9
    at Function.process_params (E:\Random\MediVault_\MEDIVAULT\backend\node_modules\express\lib\router\index.js:346:12)
    at next (E:\Random\MediVault_\MEDIVAULT\backend\node_modules\express\lib\router\index.js:280:10)
    at auditMiddleware (E:\Random\MediVault_\MEDIVAULT\backend\middleware\auditMiddleware.js:66:12)
2026-03-06 19:31:25 [ERROR]: Error: Route not found: GET /api/ai/risk/69a93a44b22e1a6ee8f33553
    at E:\Random\MediVault_\MEDIVAULT\backend\server.js:137:17
    at Layer.handle [as handle_request] (E:\Random\MediVault_\MEDIVAULT\backend\node_modules\express\lib\router\layer.js:95:5)
    at trim_prefix (E:\Random\MediVault_\MEDIVAULT\backend\node_modules\express\lib\router\index.js:328:13)
    at E:\Random\MediVault_\MEDIVAULT\backend\node_modules\express\lib\router\index.js:286:9
    at Function.process_params (E:\Random\MediVault_\MEDIVAULT\backend\node_modules\express\lib\router\index.js:346:12)
    at next (E:\Random\MediVault_\MEDIVAULT\backend\node_modules\express\lib\router\index.js:280:10)
    at E:\Random\MediVault_\MEDIVAULT\backend\node_modules\express\lib\router\index.js:646:15
    at next (E:\Random\MediVault_\MEDIVAULT\backend\node_modules\express\lib\router\index.js:265:14)
    at Function.handle (E:\Random\MediVault_\MEDIVAULT\backend\node_modules\express\lib\router\index.js:175:3)
    at router (E:\Random\MediVault_\MEDIVAULT\backend\node_modules\express\lib\router\index.js:47:12)
    at Layer.handle [as handle_request] (E:\Random\MediVault_\MEDIVAULT\backend\node_modules\express\lib\router\layer.js:95:5)
    at trim_prefix (E:\Random\MediVault_\MEDIVAULT\backend\node_modules\express\lib\router\index.js:328:13)
    at E:\Random\MediVault_\MEDIVAULT\backend\node_modules\express\lib\router\index.js:286:9
    at Function.process_params (E:\Random\MediVault_\MEDIVAULT\backend\node_modules\express\lib\router\index.js:346:12)
    at next (E:\Random\MediVault_\MEDIVAULT\backend\node_modules\express\lib\router\index.js:280:10)
    at auditMiddleware (E:\Random\MediVault_\MEDIVAULT\backend\middleware\auditMiddleware.js:66:12)
2026-03-06 19:31:25 [ERROR]: Error: Route not found: GET /api/ai/risk/69a93a44b22e1a6ee8f33553
    at E:\Random\MediVault_\MEDIVAULT\backend\server.js:137:17
    at Layer.handle [as handle_request] (E:\Random\MediVault_\MEDIVAULT\backend\node_modules\express\lib\router\layer.js:95:5)
    at trim_prefix (E:\Random\MediVault_\MEDIVAULT\backend\node_modules\express\lib\router\index.js:328:13)
    at E:\Random\MediVault_\MEDIVAULT\backend\node_modules\express\lib\router\index.js:286:9
    at Function.process_params (E:\Random\MediVault_\MEDIVAULT\backend\node_modules\express\lib\router\index.js:346:12)
    at next (E:\Random\MediVault_\MEDIVAULT\backend\node_modules\express\lib\router\index.js:280:10)
    at E:\Random\MediVault_\MEDIVAULT\backend\node_modules\express\lib\router\index.js:646:15
    at next (E:\Random\MediVault_\MEDIVAULT\backend\node_modules\express\lib\router\index.js:265:14)
    at Function.handle (E:\Random\MediVault_\MEDIVAULT\backend\node_modules\express\lib\router\index.js:175:3)
    at router (E:\Random\MediVault_\MEDIVAULT\backend\node_modules\express\lib\router\index.js:47:12)
    at Layer.handle [as handle_request] (E:\Random\MediVault_\MEDIVAULT\backend\node_modules\express\lib\router\layer.js:95:5)
    at trim_prefix (E:\Random\MediVault_\MEDIVAULT\backend\node_modules\express\lib\router\index.js:328:13)
    at E:\Random\MediVault_\MEDIVAULT\backend\node_modules\express\lib\router\index.js:286:9
    at Function.process_params (E:\Random\MediVault_\MEDIVAULT\backend\node_modules\express\lib\router\index.js:346:12)
    at next (E:\Random\MediVault_\MEDIVAULT\backend\node_modules\express\lib\router\index.js:280:10)
    at auditMiddleware (E:\Random\MediVault_\MEDIVAULT\backend\middleware\auditMiddleware.js:66:12)
2026-03-06 19:34:57 [ERROR]: Error: Route not found: GET /api/labs/69a93a44b22e1a6ee8f33553
    at E:\Random\MediVault_\MEDIVAULT\backend\server.js:137:17
    at Layer.handle [as handle_request] (E:\Random\MediVault_\MEDIVAULT\backend\node_modules\express\lib\router\layer.js:95:5)
    at trim_prefix (E:\Random\MediVault_\MEDIVAULT\backend\node_modules\express\lib\router\index.js:328:13)
    at E:\Random\MediVault_\MEDIVAULT\backend\node_modules\express\lib\router\index.js:286:9
    at Function.process_params (E:\Random\MediVault_\MEDIVAULT\backend\node_modules\express\lib\router\index.js:346:12)
    at next (E:\Random\MediVault_\MEDIVAULT\backend\node_modules\express\lib\router\index.js:280:10)
    at E:\Random\MediVault_\MEDIVAULT\backend\node_modules\express\lib\router\index.js:646:15
    at next (E:\Random\MediVault_\MEDIVAULT\backend\node_modules\express\lib\router\index.js:265:14)
    at Function.handle (E:\Random\MediVault_\MEDIVAULT\backend\node_modules\express\lib\router\index.js:175:3)
    at router (E:\Random\MediVault_\MEDIVAULT\backend\node_modules\express\lib\router\index.js:47:12)
    at Layer.handle [as handle_request] (E:\Random\MediVault_\MEDIVAULT\backend\node_modules\express\lib\router\layer.js:95:5)
    at trim_prefix (E:\Random\MediVault_\MEDIVAULT\backend\node_modules\express\lib\router\index.js:328:13)
    at E:\Random\MediVault_\MEDIVAULT\backend\node_modules\express\lib\router\index.js:286:9
    at Function.process_params (E:\Random\MediVault_\MEDIVAULT\backend\node_modules\express\lib\router\index.js:346:12)
    at next (E:\Random\MediVault_\MEDIVAULT\backend\node_modules\express\lib\router\index.js:280:10)
    at auditMiddleware (E:\Random\MediVault_\MEDIVAULT\backend\middleware\auditMiddleware.js:66:12)
2026-03-06 19:34:57 [ERROR]: Error: Route not found: GET /api/labs/69a93a44b22e1a6ee8f33553
    at E:\Random\MediVault_\MEDIVAULT\backend\server.js:137:17
    at Layer.handle [as handle_request] (E:\Random\MediVault_\MEDIVAULT\backend\node_modules\express\lib\router\layer.js:95:5)
    at trim_prefix (E:\Random\MediVault_\MEDIVAULT\backend\node_modules\express\lib\router\index.js:328:13)
    at E:\Random\MediVault_\MEDIVAULT\backend\node_modules\express\lib\router\index.js:286:9
    at Function.process_params (E:\Random\MediVault_\MEDIVAULT\backend\node_modules\express\lib\router\index.js:346:12)
    at next (E:\Random\MediVault_\MEDIVAULT\backend\node_modules\express\lib\router\index.js:280:10)
    at E:\Random\MediVault_\MEDIVAULT\backend\node_modules\express\lib\router\index.js:646:15
    at next (E:\Random\MediVault_\MEDIVAULT\backend\node_modules\express\lib\router\index.js:265:14)
    at Function.handle (E:\Random\MediVault_\MEDIVAULT\backend\node_modules\express\lib\router\index.js:175:3)
    at router (E:\Random\MediVault_\MEDIVAULT\backend\node_modules\express\lib\router\index.js:47:12)
    at Layer.handle [as handle_request] (E:\Random\MediVault_\MEDIVAULT\backend\node_modules\express\lib\router\layer.js:95:5)
    at trim_prefix (E:\Random\MediVault_\MEDIVAULT\backend\node_modules\express\lib\router\index.js:328:13)
    at E:\Random\MediVault_\MEDIVAULT\backend\node_modules\express\lib\router\index.js:286:9
    at Function.process_params (E:\Random\MediVault_\MEDIVAULT\backend\node_modules\express\lib\router\index.js:346:12)
    at next (E:\Random\MediVault_\MEDIVAULT\backend\node_modules\express\lib\router\index.js:280:10)
    at auditMiddleware (E:\Random\MediVault_\MEDIVAULT\backend\middleware\auditMiddleware.js:66:12)
2026-03-06 19:35:10 [ERROR]: Error: Route not found: GET /api/appointments/patient/69a93a44b22e1a6ee8f33553
    at E:\Random\MediVault_\MEDIVAULT\backend\server.js:137:17
    at Layer.handle [as handle_request] (E:\Random\MediVault_\MEDIVAULT\backend\node_modules\express\lib\router\layer.js:95:5)
    at trim_prefix (E:\Random\MediVault_\MEDIVAULT\backend\node_modules\express\lib\router\index.js:328:13)
    at E:\Random\MediVault_\MEDIVAULT\backend\node_modules\express\lib\router\index.js:286:9
    at Function.process_params (E:\Random\MediVault_\MEDIVAULT\backend\node_modules\express\lib\router\index.js:346:12)
    at next (E:\Random\MediVault_\MEDIVAULT\backend\node_modules\express\lib\router\index.js:280:10)
    at E:\Random\MediVault_\MEDIVAULT\backend\node_modules\express\lib\router\index.js:646:15
    at next (E:\Random\MediVault_\MEDIVAULT\backend\node_modules\express\lib\router\index.js:265:14)
    at Function.handle (E:\Random\MediVault_\MEDIVAULT\backend\node_modules\express\lib\router\index.js:175:3)
    at router (E:\Random\MediVault_\MEDIVAULT\backend\node_modules\express\lib\router\index.js:47:12)
    at Layer.handle [as handle_request] (E:\Random\MediVault_\MEDIVAULT\backend\node_modules\express\lib\router\layer.js:95:5)
    at trim_prefix (E:\Random\MediVault_\MEDIVAULT\backend\node_modules\express\lib\router\index.js:328:13)
    at E:\Random\MediVault_\MEDIVAULT\backend\node_modules\express\lib\router\index.js:286:9
    at Function.process_params (E:\Random\MediVault_\MEDIVAULT\backend\node_modules\express\lib\router\index.js:346:12)
    at next (E:\Random\MediVault_\MEDIVAULT\backend\node_modules\express\lib\router\index.js:280:10)
    at auditMiddleware (E:\Random\MediVault_\MEDIVAULT\backend\middleware\auditMiddleware.js:66:12)
2026-03-06 19:35:10 [ERROR]: Error: Route not found: GET /api/appointments/patient/69a93a44b22e1a6ee8f33553
    at E:\Random\MediVault_\MEDIVAULT\backend\server.js:137:17
    at Layer.handle [as handle_request] (E:\Random\MediVault_\MEDIVAULT\backend\node_modules\express\lib\router\layer.js:95:5)
    at trim_prefix (E:\Random\MediVault_\MEDIVAULT\backend\node_modules\express\lib\router\index.js:328:13)
    at E:\Random\MediVault_\MEDIVAULT\backend\node_modules\express\lib\router\index.js:286:9
    at Function.process_params (E:\Random\MediVault_\MEDIVAULT\backend\node_modules\express\lib\router\index.js:346:12)
    at next (E:\Random\MediVault_\MEDIVAULT\backend\node_modules\express\lib\router\index.js:280:10)
    at E:\Random\MediVault_\MEDIVAULT\backend\node_modules\express\lib\router\index.js:646:15
    at next (E:\Random\MediVault_\MEDIVAULT\backend\node_modules\express\lib\router\index.js:265:14)
    at Function.handle (E:\Random\MediVault_\MEDIVAULT\backend\node_modules\express\lib\router\index.js:175:3)
    at router (E:\Random\MediVault_\MEDIVAULT\backend\node_modules\express\lib\router\index.js:47:12)
    at Layer.handle [as handle_request] (E:\Random\MediVault_\MEDIVAULT\backend\node_modules\express\lib\router\layer.js:95:5)
    at trim_prefix (E:\Random\MediVault_\MEDIVAULT\backend\node_modules\express\lib\router\index.js:328:13)
    at E:\Random\MediVault_\MEDIVAULT\backend\node_modules\express\lib\router\index.js:286:9
    at Function.process_params (E:\Random\MediVault_\MEDIVAULT\backend\node_modules\express\lib\router\index.js:346:12)
    at next (E:\Random\MediVault_\MEDIVAULT\backend\node_modules\express\lib\router\index.js:280:10)
    at auditMiddleware (E:\Random\MediVault_\MEDIVAULT\backend\middleware\auditMiddleware.js:66:12)
2026-03-06 19:35:11 [ERROR]: Error: Route not found: GET /api/labs/69a93a44b22e1a6ee8f33553
    at E:\Random\MediVault_\MEDIVAULT\backend\server.js:137:17
    at Layer.handle [as handle_request] (E:\Random\MediVault_\MEDIVAULT\backend\node_modules\express\lib\router\layer.js:95:5)
    at trim_prefix (E:\Random\MediVault_\MEDIVAULT\backend\node_modules\express\lib\router\index.js:328:13)
    at E:\Random\MediVault_\MEDIVAULT\backend\node_modules\express\lib\router\index.js:286:9
    at Function.process_params (E:\Random\MediVault_\MEDIVAULT\backend\node_modules\express\lib\router\index.js:346:12)
    at next (E:\Random\MediVault_\MEDIVAULT\backend\node_modules\express\lib\router\index.js:280:10)
    at E:\Random\MediVault_\MEDIVAULT\backend\node_modules\express\lib\router\index.js:646:15
    at next (E:\Random\MediVault_\MEDIVAULT\backend\node_modules\express\lib\router\index.js:265:14)
    at Function.handle (E:\Random\MediVault_\MEDIVAULT\backend\node_modules\express\lib\router\index.js:175:3)
    at router (E:\Random\MediVault_\MEDIVAULT\backend\node_modules\express\lib\router\index.js:47:12)
    at Layer.handle [as handle_request] (E:\Random\MediVault_\MEDIVAULT\backend\node_modules\express\lib\router\layer.js:95:5)
    at trim_prefix (E:\Random\MediVault_\MEDIVAULT\backend\node_modules\express\lib\router\index.js:328:13)
    at E:\Random\MediVault_\MEDIVAULT\backend\node_modules\express\lib\router\index.js:286:9
    at Function.process_params (E:\Random\MediVault_\MEDIVAULT\backend\node_modules\express\lib\router\index.js:346:12)
    at next (E:\Random\MediVault_\MEDIVAULT\backend\node_modules\express\lib\router\index.js:280:10)
    at auditMiddleware (E:\Random\MediVault_\MEDIVAULT\backend\middleware\auditMiddleware.js:66:12)
2026-03-06 19:35:11 [ERROR]: Error: Route not found: GET /api/labs/69a93a44b22e1a6ee8f33553
    at E:\Random\MediVault_\MEDIVAULT\backend\server.js:137:17
    at Layer.handle [as handle_request] (E:\Random\MediVault_\MEDIVAULT\backend\node_modules\express\lib\router\layer.js:95:5)
    at trim_prefix (E:\Random\MediVault_\MEDIVAULT\backend\node_modules\express\lib\router\index.js:328:13)
    at E:\Random\MediVault_\MEDIVAULT\backend\node_modules\express\lib\router\index.js:286:9
    at Function.process_params (E:\Random\MediVault_\MEDIVAULT\backend\node_modules\express\lib\router\index.js:346:12)
    at next (E:\Random\MediVault_\MEDIVAULT\backend\node_modules\express\lib\router\index.js:280:10)
    at E:\Random\MediVault_\MEDIVAULT\backend\node_modules\express\lib\router\index.js:646:15
    at next (E:\Random\MediVault_\MEDIVAULT\backend\node_modules\express\lib\router\index.js:265:14)
    at Function.handle (E:\Random\MediVault_\MEDIVAULT\backend\node_modules\express\lib\router\index.js:175:3)
    at router (E:\Random\MediVault_\MEDIVAULT\backend\node_modules\express\lib\router\index.js:47:12)
    at Layer.handle [as handle_request] (E:\Random\MediVault_\MEDIVAULT\backend\node_modules\express\lib\router\layer.js:95:5)
    at trim_prefix (E:\Random\MediVault_\MEDIVAULT\backend\node_modules\express\lib\router\index.js:328:13)
    at E:\Random\MediVault_\MEDIVAULT\backend\node_modules\express\lib\router\index.js:286:9
    at Function.process_params (E:\Random\MediVault_\MEDIVAULT\backend\node_modules\express\lib\router\index.js:346:12)
    at next (E:\Random\MediVault_\MEDIVAULT\backend\node_modules\express\lib\router\index.js:280:10)
    at auditMiddleware (E:\Random\MediVault_\MEDIVAULT\backend\middleware\auditMiddleware.js:66:12)
2026-03-06 19:37:08 [ERROR]: Error: Route not found: GET /api/labs/69a93a44b22e1a6ee8f33553
    at E:\Random\MediVault_\MEDIVAULT\backend\server.js:137:17
    at Layer.handle [as handle_request] (E:\Random\MediVault_\MEDIVAULT\backend\node_modules\express\lib\router\layer.js:95:5)
    at trim_prefix (E:\Random\MediVault_\MEDIVAULT\backend\node_modules\express\lib\router\index.js:328:13)
    at E:\Random\MediVault_\MEDIVAULT\backend\node_modules\express\lib\router\index.js:286:9
    at Function.process_params (E:\Random\MediVault_\MEDIVAULT\backend\node_modules\express\lib\router\index.js:346:12)
    at next (E:\Random\MediVault_\MEDIVAULT\backend\node_modules\express\lib\router\index.js:280:10)
    at E:\Random\MediVault_\MEDIVAULT\backend\node_modules\express\lib\router\index.js:646:15
    at next (E:\Random\MediVault_\MEDIVAULT\backend\node_modules\express\lib\router\index.js:265:14)
    at Function.handle (E:\Random\MediVault_\MEDIVAULT\backend\node_modules\express\lib\router\index.js:175:3)
    at router (E:\Random\MediVault_\MEDIVAULT\backend\node_modules\express\lib\router\index.js:47:12)
    at Layer.handle [as handle_request] (E:\Random\MediVault_\MEDIVAULT\backend\node_modules\express\lib\router\layer.js:95:5)
    at trim_prefix (E:\Random\MediVault_\MEDIVAULT\backend\node_modules\express\lib\router\index.js:328:13)
    at E:\Random\MediVault_\MEDIVAULT\backend\node_modules\express\lib\router\index.js:286:9
    at Function.process_params (E:\Random\MediVault_\MEDIVAULT\backend\node_modules\express\lib\router\index.js:346:12)
    at next (E:\Random\MediVault_\MEDIVAULT\backend\node_modules\express\lib\router\index.js:280:10)
    at auditMiddleware (E:\Random\MediVault_\MEDIVAULT\backend\middleware\auditMiddleware.js:66:12)
2026-03-06 19:37:08 [ERROR]: Error: Route not found: GET /api/labs/69a93a44b22e1a6ee8f33553
    at E:\Random\MediVault_\MEDIVAULT\backend\server.js:137:17
    at Layer.handle [as handle_request] (E:\Random\MediVault_\MEDIVAULT\backend\node_modules\express\lib\router\layer.js:95:5)
    at trim_prefix (E:\Random\MediVault_\MEDIVAULT\backend\node_modules\express\lib\router\index.js:328:13)
    at E:\Random\MediVault_\MEDIVAULT\backend\node_modules\express\lib\router\index.js:286:9
    at Function.process_params (E:\Random\MediVault_\MEDIVAULT\backend\node_modules\express\lib\router\index.js:346:12)
    at next (E:\Random\MediVault_\MEDIVAULT\backend\node_modules\express\lib\router\index.js:280:10)
    at E:\Random\MediVault_\MEDIVAULT\backend\node_modules\express\lib\router\index.js:646:15
    at next (E:\Random\MediVault_\MEDIVAULT\backend\node_modules\express\lib\router\index.js:265:14)
    at Function.handle (E:\Random\MediVault_\MEDIVAULT\backend\node_modules\express\lib\router\index.js:175:3)
    at router (E:\Random\MediVault_\MEDIVAULT\backend\node_modules\express\lib\router\index.js:47:12)
    at Layer.handle [as handle_request] (E:\Random\MediVault_\MEDIVAULT\backend\node_modules\express\lib\router\layer.js:95:5)
    at trim_prefix (E:\Random\MediVault_\MEDIVAULT\backend\node_modules\express\lib\router\index.js:328:13)
    at E:\Random\MediVault_\MEDIVAULT\backend\node_modules\express\lib\router\index.js:286:9
    at Function.process_params (E:\Random\MediVault_\MEDIVAULT\backend\node_modules\express\lib\router\index.js:346:12)
    at next (E:\Random\MediVault_\MEDIVAULT\backend\node_modules\express\lib\router\index.js:280:10)
    at auditMiddleware (E:\Random\MediVault_\MEDIVAULT\backend\middleware\auditMiddleware.js:66:12)
2026-03-06 19:37:26 [ERROR]: Error: Route not found: GET /api/labs/69a93a44b22e1a6ee8f33553
    at E:\Random\MediVault_\MEDIVAULT\backend\server.js:137:17
    at Layer.handle [as handle_request] (E:\Random\MediVault_\MEDIVAULT\backend\node_modules\express\lib\router\layer.js:95:5)
    at trim_prefix (E:\Random\MediVault_\MEDIVAULT\backend\node_modules\express\lib\router\index.js:328:13)
    at E:\Random\MediVault_\MEDIVAULT\backend\node_modules\express\lib\router\index.js:286:9
    at Function.process_params (E:\Random\MediVault_\MEDIVAULT\backend\node_modules\express\lib\router\index.js:346:12)
    at next (E:\Random\MediVault_\MEDIVAULT\backend\node_modules\express\lib\router\index.js:280:10)
    at E:\Random\MediVault_\MEDIVAULT\backend\node_modules\express\lib\router\index.js:646:15
    at next (E:\Random\MediVault_\MEDIVAULT\backend\node_modules\express\lib\router\index.js:265:14)
    at Function.handle (E:\Random\MediVault_\MEDIVAULT\backend\node_modules\express\lib\router\index.js:175:3)
    at router (E:\Random\MediVault_\MEDIVAULT\backend\node_modules\express\lib\router\index.js:47:12)
    at Layer.handle [as handle_request] (E:\Random\MediVault_\MEDIVAULT\backend\node_modules\express\lib\router\layer.js:95:5)
    at trim_prefix (E:\Random\MediVault_\MEDIVAULT\backend\node_modules\express\lib\router\index.js:328:13)
    at E:\Random\MediVault_\MEDIVAULT\backend\node_modules\express\lib\router\index.js:286:9
    at Function.process_params (E:\Random\MediVault_\MEDIVAULT\backend\node_modules\express\lib\router\index.js:346:12)
    at next (E:\Random\MediVault_\MEDIVAULT\backend\node_modules\express\lib\router\index.js:280:10)
    at auditMiddleware (E:\Random\MediVault_\MEDIVAULT\backend\middleware\auditMiddleware.js:66:12)
2026-03-06 19:37:26 [ERROR]: Error: Route not found: GET /api/labs/69a93a44b22e1a6ee8f33553
    at E:\Random\MediVault_\MEDIVAULT\backend\server.js:137:17
    at Layer.handle [as handle_request] (E:\Random\MediVault_\MEDIVAULT\backend\node_modules\express\lib\router\layer.js:95:5)
    at trim_prefix (E:\Random\MediVault_\MEDIVAULT\backend\node_modules\express\lib\router\index.js:328:13)
    at E:\Random\MediVault_\MEDIVAULT\backend\node_modules\express\lib\router\index.js:286:9
    at Function.process_params (E:\Random\MediVault_\MEDIVAULT\backend\node_modules\express\lib\router\index.js:346:12)
    at next (E:\Random\MediVault_\MEDIVAULT\backend\node_modules\express\lib\router\index.js:280:10)
    at E:\Random\MediVault_\MEDIVAULT\backend\node_modules\express\lib\router\index.js:646:15
    at next (E:\Random\MediVault_\MEDIVAULT\backend\node_modules\express\lib\router\index.js:265:14)
    at Function.handle (E:\Random\MediVault_\MEDIVAULT\backend\node_modules\express\lib\router\index.js:175:3)
    at router (E:\Random\MediVault_\MEDIVAULT\backend\node_modules\express\lib\router\index.js:47:12)
    at Layer.handle [as handle_request] (E:\Random\MediVault_\MEDIVAULT\backend\node_modules\express\lib\router\layer.js:95:5)
    at trim_prefix (E:\Random\MediVault_\MEDIVAULT\backend\node_modules\express\lib\router\index.js:328:13)
    at E:\Random\MediVault_\MEDIVAULT\backend\node_modules\express\lib\router\index.js:286:9
    at Function.process_params (E:\Random\MediVault_\MEDIVAULT\backend\node_modules\express\lib\router\index.js:346:12)
    at next (E:\Random\MediVault_\MEDIVAULT\backend\node_modules\express\lib\router\index.js:280:10)
    at auditMiddleware (E:\Random\MediVault_\MEDIVAULT\backend\middleware\auditMiddleware.js:66:12)
2026-03-06 19:37:31 [ERROR]: Error: Route not found: GET /api/appointments/patient/69a93a44b22e1a6ee8f33553
    at E:\Random\MediVault_\MEDIVAULT\backend\server.js:137:17
    at Layer.handle [as handle_request] (E:\Random\MediVault_\MEDIVAULT\backend\node_modules\express\lib\router\layer.js:95:5)
    at trim_prefix (E:\Random\MediVault_\MEDIVAULT\backend\node_modules\express\lib\router\index.js:328:13)
    at E:\Random\MediVault_\MEDIVAULT\backend\node_modules\express\lib\router\index.js:286:9
    at Function.process_params (E:\Random\MediVault_\MEDIVAULT\backend\node_modules\express\lib\router\index.js:346:12)
    at next (E:\Random\MediVault_\MEDIVAULT\backend\node_modules\express\lib\router\index.js:280:10)
    at E:\Random\MediVault_\MEDIVAULT\backend\node_modules\express\lib\router\index.js:646:15
    at next (E:\Random\MediVault_\MEDIVAULT\backend\node_modules\express\lib\router\index.js:265:14)
    at Function.handle (E:\Random\MediVault_\MEDIVAULT\backend\node_modules\express\lib\router\index.js:175:3)
    at router (E:\Random\MediVault_\MEDIVAULT\backend\node_modules\express\lib\router\index.js:47:12)
    at Layer.handle [as handle_request] (E:\Random\MediVault_\MEDIVAULT\backend\node_modules\express\lib\router\layer.js:95:5)
    at trim_prefix (E:\Random\MediVault_\MEDIVAULT\backend\node_modules\express\lib\router\index.js:328:13)
    at E:\Random\MediVault_\MEDIVAULT\backend\node_modules\express\lib\router\index.js:286:9
    at Function.process_params (E:\Random\MediVault_\MEDIVAULT\backend\node_modules\express\lib\router\index.js:346:12)
    at next (E:\Random\MediVault_\MEDIVAULT\backend\node_modules\express\lib\router\index.js:280:10)
    at auditMiddleware (E:\Random\MediVault_\MEDIVAULT\backend\middleware\auditMiddleware.js:66:12)
2026-03-06 19:37:31 [ERROR]: Error: Route not found: GET /api/appointments/patient/69a93a44b22e1a6ee8f33553
    at E:\Random\MediVault_\MEDIVAULT\backend\server.js:137:17
    at Layer.handle [as handle_request] (E:\Random\MediVault_\MEDIVAULT\backend\node_modules\express\lib\router\layer.js:95:5)
    at trim_prefix (E:\Random\MediVault_\MEDIVAULT\backend\node_modules\express\lib\router\index.js:328:13)
    at E:\Random\MediVault_\MEDIVAULT\backend\node_modules\express\lib\router\index.js:286:9
    at Function.process_params (E:\Random\MediVault_\MEDIVAULT\backend\node_modules\express\lib\router\index.js:346:12)
    at next (E:\Random\MediVault_\MEDIVAULT\backend\node_modules\express\lib\router\index.js:280:10)
    at E:\Random\MediVault_\MEDIVAULT\backend\node_modules\express\lib\router\index.js:646:15
    at next (E:\Random\MediVault_\MEDIVAULT\backend\node_modules\express\lib\router\index.js:265:14)
    at Function.handle (E:\Random\MediVault_\MEDIVAULT\backend\node_modules\express\lib\router\index.js:175:3)
    at router (E:\Random\MediVault_\MEDIVAULT\backend\node_modules\express\lib\router\index.js:47:12)
    at Layer.handle [as handle_request] (E:\Random\MediVault_\MEDIVAULT\backend\node_modules\express\lib\router\layer.js:95:5)
    at trim_prefix (E:\Random\MediVault_\MEDIVAULT\backend\node_modules\express\lib\router\index.js:328:13)
    at E:\Random\MediVault_\MEDIVAULT\backend\node_modules\express\lib\router\index.js:286:9
    at Function.process_params (E:\Random\MediVault_\MEDIVAULT\backend\node_modules\express\lib\router\index.js:346:12)
    at next (E:\Random\MediVault_\MEDIVAULT\backend\node_modules\express\lib\router\index.js:280:10)
    at auditMiddleware (E:\Random\MediVault_\MEDIVAULT\backend\middleware\auditMiddleware.js:66:12)
2026-03-06 19:37:38 [ERROR]: Error: Route not found: GET /api/appointments/patient/69a93a44b22e1a6ee8f33553
    at E:\Random\MediVault_\MEDIVAULT\backend\server.js:137:17
    at Layer.handle [as handle_request] (E:\Random\MediVault_\MEDIVAULT\backend\node_modules\express\lib\router\layer.js:95:5)
    at trim_prefix (E:\Random\MediVault_\MEDIVAULT\backend\node_modules\express\lib\router\index.js:328:13)
    at E:\Random\MediVault_\MEDIVAULT\backend\node_modules\express\lib\router\index.js:286:9
    at Function.process_params (E:\Random\MediVault_\MEDIVAULT\backend\node_modules\express\lib\router\index.js:346:12)
    at next (E:\Random\MediVault_\MEDIVAULT\backend\node_modules\express\lib\router\index.js:280:10)
    at E:\Random\MediVault_\MEDIVAULT\backend\node_modules\express\lib\router\index.js:646:15
    at next (E:\Random\MediVault_\MEDIVAULT\backend\node_modules\express\lib\router\index.js:265:14)
    at Function.handle (E:\Random\MediVault_\MEDIVAULT\backend\node_modules\express\lib\router\index.js:175:3)
    at router (E:\Random\MediVault_\MEDIVAULT\backend\node_modules\express\lib\router\index.js:47:12)
    at Layer.handle [as handle_request] (E:\Random\MediVault_\MEDIVAULT\backend\node_modules\express\lib\router\layer.js:95:5)
    at trim_prefix (E:\Random\MediVault_\MEDIVAULT\backend\node_modules\express\lib\router\index.js:328:13)
    at E:\Random\MediVault_\MEDIVAULT\backend\node_modules\express\lib\router\index.js:286:9
    at Function.process_params (E:\Random\MediVault_\MEDIVAULT\backend\node_modules\express\lib\router\index.js:346:12)
    at next (E:\Random\MediVault_\MEDIVAULT\backend\node_modules\express\lib\router\index.js:280:10)
    at auditMiddleware (E:\Random\MediVault_\MEDIVAULT\backend\middleware\auditMiddleware.js:66:12)
2026-03-06 19:37:38 [ERROR]: Error: Route not found: GET /api/appointments/patient/69a93a44b22e1a6ee8f33553
    at E:\Random\MediVault_\MEDIVAULT\backend\server.js:137:17
    at Layer.handle [as handle_request] (E:\Random\MediVault_\MEDIVAULT\backend\node_modules\express\lib\router\layer.js:95:5)
    at trim_prefix (E:\Random\MediVault_\MEDIVAULT\backend\node_modules\express\lib\router\index.js:328:13)
    at E:\Random\MediVault_\MEDIVAULT\backend\node_modules\express\lib\router\index.js:286:9
    at Function.process_params (E:\Random\MediVault_\MEDIVAULT\backend\node_modules\express\lib\router\index.js:346:12)
    at next (E:\Random\MediVault_\MEDIVAULT\backend\node_modules\express\lib\router\index.js:280:10)
    at E:\Random\MediVault_\MEDIVAULT\backend\node_modules\express\lib\router\index.js:646:15
    at next (E:\Random\MediVault_\MEDIVAULT\backend\node_modules\express\lib\router\index.js:265:14)
    at Function.handle (E:\Random\MediVault_\MEDIVAULT\backend\node_modules\express\lib\router\index.js:175:3)
    at router (E:\Random\MediVault_\MEDIVAULT\backend\node_modules\express\lib\router\index.js:47:12)
    at Layer.handle [as handle_request] (E:\Random\MediVault_\MEDIVAULT\backend\node_modules\express\lib\router\layer.js:95:5)
    at trim_prefix (E:\Random\MediVault_\MEDIVAULT\backend\node_modules\express\lib\router\index.js:328:13)
    at E:\Random\MediVault_\MEDIVAULT\backend\node_modules\express\lib\router\index.js:286:9
    at Function.process_params (E:\Random\MediVault_\MEDIVAULT\backend\node_modules\express\lib\router\index.js:346:12)
    at next (E:\Random\MediVault_\MEDIVAULT\backend\node_modules\express\lib\router\index.js:280:10)
    at auditMiddleware (E:\Random\MediVault_\MEDIVAULT\backend\middleware\auditMiddleware.js:66:12)
2026-03-06 19:38:46 [ERROR]: Error: Route not found: GET /api/labs/69a93a44b22e1a6ee8f33553
    at E:\Random\MediVault_\MEDIVAULT\backend\server.js:137:17
    at Layer.handle [as handle_request] (E:\Random\MediVault_\MEDIVAULT\backend\node_modules\express\lib\router\layer.js:95:5)
    at trim_prefix (E:\Random\MediVault_\MEDIVAULT\backend\node_modules\express\lib\router\index.js:328:13)
    at E:\Random\MediVault_\MEDIVAULT\backend\node_modules\express\lib\router\index.js:286:9
    at Function.process_params (E:\Random\MediVault_\MEDIVAULT\backend\node_modules\express\lib\router\index.js:346:12)
    at next (E:\Random\MediVault_\MEDIVAULT\backend\node_modules\express\lib\router\index.js:280:10)
    at E:\Random\MediVault_\MEDIVAULT\backend\node_modules\express\lib\router\index.js:646:15
    at next (E:\Random\MediVault_\MEDIVAULT\backend\node_modules\express\lib\router\index.js:265:14)
    at Function.handle (E:\Random\MediVault_\MEDIVAULT\backend\node_modules\express\lib\router\index.js:175:3)
    at router (E:\Random\MediVault_\MEDIVAULT\backend\node_modules\express\lib\router\index.js:47:12)
    at Layer.handle [as handle_request] (E:\Random\MediVault_\MEDIVAULT\backend\node_modules\express\lib\router\layer.js:95:5)
    at trim_prefix (E:\Random\MediVault_\MEDIVAULT\backend\node_modules\express\lib\router\index.js:328:13)
    at E:\Random\MediVault_\MEDIVAULT\backend\node_modules\express\lib\router\index.js:286:9
    at Function.process_params (E:\Random\MediVault_\MEDIVAULT\backend\node_modules\express\lib\router\index.js:346:12)
    at next (E:\Random\MediVault_\MEDIVAULT\backend\node_modules\express\lib\router\index.js:280:10)
    at auditMiddleware (E:\Random\MediVault_\MEDIVAULT\backend\middleware\auditMiddleware.js:66:12)
2026-03-06 19:38:46 [ERROR]: Error: Route not found: GET /api/labs/69a93a44b22e1a6ee8f33553
    at E:\Random\MediVault_\MEDIVAULT\backend\server.js:137:17
    at Layer.handle [as handle_request] (E:\Random\MediVault_\MEDIVAULT\backend\node_modules\express\lib\router\layer.js:95:5)
    at trim_prefix (E:\Random\MediVault_\MEDIVAULT\backend\node_modules\express\lib\router\index.js:328:13)
    at E:\Random\MediVault_\MEDIVAULT\backend\node_modules\express\lib\router\index.js:286:9
    at Function.process_params (E:\Random\MediVault_\MEDIVAULT\backend\node_modules\express\lib\router\index.js:346:12)
    at next (E:\Random\MediVault_\MEDIVAULT\backend\node_modules\express\lib\router\index.js:280:10)
    at E:\Random\MediVault_\MEDIVAULT\backend\node_modules\express\lib\router\index.js:646:15
    at next (E:\Random\MediVault_\MEDIVAULT\backend\node_modules\express\lib\router\index.js:265:14)
    at Function.handle (E:\Random\MediVault_\MEDIVAULT\backend\node_modules\express\lib\router\index.js:175:3)
    at router (E:\Random\MediVault_\MEDIVAULT\backend\node_modules\express\lib\router\index.js:47:12)
    at Layer.handle [as handle_request] (E:\Random\MediVault_\MEDIVAULT\backend\node_modules\express\lib\router\layer.js:95:5)
    at trim_prefix (E:\Random\MediVault_\MEDIVAULT\backend\node_modules\express\lib\router\index.js:328:13)
    at E:\Random\MediVault_\MEDIVAULT\backend\node_modules\express\lib\router\index.js:286:9
    at Function.process_params (E:\Random\MediVault_\MEDIVAULT\backend\node_modules\express\lib\router\index.js:346:12)
    at next (E:\Random\MediVault_\MEDIVAULT\backend\node_modules\express\lib\router\index.js:280:10)
    at auditMiddleware (E:\Random\MediVault_\MEDIVAULT\backend\middleware\auditMiddleware.js:66:12)
2026-03-06 19:39:12 [ERROR]: Error: Route not found: GET /api/labs/69a93a44b22e1a6ee8f33553
    at E:\Random\MediVault_\MEDIVAULT\backend\server.js:137:17
    at Layer.handle [as handle_request] (E:\Random\MediVault_\MEDIVAULT\backend\node_modules\express\lib\router\layer.js:95:5)
    at trim_prefix (E:\Random\MediVault_\MEDIVAULT\backend\node_modules\express\lib\router\index.js:328:13)
    at E:\Random\MediVault_\MEDIVAULT\backend\node_modules\express\lib\router\index.js:286:9
    at Function.process_params (E:\Random\MediVault_\MEDIVAULT\backend\node_modules\express\lib\router\index.js:346:12)
    at next (E:\Random\MediVault_\MEDIVAULT\backend\node_modules\express\lib\router\index.js:280:10)
    at E:\Random\MediVault_\MEDIVAULT\backend\node_modules\express\lib\router\index.js:646:15
    at next (E:\Random\MediVault_\MEDIVAULT\backend\node_modules\express\lib\router\index.js:265:14)
    at Function.handle (E:\Random\MediVault_\MEDIVAULT\backend\node_modules\express\lib\router\index.js:175:3)
    at router (E:\Random\MediVault_\MEDIVAULT\backend\node_modules\express\lib\router\index.js:47:12)
    at Layer.handle [as handle_request] (E:\Random\MediVault_\MEDIVAULT\backend\node_modules\express\lib\router\layer.js:95:5)
    at trim_prefix (E:\Random\MediVault_\MEDIVAULT\backend\node_modules\express\lib\router\index.js:328:13)
    at E:\Random\MediVault_\MEDIVAULT\backend\node_modules\express\lib\router\index.js:286:9
    at Function.process_params (E:\Random\MediVault_\MEDIVAULT\backend\node_modules\express\lib\router\index.js:346:12)
    at next (E:\Random\MediVault_\MEDIVAULT\backend\node_modules\express\lib\router\index.js:280:10)
    at auditMiddleware (E:\Random\MediVault_\MEDIVAULT\backend\middleware\auditMiddleware.js:66:12)
2026-03-06 19:39:12 [ERROR]: Error: Route not found: GET /api/labs/69a93a44b22e1a6ee8f33553
    at E:\Random\MediVault_\MEDIVAULT\backend\server.js:137:17
    at Layer.handle [as handle_request] (E:\Random\MediVault_\MEDIVAULT\backend\node_modules\express\lib\router\layer.js:95:5)
    at trim_prefix (E:\Random\MediVault_\MEDIVAULT\backend\node_modules\express\lib\router\index.js:328:13)
    at E:\Random\MediVault_\MEDIVAULT\backend\node_modules\express\lib\router\index.js:286:9
    at Function.process_params (E:\Random\MediVault_\MEDIVAULT\backend\node_modules\express\lib\router\index.js:346:12)
    at next (E:\Random\MediVault_\MEDIVAULT\backend\node_modules\express\lib\router\index.js:280:10)
    at E:\Random\MediVault_\MEDIVAULT\backend\node_modules\express\lib\router\index.js:646:15
    at next (E:\Random\MediVault_\MEDIVAULT\backend\node_modules\express\lib\router\index.js:265:14)
    at Function.handle (E:\Random\MediVault_\MEDIVAULT\backend\node_modules\express\lib\router\index.js:175:3)
    at router (E:\Random\MediVault_\MEDIVAULT\backend\node_modules\express\lib\router\index.js:47:12)
    at Layer.handle [as handle_request] (E:\Random\MediVault_\MEDIVAULT\backend\node_modules\express\lib\router\layer.js:95:5)
    at trim_prefix (E:\Random\MediVault_\MEDIVAULT\backend\node_modules\express\lib\router\index.js:328:13)
    at E:\Random\MediVault_\MEDIVAULT\backend\node_modules\express\lib\router\index.js:286:9
    at Function.process_params (E:\Random\MediVault_\MEDIVAULT\backend\node_modules\express\lib\router\index.js:346:12)
    at next (E:\Random\MediVault_\MEDIVAULT\backend\node_modules\express\lib\router\index.js:280:10)
    at auditMiddleware (E:\Random\MediVault_\MEDIVAULT\backend\middleware\auditMiddleware.js:66:12)
2026-03-06 19:39:17 [ERROR]: Error: Route not found: GET /api/appointments/patient/69a93a44b22e1a6ee8f33553
    at E:\Random\MediVault_\MEDIVAULT\backend\server.js:137:17
    at Layer.handle [as handle_request] (E:\Random\MediVault_\MEDIVAULT\backend\node_modules\express\lib\router\layer.js:95:5)
    at trim_prefix (E:\Random\MediVault_\MEDIVAULT\backend\node_modules\express\lib\router\index.js:328:13)
    at E:\Random\MediVault_\MEDIVAULT\backend\node_modules\express\lib\router\index.js:286:9
    at Function.process_params (E:\Random\MediVault_\MEDIVAULT\backend\node_modules\express\lib\router\index.js:346:12)
    at next (E:\Random\MediVault_\MEDIVAULT\backend\node_modules\express\lib\router\index.js:280:10)
    at E:\Random\MediVault_\MEDIVAULT\backend\node_modules\express\lib\router\index.js:646:15
    at next (E:\Random\MediVault_\MEDIVAULT\backend\node_modules\express\lib\router\index.js:265:14)
    at Function.handle (E:\Random\MediVault_\MEDIVAULT\backend\node_modules\express\lib\router\index.js:175:3)
    at router (E:\Random\MediVault_\MEDIVAULT\backend\node_modules\express\lib\router\index.js:47:12)
    at Layer.handle [as handle_request] (E:\Random\MediVault_\MEDIVAULT\backend\node_modules\express\lib\router\layer.js:95:5)
    at trim_prefix (E:\Random\MediVault_\MEDIVAULT\backend\node_modules\express\lib\router\index.js:328:13)
    at E:\Random\MediVault_\MEDIVAULT\backend\node_modules\express\lib\router\index.js:286:9
    at Function.process_params (E:\Random\MediVault_\MEDIVAULT\backend\node_modules\express\lib\router\index.js:346:12)
    at next (E:\Random\MediVault_\MEDIVAULT\backend\node_modules\express\lib\router\index.js:280:10)
    at auditMiddleware (E:\Random\MediVault_\MEDIVAULT\backend\middleware\auditMiddleware.js:66:12)
2026-03-06 19:39:17 [ERROR]: Error: Route not found: GET /api/appointments/patient/69a93a44b22e1a6ee8f33553
    at E:\Random\MediVault_\MEDIVAULT\backend\server.js:137:17
    at Layer.handle [as handle_request] (E:\Random\MediVault_\MEDIVAULT\backend\node_modules\express\lib\router\layer.js:95:5)
    at trim_prefix (E:\Random\MediVault_\MEDIVAULT\backend\node_modules\express\lib\router\index.js:328:13)
    at E:\Random\MediVault_\MEDIVAULT\backend\node_modules\express\lib\router\index.js:286:9
    at Function.process_params (E:\Random\MediVault_\MEDIVAULT\backend\node_modules\express\lib\router\index.js:346:12)
    at next (E:\Random\MediVault_\MEDIVAULT\backend\node_modules\express\lib\router\index.js:280:10)
    at E:\Random\MediVault_\MEDIVAULT\backend\node_modules\express\lib\router\index.js:646:15
    at next (E:\Random\MediVault_\MEDIVAULT\backend\node_modules\express\lib\router\index.js:265:14)
    at Function.handle (E:\Random\MediVault_\MEDIVAULT\backend\node_modules\express\lib\router\index.js:175:3)
    at router (E:\Random\MediVault_\MEDIVAULT\backend\node_modules\express\lib\router\index.js:47:12)
    at Layer.handle [as handle_request] (E:\Random\MediVault_\MEDIVAULT\backend\node_modules\express\lib\router\layer.js:95:5)
    at trim_prefix (E:\Random\MediVault_\MEDIVAULT\backend\node_modules\express\lib\router\index.js:328:13)
    at E:\Random\MediVault_\MEDIVAULT\backend\node_modules\express\lib\router\index.js:286:9
    at Function.process_params (E:\Random\MediVault_\MEDIVAULT\backend\node_modules\express\lib\router\index.js:346:12)
    at next (E:\Random\MediVault_\MEDIVAULT\backend\node_modules\express\lib\router\index.js:280:10)
    at auditMiddleware (E:\Random\MediVault_\MEDIVAULT\backend\middleware\auditMiddleware.js:66:12)
2026-03-06 19:39:52 [ERROR]: Error: Route not found: GET /api/ai/risk/69a93a44b22e1a6ee8f33553
    at E:\Random\MediVault_\MEDIVAULT\backend\server.js:137:17
    at Layer.handle [as handle_request] (E:\Random\MediVault_\MEDIVAULT\backend\node_modules\express\lib\router\layer.js:95:5)
    at trim_prefix (E:\Random\MediVault_\MEDIVAULT\backend\node_modules\express\lib\router\index.js:328:13)
    at E:\Random\MediVault_\MEDIVAULT\backend\node_modules\express\lib\router\index.js:286:9
    at Function.process_params (E:\Random\MediVault_\MEDIVAULT\backend\node_modules\express\lib\router\index.js:346:12)
    at next (E:\Random\MediVault_\MEDIVAULT\backend\node_modules\express\lib\router\index.js:280:10)
    at E:\Random\MediVault_\MEDIVAULT\backend\node_modules\express\lib\router\index.js:646:15
    at next (E:\Random\MediVault_\MEDIVAULT\backend\node_modules\express\lib\router\index.js:265:14)
    at Function.handle (E:\Random\MediVault_\MEDIVAULT\backend\node_modules\express\lib\router\index.js:175:3)
    at router (E:\Random\MediVault_\MEDIVAULT\backend\node_modules\express\lib\router\index.js:47:12)
    at Layer.handle [as handle_request] (E:\Random\MediVault_\MEDIVAULT\backend\node_modules\express\lib\router\layer.js:95:5)
    at trim_prefix (E:\Random\MediVault_\MEDIVAULT\backend\node_modules\express\lib\router\index.js:328:13)
    at E:\Random\MediVault_\MEDIVAULT\backend\node_modules\express\lib\router\index.js:286:9
    at Function.process_params (E:\Random\MediVault_\MEDIVAULT\backend\node_modules\express\lib\router\index.js:346:12)
    at next (E:\Random\MediVault_\MEDIVAULT\backend\node_modules\express\lib\router\index.js:280:10)
    at auditMiddleware (E:\Random\MediVault_\MEDIVAULT\backend\middleware\auditMiddleware.js:66:12)
2026-03-06 19:39:52 [ERROR]: Error: Route not found: GET /api/ai/risk/69a93a44b22e1a6ee8f33553
    at E:\Random\MediVault_\MEDIVAULT\backend\server.js:137:17
    at Layer.handle [as handle_request] (E:\Random\MediVault_\MEDIVAULT\backend\node_modules\express\lib\router\layer.js:95:5)
    at trim_prefix (E:\Random\MediVault_\MEDIVAULT\backend\node_modules\express\lib\router\index.js:328:13)
    at E:\Random\MediVault_\MEDIVAULT\backend\node_modules\express\lib\router\index.js:286:9
    at Function.process_params (E:\Random\MediVault_\MEDIVAULT\backend\node_modules\express\lib\router\index.js:346:12)
    at next (E:\Random\MediVault_\MEDIVAULT\backend\node_modules\express\lib\router\index.js:280:10)
    at E:\Random\MediVault_\MEDIVAULT\backend\node_modules\express\lib\router\index.js:646:15
    at next (E:\Random\MediVault_\MEDIVAULT\backend\node_modules\express\lib\router\index.js:265:14)
    at Function.handle (E:\Random\MediVault_\MEDIVAULT\backend\node_modules\express\lib\router\index.js:175:3)
    at router (E:\Random\MediVault_\MEDIVAULT\backend\node_modules\express\lib\router\index.js:47:12)
    at Layer.handle [as handle_request] (E:\Random\MediVault_\MEDIVAULT\backend\node_modules\express\lib\router\layer.js:95:5)
    at trim_prefix (E:\Random\MediVault_\MEDIVAULT\backend\node_modules\express\lib\router\index.js:328:13)
    at E:\Random\MediVault_\MEDIVAULT\backend\node_modules\express\lib\router\index.js:286:9
    at Function.process_params (E:\Random\MediVault_\MEDIVAULT\backend\node_modules\express\lib\router\index.js:346:12)
    at next (E:\Random\MediVault_\MEDIVAULT\backend\node_modules\express\lib\router\index.js:280:10)
    at auditMiddleware (E:\Random\MediVault_\MEDIVAULT\backend\middleware\auditMiddleware.js:66:12)
2026-03-06 19:39:55 [ERROR]: Error: Route not found: GET /api/notifications/patient/69a93a44b22e1a6ee8f33553
    at E:\Random\MediVault_\MEDIVAULT\backend\server.js:137:17
    at Layer.handle [as handle_request] (E:\Random\MediVault_\MEDIVAULT\backend\node_modules\express\lib\router\layer.js:95:5)
    at trim_prefix (E:\Random\MediVault_\MEDIVAULT\backend\node_modules\express\lib\router\index.js:328:13)
    at E:\Random\MediVault_\MEDIVAULT\backend\node_modules\express\lib\router\index.js:286:9
    at Function.process_params (E:\Random\MediVault_\MEDIVAULT\backend\node_modules\express\lib\router\index.js:346:12)
    at next (E:\Random\MediVault_\MEDIVAULT\backend\node_modules\express\lib\router\index.js:280:10)
    at E:\Random\MediVault_\MEDIVAULT\backend\node_modules\express\lib\router\index.js:646:15
    at next (E:\Random\MediVault_\MEDIVAULT\backend\node_modules\express\lib\router\index.js:265:14)
    at Function.handle (E:\Random\MediVault_\MEDIVAULT\backend\node_modules\express\lib\router\index.js:175:3)
    at router (E:\Random\MediVault_\MEDIVAULT\backend\node_modules\express\lib\router\index.js:47:12)
    at Layer.handle [as handle_request] (E:\Random\MediVault_\MEDIVAULT\backend\node_modules\express\lib\router\layer.js:95:5)
    at trim_prefix (E:\Random\MediVault_\MEDIVAULT\backend\node_modules\express\lib\router\index.js:328:13)
    at E:\Random\MediVault_\MEDIVAULT\backend\node_modules\express\lib\router\index.js:286:9
    at Function.process_params (E:\Random\MediVault_\MEDIVAULT\backend\node_modules\express\lib\router\index.js:346:12)
    at next (E:\Random\MediVault_\MEDIVAULT\backend\node_modules\express\lib\router\index.js:280:10)
    at auditMiddleware (E:\Random\MediVault_\MEDIVAULT\backend\middleware\auditMiddleware.js:66:12)
2026-03-06 19:39:55 [ERROR]: Error: Route not found: GET /api/notifications/patient/69a93a44b22e1a6ee8f33553
    at E:\Random\MediVault_\MEDIVAULT\backend\server.js:137:17
    at Layer.handle [as handle_request] (E:\Random\MediVault_\MEDIVAULT\backend\node_modules\express\lib\router\layer.js:95:5)
    at trim_prefix (E:\Random\MediVault_\MEDIVAULT\backend\node_modules\express\lib\router\index.js:328:13)
    at E:\Random\MediVault_\MEDIVAULT\backend\node_modules\express\lib\router\index.js:286:9
    at Function.process_params (E:\Random\MediVault_\MEDIVAULT\backend\node_modules\express\lib\router\index.js:346:12)
    at next (E:\Random\MediVault_\MEDIVAULT\backend\node_modules\express\lib\router\index.js:280:10)
    at E:\Random\MediVault_\MEDIVAULT\backend\node_modules\express\lib\router\index.js:646:15
    at next (E:\Random\MediVault_\MEDIVAULT\backend\node_modules\express\lib\router\index.js:265:14)
    at Function.handle (E:\Random\MediVault_\MEDIVAULT\backend\node_modules\express\lib\router\index.js:175:3)
    at router (E:\Random\MediVault_\MEDIVAULT\backend\node_modules\express\lib\router\index.js:47:12)
    at Layer.handle [as handle_request] (E:\Random\MediVault_\MEDIVAULT\backend\node_modules\express\lib\router\layer.js:95:5)
    at trim_prefix (E:\Random\MediVault_\MEDIVAULT\backend\node_modules\express\lib\router\index.js:328:13)
    at E:\Random\MediVault_\MEDIVAULT\backend\node_modules\express\lib\router\index.js:286:9
    at Function.process_params (E:\Random\MediVault_\MEDIVAULT\backend\node_modules\express\lib\router\index.js:346:12)
    at next (E:\Random\MediVault_\MEDIVAULT\backend\node_modules\express\lib\router\index.js:280:10)
    at auditMiddleware (E:\Random\MediVault_\MEDIVAULT\backend\middleware\auditMiddleware.js:66:12)
2026-03-06 19:47:34 [ERROR]: Error: Route not found: GET /api/labs/69a93a44b22e1a6ee8f33553
    at E:\Random\MediVault_\MEDIVAULT\backend\server.js:137:17
    at Layer.handle [as handle_request] (E:\Random\MediVault_\MEDIVAULT\backend\node_modules\express\lib\router\layer.js:95:5)
    at trim_prefix (E:\Random\MediVault_\MEDIVAULT\backend\node_modules\express\lib\router\index.js:328:13)
    at E:\Random\MediVault_\MEDIVAULT\backend\node_modules\express\lib\router\index.js:286:9
    at Function.process_params (E:\Random\MediVault_\MEDIVAULT\backend\node_modules\express\lib\router\index.js:346:12)
    at next (E:\Random\MediVault_\MEDIVAULT\backend\node_modules\express\lib\router\index.js:280:10)
    at E:\Random\MediVault_\MEDIVAULT\backend\node_modules\express\lib\router\index.js:646:15
    at next (E:\Random\MediVault_\MEDIVAULT\backend\node_modules\express\lib\router\index.js:265:14)
    at Function.handle (E:\Random\MediVault_\MEDIVAULT\backend\node_modules\express\lib\router\index.js:175:3)
    at router (E:\Random\MediVault_\MEDIVAULT\backend\node_modules\express\lib\router\index.js:47:12)
    at Layer.handle [as handle_request] (E:\Random\MediVault_\MEDIVAULT\backend\node_modules\express\lib\router\layer.js:95:5)
    at trim_prefix (E:\Random\MediVault_\MEDIVAULT\backend\node_modules\express\lib\router\index.js:328:13)
    at E:\Random\MediVault_\MEDIVAULT\backend\node_modules\express\lib\router\index.js:286:9
    at Function.process_params (E:\Random\MediVault_\MEDIVAULT\backend\node_modules\express\lib\router\index.js:346:12)
    at next (E:\Random\MediVault_\MEDIVAULT\backend\node_modules\express\lib\router\index.js:280:10)
    at auditMiddleware (E:\Random\MediVault_\MEDIVAULT\backend\middleware\auditMiddleware.js:66:12)
2026-03-06 19:47:34 [ERROR]: Error: Route not found: GET /api/labs/69a93a44b22e1a6ee8f33553
    at E:\Random\MediVault_\MEDIVAULT\backend\server.js:137:17
    at Layer.handle [as handle_request] (E:\Random\MediVault_\MEDIVAULT\backend\node_modules\express\lib\router\layer.js:95:5)
    at trim_prefix (E:\Random\MediVault_\MEDIVAULT\backend\node_modules\express\lib\router\index.js:328:13)
    at E:\Random\MediVault_\MEDIVAULT\backend\node_modules\express\lib\router\index.js:286:9
    at Function.process_params (E:\Random\MediVault_\MEDIVAULT\backend\node_modules\express\lib\router\index.js:346:12)
    at next (E:\Random\MediVault_\MEDIVAULT\backend\node_modules\express\lib\router\index.js:280:10)
    at E:\Random\MediVault_\MEDIVAULT\backend\node_modules\express\lib\router\index.js:646:15
    at next (E:\Random\MediVault_\MEDIVAULT\backend\node_modules\express\lib\router\index.js:265:14)
    at Function.handle (E:\Random\MediVault_\MEDIVAULT\backend\node_modules\express\lib\router\index.js:175:3)
    at router (E:\Random\MediVault_\MEDIVAULT\backend\node_modules\express\lib\router\index.js:47:12)
    at Layer.handle [as handle_request] (E:\Random\MediVault_\MEDIVAULT\backend\node_modules\express\lib\router\layer.js:95:5)
    at trim_prefix (E:\Random\MediVault_\MEDIVAULT\backend\node_modules\express\lib\router\index.js:328:13)
    at E:\Random\MediVault_\MEDIVAULT\backend\node_modules\express\lib\router\index.js:286:9
    at Function.process_params (E:\Random\MediVault_\MEDIVAULT\backend\node_modules\express\lib\router\index.js:346:12)
    at next (E:\Random\MediVault_\MEDIVAULT\backend\node_modules\express\lib\router\index.js:280:10)
    at auditMiddleware (E:\Random\MediVault_\MEDIVAULT\backend\middleware\auditMiddleware.js:66:12)
2026-03-06 19:47:41 [ERROR]: Error: Route not found: GET /api/appointments/patient/69a93a44b22e1a6ee8f33553
    at E:\Random\MediVault_\MEDIVAULT\backend\server.js:137:17
    at Layer.handle [as handle_request] (E:\Random\MediVault_\MEDIVAULT\backend\node_modules\express\lib\router\layer.js:95:5)
    at trim_prefix (E:\Random\MediVault_\MEDIVAULT\backend\node_modules\express\lib\router\index.js:328:13)
    at E:\Random\MediVault_\MEDIVAULT\backend\node_modules\express\lib\router\index.js:286:9
    at Function.process_params (E:\Random\MediVault_\MEDIVAULT\backend\node_modules\express\lib\router\index.js:346:12)
    at next (E:\Random\MediVault_\MEDIVAULT\backend\node_modules\express\lib\router\index.js:280:10)
    at E:\Random\MediVault_\MEDIVAULT\backend\node_modules\express\lib\router\index.js:646:15
    at next (E:\Random\MediVault_\MEDIVAULT\backend\node_modules\express\lib\router\index.js:265:14)
    at Function.handle (E:\Random\MediVault_\MEDIVAULT\backend\node_modules\express\lib\router\index.js:175:3)
    at router (E:\Random\MediVault_\MEDIVAULT\backend\node_modules\express\lib\router\index.js:47:12)
    at Layer.handle [as handle_request] (E:\Random\MediVault_\MEDIVAULT\backend\node_modules\express\lib\router\layer.js:95:5)
    at trim_prefix (E:\Random\MediVault_\MEDIVAULT\backend\node_modules\express\lib\router\index.js:328:13)
    at E:\Random\MediVault_\MEDIVAULT\backend\node_modules\express\lib\router\index.js:286:9
    at Function.process_params (E:\Random\MediVault_\MEDIVAULT\backend\node_modules\express\lib\router\index.js:346:12)
    at next (E:\Random\MediVault_\MEDIVAULT\backend\node_modules\express\lib\router\index.js:280:10)
    at auditMiddleware (E:\Random\MediVault_\MEDIVAULT\backend\middleware\auditMiddleware.js:66:12)
2026-03-06 19:47:41 [ERROR]: Error: Route not found: GET /api/appointments/patient/69a93a44b22e1a6ee8f33553
    at E:\Random\MediVault_\MEDIVAULT\backend\server.js:137:17
    at Layer.handle [as handle_request] (E:\Random\MediVault_\MEDIVAULT\backend\node_modules\express\lib\router\layer.js:95:5)
    at trim_prefix (E:\Random\MediVault_\MEDIVAULT\backend\node_modules\express\lib\router\index.js:328:13)
    at E:\Random\MediVault_\MEDIVAULT\backend\node_modules\express\lib\router\index.js:286:9
    at Function.process_params (E:\Random\MediVault_\MEDIVAULT\backend\node_modules\express\lib\router\index.js:346:12)
    at next (E:\Random\MediVault_\MEDIVAULT\backend\node_modules\express\lib\router\index.js:280:10)
    at E:\Random\MediVault_\MEDIVAULT\backend\node_modules\express\lib\router\index.js:646:15
    at next (E:\Random\MediVault_\MEDIVAULT\backend\node_modules\express\lib\router\index.js:265:14)
    at Function.handle (E:\Random\MediVault_\MEDIVAULT\backend\node_modules\express\lib\router\index.js:175:3)
    at router (E:\Random\MediVault_\MEDIVAULT\backend\node_modules\express\lib\router\index.js:47:12)
    at Layer.handle [as handle_request] (E:\Random\MediVault_\MEDIVAULT\backend\node_modules\express\lib\router\layer.js:95:5)
    at trim_prefix (E:\Random\MediVault_\MEDIVAULT\backend\node_modules\express\lib\router\index.js:328:13)
    at E:\Random\MediVault_\MEDIVAULT\backend\node_modules\express\lib\router\index.js:286:9
    at Function.process_params (E:\Random\MediVault_\MEDIVAULT\backend\node_modules\express\lib\router\index.js:346:12)
    at next (E:\Random\MediVault_\MEDIVAULT\backend\node_modules\express\lib\router\index.js:280:10)
    at auditMiddleware (E:\Random\MediVault_\MEDIVAULT\backend\middleware\auditMiddleware.js:66:12)
2026-03-06 19:52:00 [ERROR]: Error: Route not found: GET /api/labs/69a93a44b22e1a6ee8f33553
    at E:\Random\MediVault_\MEDIVAULT\backend\server.js:137:17
    at Layer.handle [as handle_request] (E:\Random\MediVault_\MEDIVAULT\backend\node_modules\express\lib\router\layer.js:95:5)
    at trim_prefix (E:\Random\MediVault_\MEDIVAULT\backend\node_modules\express\lib\router\index.js:328:13)
    at E:\Random\MediVault_\MEDIVAULT\backend\node_modules\express\lib\router\index.js:286:9
    at Function.process_params (E:\Random\MediVault_\MEDIVAULT\backend\node_modules\express\lib\router\index.js:346:12)
    at next (E:\Random\MediVault_\MEDIVAULT\backend\node_modules\express\lib\router\index.js:280:10)
    at E:\Random\MediVault_\MEDIVAULT\backend\node_modules\express\lib\router\index.js:646:15
    at next (E:\Random\MediVault_\MEDIVAULT\backend\node_modules\express\lib\router\index.js:265:14)
    at Function.handle (E:\Random\MediVault_\MEDIVAULT\backend\node_modules\express\lib\router\index.js:175:3)
    at router (E:\Random\MediVault_\MEDIVAULT\backend\node_modules\express\lib\router\index.js:47:12)
    at Layer.handle [as handle_request] (E:\Random\MediVault_\MEDIVAULT\backend\node_modules\express\lib\router\layer.js:95:5)
    at trim_prefix (E:\Random\MediVault_\MEDIVAULT\backend\node_modules\express\lib\router\index.js:328:13)
    at E:\Random\MediVault_\MEDIVAULT\backend\node_modules\express\lib\router\index.js:286:9
    at Function.process_params (E:\Random\MediVault_\MEDIVAULT\backend\node_modules\express\lib\router\index.js:346:12)
    at next (E:\Random\MediVault_\MEDIVAULT\backend\node_modules\express\lib\router\index.js:280:10)
    at auditMiddleware (E:\Random\MediVault_\MEDIVAULT\backend\middleware\auditMiddleware.js:66:12)
2026-03-06 19:52:00 [ERROR]: Error: Route not found: GET /api/labs/69a93a44b22e1a6ee8f33553
    at E:\Random\MediVault_\MEDIVAULT\backend\server.js:137:17
    at Layer.handle [as handle_request] (E:\Random\MediVault_\MEDIVAULT\backend\node_modules\express\lib\router\layer.js:95:5)
    at trim_prefix (E:\Random\MediVault_\MEDIVAULT\backend\node_modules\express\lib\router\index.js:328:13)
    at E:\Random\MediVault_\MEDIVAULT\backend\node_modules\express\lib\router\index.js:286:9
    at Function.process_params (E:\Random\MediVault_\MEDIVAULT\backend\node_modules\express\lib\router\index.js:346:12)
    at next (E:\Random\MediVault_\MEDIVAULT\backend\node_modules\express\lib\router\index.js:280:10)
    at E:\Random\MediVault_\MEDIVAULT\backend\node_modules\express\lib\router\index.js:646:15
    at next (E:\Random\MediVault_\MEDIVAULT\backend\node_modules\express\lib\router\index.js:265:14)
    at Function.handle (E:\Random\MediVault_\MEDIVAULT\backend\node_modules\express\lib\router\index.js:175:3)
    at router (E:\Random\MediVault_\MEDIVAULT\backend\node_modules\express\lib\router\index.js:47:12)
    at Layer.handle [as handle_request] (E:\Random\MediVault_\MEDIVAULT\backend\node_modules\express\lib\router\layer.js:95:5)
    at trim_prefix (E:\Random\MediVault_\MEDIVAULT\backend\node_modules\express\lib\router\index.js:328:13)
    at E:\Random\MediVault_\MEDIVAULT\backend\node_modules\express\lib\router\index.js:286:9
    at Function.process_params (E:\Random\MediVault_\MEDIVAULT\backend\node_modules\express\lib\router\index.js:346:12)
    at next (E:\Random\MediVault_\MEDIVAULT\backend\node_modules\express\lib\router\index.js:280:10)
    at auditMiddleware (E:\Random\MediVault_\MEDIVAULT\backend\middleware\auditMiddleware.js:66:12)
2026-03-06 19:53:15 [ERROR]: Error: Route not found: GET /api/labs/69a93a44b22e1a6ee8f33553
    at E:\Random\MediVault_\MEDIVAULT\backend\server.js:137:17
    at Layer.handle [as handle_request] (E:\Random\MediVault_\MEDIVAULT\backend\node_modules\express\lib\router\layer.js:95:5)
    at trim_prefix (E:\Random\MediVault_\MEDIVAULT\backend\node_modules\express\lib\router\index.js:328:13)
    at E:\Random\MediVault_\MEDIVAULT\backend\node_modules\express\lib\router\index.js:286:9
    at Function.process_params (E:\Random\MediVault_\MEDIVAULT\backend\node_modules\express\lib\router\index.js:346:12)
    at next (E:\Random\MediVault_\MEDIVAULT\backend\node_modules\express\lib\router\index.js:280:10)
    at E:\Random\MediVault_\MEDIVAULT\backend\node_modules\express\lib\router\index.js:646:15
    at next (E:\Random\MediVault_\MEDIVAULT\backend\node_modules\express\lib\router\index.js:265:14)
    at Function.handle (E:\Random\MediVault_\MEDIVAULT\backend\node_modules\express\lib\router\index.js:175:3)
    at router (E:\Random\MediVault_\MEDIVAULT\backend\node_modules\express\lib\router\index.js:47:12)
    at Layer.handle [as handle_request] (E:\Random\MediVault_\MEDIVAULT\backend\node_modules\express\lib\router\layer.js:95:5)
    at trim_prefix (E:\Random\MediVault_\MEDIVAULT\backend\node_modules\express\lib\router\index.js:328:13)
    at E:\Random\MediVault_\MEDIVAULT\backend\node_modules\express\lib\router\index.js:286:9
    at Function.process_params (E:\Random\MediVault_\MEDIVAULT\backend\node_modules\express\lib\router\index.js:346:12)
    at next (E:\Random\MediVault_\MEDIVAULT\backend\node_modules\express\lib\router\index.js:280:10)
    at auditMiddleware (E:\Random\MediVault_\MEDIVAULT\backend\middleware\auditMiddleware.js:66:12)
2026-03-06 19:53:15 [ERROR]: Error: Route not found: GET /api/labs/69a93a44b22e1a6ee8f33553
    at E:\Random\MediVault_\MEDIVAULT\backend\server.js:137:17
    at Layer.handle [as handle_request] (E:\Random\MediVault_\MEDIVAULT\backend\node_modules\express\lib\router\layer.js:95:5)
    at trim_prefix (E:\Random\MediVault_\MEDIVAULT\backend\node_modules\express\lib\router\index.js:328:13)
    at E:\Random\MediVault_\MEDIVAULT\backend\node_modules\express\lib\router\index.js:286:9
    at Function.process_params (E:\Random\MediVault_\MEDIVAULT\backend\node_modules\express\lib\router\index.js:346:12)
    at next (E:\Random\MediVault_\MEDIVAULT\backend\node_modules\express\lib\router\index.js:280:10)
    at E:\Random\MediVault_\MEDIVAULT\backend\node_modules\express\lib\router\index.js:646:15
    at next (E:\Random\MediVault_\MEDIVAULT\backend\node_modules\express\lib\router\index.js:265:14)
    at Function.handle (E:\Random\MediVault_\MEDIVAULT\backend\node_modules\express\lib\router\index.js:175:3)
    at router (E:\Random\MediVault_\MEDIVAULT\backend\node_modules\express\lib\router\index.js:47:12)
    at Layer.handle [as handle_request] (E:\Random\MediVault_\MEDIVAULT\backend\node_modules\express\lib\router\layer.js:95:5)
    at trim_prefix (E:\Random\MediVault_\MEDIVAULT\backend\node_modules\express\lib\router\index.js:328:13)
    at E:\Random\MediVault_\MEDIVAULT\backend\node_modules\express\lib\router\index.js:286:9
    at Function.process_params (E:\Random\MediVault_\MEDIVAULT\backend\node_modules\express\lib\router\index.js:346:12)
    at next (E:\Random\MediVault_\MEDIVAULT\backend\node_modules\express\lib\router\index.js:280:10)
    at auditMiddleware (E:\Random\MediVault_\MEDIVAULT\backend\middleware\auditMiddleware.js:66:12)
2026-03-06 19:56:52 [ERROR]: Error: Route not found: GET /api/labs/patient/69a93a44b22e1a6ee8f33553
    at E:\Random\MediVault_\MEDIVAULT\backend\server.js:137:17
    at Layer.handle [as handle_request] (E:\Random\MediVault_\MEDIVAULT\backend\node_modules\express\lib\router\layer.js:95:5)
    at trim_prefix (E:\Random\MediVault_\MEDIVAULT\backend\node_modules\express\lib\router\index.js:328:13)
    at E:\Random\MediVault_\MEDIVAULT\backend\node_modules\express\lib\router\index.js:286:9
    at Function.process_params (E:\Random\MediVault_\MEDIVAULT\backend\node_modules\express\lib\router\index.js:346:12)
    at next (E:\Random\MediVault_\MEDIVAULT\backend\node_modules\express\lib\router\index.js:280:10)
    at E:\Random\MediVault_\MEDIVAULT\backend\node_modules\express\lib\router\index.js:646:15
    at next (E:\Random\MediVault_\MEDIVAULT\backend\node_modules\express\lib\router\index.js:265:14)
    at Function.handle (E:\Random\MediVault_\MEDIVAULT\backend\node_modules\express\lib\router\index.js:175:3)
    at router (E:\Random\MediVault_\MEDIVAULT\backend\node_modules\express\lib\router\index.js:47:12)
    at Layer.handle [as handle_request] (E:\Random\MediVault_\MEDIVAULT\backend\node_modules\express\lib\router\layer.js:95:5)
    at trim_prefix (E:\Random\MediVault_\MEDIVAULT\backend\node_modules\express\lib\router\index.js:328:13)
    at E:\Random\MediVault_\MEDIVAULT\backend\node_modules\express\lib\router\index.js:286:9
    at Function.process_params (E:\Random\MediVault_\MEDIVAULT\backend\node_modules\express\lib\router\index.js:346:12)
    at next (E:\Random\MediVault_\MEDIVAULT\backend\node_modules\express\lib\router\index.js:280:10)
    at auditMiddleware (E:\Random\MediVault_\MEDIVAULT\backend\middleware\auditMiddleware.js:66:12)
2026-03-06 19:56:52 [ERROR]: Error: Route not found: GET /api/labs/patient/69a93a44b22e1a6ee8f33553
    at E:\Random\MediVault_\MEDIVAULT\backend\server.js:137:17
    at Layer.handle [as handle_request] (E:\Random\MediVault_\MEDIVAULT\backend\node_modules\express\lib\router\layer.js:95:5)
    at trim_prefix (E:\Random\MediVault_\MEDIVAULT\backend\node_modules\express\lib\router\index.js:328:13)
    at E:\Random\MediVault_\MEDIVAULT\backend\node_modules\express\lib\router\index.js:286:9
    at Function.process_params (E:\Random\MediVault_\MEDIVAULT\backend\node_modules\express\lib\router\index.js:346:12)
    at next (E:\Random\MediVault_\MEDIVAULT\backend\node_modules\express\lib\router\index.js:280:10)
    at E:\Random\MediVault_\MEDIVAULT\backend\node_modules\express\lib\router\index.js:646:15
    at next (E:\Random\MediVault_\MEDIVAULT\backend\node_modules\express\lib\router\index.js:265:14)
    at Function.handle (E:\Random\MediVault_\MEDIVAULT\backend\node_modules\express\lib\router\index.js:175:3)
    at router (E:\Random\MediVault_\MEDIVAULT\backend\node_modules\express\lib\router\index.js:47:12)
    at Layer.handle [as handle_request] (E:\Random\MediVault_\MEDIVAULT\backend\node_modules\express\lib\router\layer.js:95:5)
    at trim_prefix (E:\Random\MediVault_\MEDIVAULT\backend\node_modules\express\lib\router\index.js:328:13)
    at E:\Random\MediVault_\MEDIVAULT\backend\node_modules\express\lib\router\index.js:286:9
    at Function.process_params (E:\Random\MediVault_\MEDIVAULT\backend\node_modules\express\lib\router\index.js:346:12)
    at next (E:\Random\MediVault_\MEDIVAULT\backend\node_modules\express\lib\router\index.js:280:10)
    at auditMiddleware (E:\Random\MediVault_\MEDIVAULT\backend\middleware\auditMiddleware.js:66:12)
2026-03-06 19:56:55 [ERROR]: Error: Route not found: GET /api/labs/patient/69a93a44b22e1a6ee8f33553
    at E:\Random\MediVault_\MEDIVAULT\backend\server.js:137:17
    at Layer.handle [as handle_request] (E:\Random\MediVault_\MEDIVAULT\backend\node_modules\express\lib\router\layer.js:95:5)
    at trim_prefix (E:\Random\MediVault_\MEDIVAULT\backend\node_modules\express\lib\router\index.js:328:13)
    at E:\Random\MediVault_\MEDIVAULT\backend\node_modules\express\lib\router\index.js:286:9
    at Function.process_params (E:\Random\MediVault_\MEDIVAULT\backend\node_modules\express\lib\router\index.js:346:12)
    at next (E:\Random\MediVault_\MEDIVAULT\backend\node_modules\express\lib\router\index.js:280:10)
    at E:\Random\MediVault_\MEDIVAULT\backend\node_modules\express\lib\router\index.js:646:15
    at next (E:\Random\MediVault_\MEDIVAULT\backend\node_modules\express\lib\router\index.js:265:14)
    at Function.handle (E:\Random\MediVault_\MEDIVAULT\backend\node_modules\express\lib\router\index.js:175:3)
    at router (E:\Random\MediVault_\MEDIVAULT\backend\node_modules\express\lib\router\index.js:47:12)
    at Layer.handle [as handle_request] (E:\Random\MediVault_\MEDIVAULT\backend\node_modules\express\lib\router\layer.js:95:5)
    at trim_prefix (E:\Random\MediVault_\MEDIVAULT\backend\node_modules\express\lib\router\index.js:328:13)
    at E:\Random\MediVault_\MEDIVAULT\backend\node_modules\express\lib\router\index.js:286:9
    at Function.process_params (E:\Random\MediVault_\MEDIVAULT\backend\node_modules\express\lib\router\index.js:346:12)
    at next (E:\Random\MediVault_\MEDIVAULT\backend\node_modules\express\lib\router\index.js:280:10)
    at auditMiddleware (E:\Random\MediVault_\MEDIVAULT\backend\middleware\auditMiddleware.js:66:12)
2026-03-06 19:56:55 [ERROR]: Error: Route not found: GET /api/labs/patient/69a93a44b22e1a6ee8f33553
    at E:\Random\MediVault_\MEDIVAULT\backend\server.js:137:17
    at Layer.handle [as handle_request] (E:\Random\MediVault_\MEDIVAULT\backend\node_modules\express\lib\router\layer.js:95:5)
    at trim_prefix (E:\Random\MediVault_\MEDIVAULT\backend\node_modules\express\lib\router\index.js:328:13)
    at E:\Random\MediVault_\MEDIVAULT\backend\node_modules\express\lib\router\index.js:286:9
    at Function.process_params (E:\Random\MediVault_\MEDIVAULT\backend\node_modules\express\lib\router\index.js:346:12)
    at next (E:\Random\MediVault_\MEDIVAULT\backend\node_modules\express\lib\router\index.js:280:10)
    at E:\Random\MediVault_\MEDIVAULT\backend\node_modules\express\lib\router\index.js:646:15
    at next (E:\Random\MediVault_\MEDIVAULT\backend\node_modules\express\lib\router\index.js:265:14)
    at Function.handle (E:\Random\MediVault_\MEDIVAULT\backend\node_modules\express\lib\router\index.js:175:3)
    at router (E:\Random\MediVault_\MEDIVAULT\backend\node_modules\express\lib\router\index.js:47:12)
    at Layer.handle [as handle_request] (E:\Random\MediVault_\MEDIVAULT\backend\node_modules\express\lib\router\layer.js:95:5)
    at trim_prefix (E:\Random\MediVault_\MEDIVAULT\backend\node_modules\express\lib\router\index.js:328:13)
    at E:\Random\MediVault_\MEDIVAULT\backend\node_modules\express\lib\router\index.js:286:9
    at Function.process_params (E:\Random\MediVault_\MEDIVAULT\backend\node_modules\express\lib\router\index.js:346:12)
    at next (E:\Random\MediVault_\MEDIVAULT\backend\node_modules\express\lib\router\index.js:280:10)
    at auditMiddleware (E:\Random\MediVault_\MEDIVAULT\backend\middleware\auditMiddleware.js:66:12)
2026-03-06 19:57:00 [ERROR]: Error: Route not found: GET /api/labs/patient/69a93a44b22e1a6ee8f33553
    at E:\Random\MediVault_\MEDIVAULT\backend\server.js:137:17
    at Layer.handle [as handle_request] (E:\Random\MediVault_\MEDIVAULT\backend\node_modules\express\lib\router\layer.js:95:5)
    at trim_prefix (E:\Random\MediVault_\MEDIVAULT\backend\node_modules\express\lib\router\index.js:328:13)
    at E:\Random\MediVault_\MEDIVAULT\backend\node_modules\express\lib\router\index.js:286:9
    at Function.process_params (E:\Random\MediVault_\MEDIVAULT\backend\node_modules\express\lib\router\index.js:346:12)
    at next (E:\Random\MediVault_\MEDIVAULT\backend\node_modules\express\lib\router\index.js:280:10)
    at E:\Random\MediVault_\MEDIVAULT\backend\node_modules\express\lib\router\index.js:646:15
    at next (E:\Random\MediVault_\MEDIVAULT\backend\node_modules\express\lib\router\index.js:265:14)
    at Function.handle (E:\Random\MediVault_\MEDIVAULT\backend\node_modules\express\lib\router\index.js:175:3)
    at router (E:\Random\MediVault_\MEDIVAULT\backend\node_modules\express\lib\router\index.js:47:12)
    at Layer.handle [as handle_request] (E:\Random\MediVault_\MEDIVAULT\backend\node_modules\express\lib\router\layer.js:95:5)
    at trim_prefix (E:\Random\MediVault_\MEDIVAULT\backend\node_modules\express\lib\router\index.js:328:13)
    at E:\Random\MediVault_\MEDIVAULT\backend\node_modules\express\lib\router\index.js:286:9
    at Function.process_params (E:\Random\MediVault_\MEDIVAULT\backend\node_modules\express\lib\router\index.js:346:12)
    at next (E:\Random\MediVault_\MEDIVAULT\backend\node_modules\express\lib\router\index.js:280:10)
    at auditMiddleware (E:\Random\MediVault_\MEDIVAULT\backend\middleware\auditMiddleware.js:66:12)
2026-03-06 19:57:00 [ERROR]: Error: Route not found: GET /api/labs/patient/69a93a44b22e1a6ee8f33553
    at E:\Random\MediVault_\MEDIVAULT\backend\server.js:137:17
    at Layer.handle [as handle_request] (E:\Random\MediVault_\MEDIVAULT\backend\node_modules\express\lib\router\layer.js:95:5)
    at trim_prefix (E:\Random\MediVault_\MEDIVAULT\backend\node_modules\express\lib\router\index.js:328:13)
    at E:\Random\MediVault_\MEDIVAULT\backend\node_modules\express\lib\router\index.js:286:9
    at Function.process_params (E:\Random\MediVault_\MEDIVAULT\backend\node_modules\express\lib\router\index.js:346:12)
    at next (E:\Random\MediVault_\MEDIVAULT\backend\node_modules\express\lib\router\index.js:280:10)
    at E:\Random\MediVault_\MEDIVAULT\backend\node_modules\express\lib\router\index.js:646:15
    at next (E:\Random\MediVault_\MEDIVAULT\backend\node_modules\express\lib\router\index.js:265:14)
    at Function.handle (E:\Random\MediVault_\MEDIVAULT\backend\node_modules\express\lib\router\index.js:175:3)
    at router (E:\Random\MediVault_\MEDIVAULT\backend\node_modules\express\lib\router\index.js:47:12)
    at Layer.handle [as handle_request] (E:\Random\MediVault_\MEDIVAULT\backend\node_modules\express\lib\router\layer.js:95:5)
    at trim_prefix (E:\Random\MediVault_\MEDIVAULT\backend\node_modules\express\lib\router\index.js:328:13)
    at E:\Random\MediVault_\MEDIVAULT\backend\node_modules\express\lib\router\index.js:286:9
    at Function.process_params (E:\Random\MediVault_\MEDIVAULT\backend\node_modules\express\lib\router\index.js:346:12)
    at next (E:\Random\MediVault_\MEDIVAULT\backend\node_modules\express\lib\router\index.js:280:10)
    at auditMiddleware (E:\Random\MediVault_\MEDIVAULT\backend\middleware\auditMiddleware.js:66:12)
2026-03-06 19:57:24 [ERROR]: Error: Route not found: GET /api/labs/patient/69a93a44b22e1a6ee8f33553
    at E:\Random\MediVault_\MEDIVAULT\backend\server.js:137:17
    at Layer.handle [as handle_request] (E:\Random\MediVault_\MEDIVAULT\backend\node_modules\express\lib\router\layer.js:95:5)
    at trim_prefix (E:\Random\MediVault_\MEDIVAULT\backend\node_modules\express\lib\router\index.js:328:13)
    at E:\Random\MediVault_\MEDIVAULT\backend\node_modules\express\lib\router\index.js:286:9
    at Function.process_params (E:\Random\MediVault_\MEDIVAULT\backend\node_modules\express\lib\router\index.js:346:12)
    at next (E:\Random\MediVault_\MEDIVAULT\backend\node_modules\express\lib\router\index.js:280:10)
    at E:\Random\MediVault_\MEDIVAULT\backend\node_modules\express\lib\router\index.js:646:15
    at next (E:\Random\MediVault_\MEDIVAULT\backend\node_modules\express\lib\router\index.js:265:14)
    at Function.handle (E:\Random\MediVault_\MEDIVAULT\backend\node_modules\express\lib\router\index.js:175:3)
    at router (E:\Random\MediVault_\MEDIVAULT\backend\node_modules\express\lib\router\index.js:47:12)
    at Layer.handle [as handle_request] (E:\Random\MediVault_\MEDIVAULT\backend\node_modules\express\lib\router\layer.js:95:5)
    at trim_prefix (E:\Random\MediVault_\MEDIVAULT\backend\node_modules\express\lib\router\index.js:328:13)
    at E:\Random\MediVault_\MEDIVAULT\backend\node_modules\express\lib\router\index.js:286:9
    at Function.process_params (E:\Random\MediVault_\MEDIVAULT\backend\node_modules\express\lib\router\index.js:346:12)
    at next (E:\Random\MediVault_\MEDIVAULT\backend\node_modules\express\lib\router\index.js:280:10)
    at auditMiddleware (E:\Random\MediVault_\MEDIVAULT\backend\middleware\auditMiddleware.js:66:12)
2026-03-06 19:57:24 [ERROR]: Error: Route not found: GET /api/labs/patient/69a93a44b22e1a6ee8f33553
    at E:\Random\MediVault_\MEDIVAULT\backend\server.js:137:17
    at Layer.handle [as handle_request] (E:\Random\MediVault_\MEDIVAULT\backend\node_modules\express\lib\router\layer.js:95:5)
    at trim_prefix (E:\Random\MediVault_\MEDIVAULT\backend\node_modules\express\lib\router\index.js:328:13)
    at E:\Random\MediVault_\MEDIVAULT\backend\node_modules\express\lib\router\index.js:286:9
    at Function.process_params (E:\Random\MediVault_\MEDIVAULT\backend\node_modules\express\lib\router\index.js:346:12)
    at next (E:\Random\MediVault_\MEDIVAULT\backend\node_modules\express\lib\router\index.js:280:10)
    at E:\Random\MediVault_\MEDIVAULT\backend\node_modules\express\lib\router\index.js:646:15
    at next (E:\Random\MediVault_\MEDIVAULT\backend\node_modules\express\lib\router\index.js:265:14)
    at Function.handle (E:\Random\MediVault_\MEDIVAULT\backend\node_modules\express\lib\router\index.js:175:3)
    at router (E:\Random\MediVault_\MEDIVAULT\backend\node_modules\express\lib\router\index.js:47:12)
    at Layer.handle [as handle_request] (E:\Random\MediVault_\MEDIVAULT\backend\node_modules\express\lib\router\layer.js:95:5)
    at trim_prefix (E:\Random\MediVault_\MEDIVAULT\backend\node_modules\express\lib\router\index.js:328:13)
    at E:\Random\MediVault_\MEDIVAULT\backend\node_modules\express\lib\router\index.js:286:9
    at Function.process_params (E:\Random\MediVault_\MEDIVAULT\backend\node_modules\express\lib\router\index.js:346:12)
    at next (E:\Random\MediVault_\MEDIVAULT\backend\node_modules\express\lib\router\index.js:280:10)
    at auditMiddleware (E:\Random\MediVault_\MEDIVAULT\backend\middleware\auditMiddleware.js:66:12)
2026-03-06 20:01:05 [ERROR]: Error: Route not found: GET /api/appointments/patient/69a93a44b22e1a6ee8f33553
    at E:\Random\MediVault_\MEDIVAULT\backend\server.js:137:17
    at Layer.handle [as handle_request] (E:\Random\MediVault_\MEDIVAULT\backend\node_modules\express\lib\router\layer.js:95:5)
    at trim_prefix (E:\Random\MediVault_\MEDIVAULT\backend\node_modules\express\lib\router\index.js:328:13)
    at E:\Random\MediVault_\MEDIVAULT\backend\node_modules\express\lib\router\index.js:286:9
    at Function.process_params (E:\Random\MediVault_\MEDIVAULT\backend\node_modules\express\lib\router\index.js:346:12)
    at next (E:\Random\MediVault_\MEDIVAULT\backend\node_modules\express\lib\router\index.js:280:10)
    at E:\Random\MediVault_\MEDIVAULT\backend\node_modules\express\lib\router\index.js:646:15
    at next (E:\Random\MediVault_\MEDIVAULT\backend\node_modules\express\lib\router\index.js:265:14)
    at Function.handle (E:\Random\MediVault_\MEDIVAULT\backend\node_modules\express\lib\router\index.js:175:3)
    at router (E:\Random\MediVault_\MEDIVAULT\backend\node_modules\express\lib\router\index.js:47:12)
    at Layer.handle [as handle_request] (E:\Random\MediVault_\MEDIVAULT\backend\node_modules\express\lib\router\layer.js:95:5)
    at trim_prefix (E:\Random\MediVault_\MEDIVAULT\backend\node_modules\express\lib\router\index.js:328:13)
    at E:\Random\MediVault_\MEDIVAULT\backend\node_modules\express\lib\router\index.js:286:9
    at Function.process_params (E:\Random\MediVault_\MEDIVAULT\backend\node_modules\express\lib\router\index.js:346:12)
    at next (E:\Random\MediVault_\MEDIVAULT\backend\node_modules\express\lib\router\index.js:280:10)
    at auditMiddleware (E:\Random\MediVault_\MEDIVAULT\backend\middleware\auditMiddleware.js:66:12)
2026-03-06 20:01:05 [ERROR]: Error: Route not found: GET /api/appointments/patient/69a93a44b22e1a6ee8f33553
    at E:\Random\MediVault_\MEDIVAULT\backend\server.js:137:17
    at Layer.handle [as handle_request] (E:\Random\MediVault_\MEDIVAULT\backend\node_modules\express\lib\router\layer.js:95:5)
    at trim_prefix (E:\Random\MediVault_\MEDIVAULT\backend\node_modules\express\lib\router\index.js:328:13)
    at E:\Random\MediVault_\MEDIVAULT\backend\node_modules\express\lib\router\index.js:286:9
    at Function.process_params (E:\Random\MediVault_\MEDIVAULT\backend\node_modules\express\lib\router\index.js:346:12)
    at next (E:\Random\MediVault_\MEDIVAULT\backend\node_modules\express\lib\router\index.js:280:10)
    at E:\Random\MediVault_\MEDIVAULT\backend\node_modules\express\lib\router\index.js:646:15
    at next (E:\Random\MediVault_\MEDIVAULT\backend\node_modules\express\lib\router\index.js:265:14)
    at Function.handle (E:\Random\MediVault_\MEDIVAULT\backend\node_modules\express\lib\router\index.js:175:3)
    at router (E:\Random\MediVault_\MEDIVAULT\backend\node_modules\express\lib\router\index.js:47:12)
    at Layer.handle [as handle_request] (E:\Random\MediVault_\MEDIVAULT\backend\node_modules\express\lib\router\layer.js:95:5)
    at trim_prefix (E:\Random\MediVault_\MEDIVAULT\backend\node_modules\express\lib\router\index.js:328:13)
    at E:\Random\MediVault_\MEDIVAULT\backend\node_modules\express\lib\router\index.js:286:9
    at Function.process_params (E:\Random\MediVault_\MEDIVAULT\backend\node_modules\express\lib\router\index.js:346:12)
    at next (E:\Random\MediVault_\MEDIVAULT\backend\node_modules\express\lib\router\index.js:280:10)
    at auditMiddleware (E:\Random\MediVault_\MEDIVAULT\backend\middleware\auditMiddleware.js:66:12)
2026-03-06 20:04:44 [ERROR]: Error: Route not found: POST /api/access/request
    at E:\Random\MediVault_\MEDIVAULT\backend\server.js:137:17
    at Layer.handle [as handle_request] (E:\Random\MediVault_\MEDIVAULT\backend\node_modules\express\lib\router\layer.js:95:5)
    at trim_prefix (E:\Random\MediVault_\MEDIVAULT\backend\node_modules\express\lib\router\index.js:328:13)
    at E:\Random\MediVault_\MEDIVAULT\backend\node_modules\express\lib\router\index.js:286:9
    at Function.process_params (E:\Random\MediVault_\MEDIVAULT\backend\node_modules\express\lib\router\index.js:346:12)
    at next (E:\Random\MediVault_\MEDIVAULT\backend\node_modules\express\lib\router\index.js:280:10)
    at auditMiddleware (E:\Random\MediVault_\MEDIVAULT\backend\middleware\auditMiddleware.js:121:3)
    at Layer.handle [as handle_request] (E:\Random\MediVault_\MEDIVAULT\backend\node_modules\express\lib\router\layer.js:95:5)
    at trim_prefix (E:\Random\MediVault_\MEDIVAULT\backend\node_modules\express\lib\router\index.js:328:13)
    at E:\Random\MediVault_\MEDIVAULT\backend\node_modules\express\lib\router\index.js:286:9
    at Function.process_params (E:\Random\MediVault_\MEDIVAULT\backend\node_modules\express\lib\router\index.js:346:12)
    at next (E:\Random\MediVault_\MEDIVAULT\backend\node_modules\express\lib\router\index.js:280:10)
    at E:\Random\MediVault_\MEDIVAULT\backend\server.js:51:3
    at Layer.handle [as handle_request] (E:\Random\MediVault_\MEDIVAULT\backend\node_modules\express\lib\router\layer.js:95:5)
    at trim_prefix (E:\Random\MediVault_\MEDIVAULT\backend\node_modules\express\lib\router\index.js:328:13)
    at E:\Random\MediVault_\MEDIVAULT\backend\node_modules\express\lib\router\index.js:286:9
2026-03-06 20:04:50 [ERROR]: Error: Route not found: POST /api/access/request
    at E:\Random\MediVault_\MEDIVAULT\backend\server.js:137:17
    at Layer.handle [as handle_request] (E:\Random\MediVault_\MEDIVAULT\backend\node_modules\express\lib\router\layer.js:95:5)
    at trim_prefix (E:\Random\MediVault_\MEDIVAULT\backend\node_modules\express\lib\router\index.js:328:13)
    at E:\Random\MediVault_\MEDIVAULT\backend\node_modules\express\lib\router\index.js:286:9
    at Function.process_params (E:\Random\MediVault_\MEDIVAULT\backend\node_modules\express\lib\router\index.js:346:12)
    at next (E:\Random\MediVault_\MEDIVAULT\backend\node_modules\express\lib\router\index.js:280:10)
    at auditMiddleware (E:\Random\MediVault_\MEDIVAULT\backend\middleware\auditMiddleware.js:121:3)
    at Layer.handle [as handle_request] (E:\Random\MediVault_\MEDIVAULT\backend\node_modules\express\lib\router\layer.js:95:5)
    at trim_prefix (E:\Random\MediVault_\MEDIVAULT\backend\node_modules\express\lib\router\index.js:328:13)
    at E:\Random\MediVault_\MEDIVAULT\backend\node_modules\express\lib\router\index.js:286:9
    at Function.process_params (E:\Random\MediVault_\MEDIVAULT\backend\node_modules\express\lib\router\index.js:346:12)
    at next (E:\Random\MediVault_\MEDIVAULT\backend\node_modules\express\lib\router\index.js:280:10)
    at E:\Random\MediVault_\MEDIVAULT\backend\server.js:51:3
    at Layer.handle [as handle_request] (E:\Random\MediVault_\MEDIVAULT\backend\node_modules\express\lib\router\layer.js:95:5)
    at trim_prefix (E:\Random\MediVault_\MEDIVAULT\backend\node_modules\express\lib\router\index.js:328:13)
    at E:\Random\MediVault_\MEDIVAULT\backend\node_modules\express\lib\router\index.js:286:9
2026-03-06 20:05:16 [ERROR]: Error: Route not found: GET /api/ai/risk/69a93a44b22e1a6ee8f33553
    at E:\Random\MediVault_\MEDIVAULT\backend\server.js:137:17
    at Layer.handle [as handle_request] (E:\Random\MediVault_\MEDIVAULT\backend\node_modules\express\lib\router\layer.js:95:5)
    at trim_prefix (E:\Random\MediVault_\MEDIVAULT\backend\node_modules\express\lib\router\index.js:328:13)
    at E:\Random\MediVault_\MEDIVAULT\backend\node_modules\express\lib\router\index.js:286:9
    at Function.process_params (E:\Random\MediVault_\MEDIVAULT\backend\node_modules\express\lib\router\index.js:346:12)
    at next (E:\Random\MediVault_\MEDIVAULT\backend\node_modules\express\lib\router\index.js:280:10)
    at E:\Random\MediVault_\MEDIVAULT\backend\node_modules\express\lib\router\index.js:646:15
    at next (E:\Random\MediVault_\MEDIVAULT\backend\node_modules\express\lib\router\index.js:265:14)
    at Function.handle (E:\Random\MediVault_\MEDIVAULT\backend\node_modules\express\lib\router\index.js:175:3)
    at router (E:\Random\MediVault_\MEDIVAULT\backend\node_modules\express\lib\router\index.js:47:12)
    at Layer.handle [as handle_request] (E:\Random\MediVault_\MEDIVAULT\backend\node_modules\express\lib\router\layer.js:95:5)
    at trim_prefix (E:\Random\MediVault_\MEDIVAULT\backend\node_modules\express\lib\router\index.js:328:13)
    at E:\Random\MediVault_\MEDIVAULT\backend\node_modules\express\lib\router\index.js:286:9
    at Function.process_params (E:\Random\MediVault_\MEDIVAULT\backend\node_modules\express\lib\router\index.js:346:12)
    at next (E:\Random\MediVault_\MEDIVAULT\backend\node_modules\express\lib\router\index.js:280:10)
    at auditMiddleware (E:\Random\MediVault_\MEDIVAULT\backend\middleware\auditMiddleware.js:66:12)
2026-03-06 20:05:16 [ERROR]: Error: Route not found: GET /api/ai/risk/69a93a44b22e1a6ee8f33553
    at E:\Random\MediVault_\MEDIVAULT\backend\server.js:137:17
    at Layer.handle [as handle_request] (E:\Random\MediVault_\MEDIVAULT\backend\node_modules\express\lib\router\layer.js:95:5)
    at trim_prefix (E:\Random\MediVault_\MEDIVAULT\backend\node_modules\express\lib\router\index.js:328:13)
    at E:\Random\MediVault_\MEDIVAULT\backend\node_modules\express\lib\router\index.js:286:9
    at Function.process_params (E:\Random\MediVault_\MEDIVAULT\backend\node_modules\express\lib\router\index.js:346:12)
    at next (E:\Random\MediVault_\MEDIVAULT\backend\node_modules\express\lib\router\index.js:280:10)
    at E:\Random\MediVault_\MEDIVAULT\backend\node_modules\express\lib\router\index.js:646:15
    at next (E:\Random\MediVault_\MEDIVAULT\backend\node_modules\express\lib\router\index.js:265:14)
    at Function.handle (E:\Random\MediVault_\MEDIVAULT\backend\node_modules\express\lib\router\index.js:175:3)
    at router (E:\Random\MediVault_\MEDIVAULT\backend\node_modules\express\lib\router\index.js:47:12)
    at Layer.handle [as handle_request] (E:\Random\MediVault_\MEDIVAULT\backend\node_modules\express\lib\router\layer.js:95:5)
    at trim_prefix (E:\Random\MediVault_\MEDIVAULT\backend\node_modules\express\lib\router\index.js:328:13)
    at E:\Random\MediVault_\MEDIVAULT\backend\node_modules\express\lib\router\index.js:286:9
    at Function.process_params (E:\Random\MediVault_\MEDIVAULT\backend\node_modules\express\lib\router\index.js:346:12)
    at next (E:\Random\MediVault_\MEDIVAULT\backend\node_modules\express\lib\router\index.js:280:10)
    at auditMiddleware (E:\Random\MediVault_\MEDIVAULT\backend\middleware\auditMiddleware.js:66:12)
2026-03-06 20:07:15 [ERROR]: Error: Route not found: GET /api/ai/risk/69a93a44b22e1a6ee8f33553
    at E:\Random\MediVault_\MEDIVAULT\backend\server.js:137:17
    at Layer.handle [as handle_request] (E:\Random\MediVault_\MEDIVAULT\backend\node_modules\express\lib\router\layer.js:95:5)
    at trim_prefix (E:\Random\MediVault_\MEDIVAULT\backend\node_modules\express\lib\router\index.js:328:13)
    at E:\Random\MediVault_\MEDIVAULT\backend\node_modules\express\lib\router\index.js:286:9
    at Function.process_params (E:\Random\MediVault_\MEDIVAULT\backend\node_modules\express\lib\router\index.js:346:12)
    at next (E:\Random\MediVault_\MEDIVAULT\backend\node_modules\express\lib\router\index.js:280:10)
    at E:\Random\MediVault_\MEDIVAULT\backend\node_modules\express\lib\router\index.js:646:15
    at next (E:\Random\MediVault_\MEDIVAULT\backend\node_modules\express\lib\router\index.js:265:14)
    at Function.handle (E:\Random\MediVault_\MEDIVAULT\backend\node_modules\express\lib\router\index.js:175:3)
    at router (E:\Random\MediVault_\MEDIVAULT\backend\node_modules\express\lib\router\index.js:47:12)
    at Layer.handle [as handle_request] (E:\Random\MediVault_\MEDIVAULT\backend\node_modules\express\lib\router\layer.js:95:5)
    at trim_prefix (E:\Random\MediVault_\MEDIVAULT\backend\node_modules\express\lib\router\index.js:328:13)
    at E:\Random\MediVault_\MEDIVAULT\backend\node_modules\express\lib\router\index.js:286:9
    at Function.process_params (E:\Random\MediVault_\MEDIVAULT\backend\node_modules\express\lib\router\index.js:346:12)
    at next (E:\Random\MediVault_\MEDIVAULT\backend\node_modules\express\lib\router\index.js:280:10)
    at auditMiddleware (E:\Random\MediVault_\MEDIVAULT\backend\middleware\auditMiddleware.js:66:12)
2026-03-06 20:07:15 [ERROR]: Error: Route not found: GET /api/ai/risk/69a93a44b22e1a6ee8f33553
    at E:\Random\MediVault_\MEDIVAULT\backend\server.js:137:17
    at Layer.handle [as handle_request] (E:\Random\MediVault_\MEDIVAULT\backend\node_modules\express\lib\router\layer.js:95:5)
    at trim_prefix (E:\Random\MediVault_\MEDIVAULT\backend\node_modules\express\lib\router\index.js:328:13)
    at E:\Random\MediVault_\MEDIVAULT\backend\node_modules\express\lib\router\index.js:286:9
    at Function.process_params (E:\Random\MediVault_\MEDIVAULT\backend\node_modules\express\lib\router\index.js:346:12)
    at next (E:\Random\MediVault_\MEDIVAULT\backend\node_modules\express\lib\router\index.js:280:10)
    at E:\Random\MediVault_\MEDIVAULT\backend\node_modules\express\lib\router\index.js:646:15
    at next (E:\Random\MediVault_\MEDIVAULT\backend\node_modules\express\lib\router\index.js:265:14)
    at Function.handle (E:\Random\MediVault_\MEDIVAULT\backend\node_modules\express\lib\router\index.js:175:3)
    at router (E:\Random\MediVault_\MEDIVAULT\backend\node_modules\express\lib\router\index.js:47:12)
    at Layer.handle [as handle_request] (E:\Random\MediVault_\MEDIVAULT\backend\node_modules\express\lib\router\layer.js:95:5)
    at trim_prefix (E:\Random\MediVault_\MEDIVAULT\backend\node_modules\express\lib\router\index.js:328:13)
    at E:\Random\MediVault_\MEDIVAULT\backend\node_modules\express\lib\router\index.js:286:9
    at Function.process_params (E:\Random\MediVault_\MEDIVAULT\backend\node_modules\express\lib\router\index.js:346:12)
    at next (E:\Random\MediVault_\MEDIVAULT\backend\node_modules\express\lib\router\index.js:280:10)
    at auditMiddleware (E:\Random\MediVault_\MEDIVAULT\backend\middleware\auditMiddleware.js:66:12)
2026-03-06 20:08:49 [ERROR]: Error: Route not found: GET /api/notifications/patient/69a93a44b22e1a6ee8f33553
    at E:\Random\MediVault_\MEDIVAULT\backend\server.js:137:17
    at Layer.handle [as handle_request] (E:\Random\MediVault_\MEDIVAULT\backend\node_modules\express\lib\router\layer.js:95:5)
    at trim_prefix (E:\Random\MediVault_\MEDIVAULT\backend\node_modules\express\lib\router\index.js:328:13)
    at E:\Random\MediVault_\MEDIVAULT\backend\node_modules\express\lib\router\index.js:286:9
    at Function.process_params (E:\Random\MediVault_\MEDIVAULT\backend\node_modules\express\lib\router\index.js:346:12)
    at next (E:\Random\MediVault_\MEDIVAULT\backend\node_modules\express\lib\router\index.js:280:10)
    at E:\Random\MediVault_\MEDIVAULT\backend\node_modules\express\lib\router\index.js:646:15
    at next (E:\Random\MediVault_\MEDIVAULT\backend\node_modules\express\lib\router\index.js:265:14)
    at Function.handle (E:\Random\MediVault_\MEDIVAULT\backend\node_modules\express\lib\router\index.js:175:3)
    at router (E:\Random\MediVault_\MEDIVAULT\backend\node_modules\express\lib\router\index.js:47:12)
    at Layer.handle [as handle_request] (E:\Random\MediVault_\MEDIVAULT\backend\node_modules\express\lib\router\layer.js:95:5)
    at trim_prefix (E:\Random\MediVault_\MEDIVAULT\backend\node_modules\express\lib\router\index.js:328:13)
    at E:\Random\MediVault_\MEDIVAULT\backend\node_modules\express\lib\router\index.js:286:9
    at Function.process_params (E:\Random\MediVault_\MEDIVAULT\backend\node_modules\express\lib\router\index.js:346:12)
    at next (E:\Random\MediVault_\MEDIVAULT\backend\node_modules\express\lib\router\index.js:280:10)
    at auditMiddleware (E:\Random\MediVault_\MEDIVAULT\backend\middleware\auditMiddleware.js:66:12)
2026-03-06 20:08:49 [ERROR]: Error: Route not found: GET /api/notifications/patient/69a93a44b22e1a6ee8f33553
    at E:\Random\MediVault_\MEDIVAULT\backend\server.js:137:17
    at Layer.handle [as handle_request] (E:\Random\MediVault_\MEDIVAULT\backend\node_modules\express\lib\router\layer.js:95:5)
    at trim_prefix (E:\Random\MediVault_\MEDIVAULT\backend\node_modules\express\lib\router\index.js:328:13)
    at E:\Random\MediVault_\MEDIVAULT\backend\node_modules\express\lib\router\index.js:286:9
    at Function.process_params (E:\Random\MediVault_\MEDIVAULT\backend\node_modules\express\lib\router\index.js:346:12)
    at next (E:\Random\MediVault_\MEDIVAULT\backend\node_modules\express\lib\router\index.js:280:10)
    at E:\Random\MediVault_\MEDIVAULT\backend\node_modules\express\lib\router\index.js:646:15
    at next (E:\Random\MediVault_\MEDIVAULT\backend\node_modules\express\lib\router\index.js:265:14)
    at Function.handle (E:\Random\MediVault_\MEDIVAULT\backend\node_modules\express\lib\router\index.js:175:3)
    at router (E:\Random\MediVault_\MEDIVAULT\backend\node_modules\express\lib\router\index.js:47:12)
    at Layer.handle [as handle_request] (E:\Random\MediVault_\MEDIVAULT\backend\node_modules\express\lib\router\layer.js:95:5)
    at trim_prefix (E:\Random\MediVault_\MEDIVAULT\backend\node_modules\express\lib\router\index.js:328:13)
    at E:\Random\MediVault_\MEDIVAULT\backend\node_modules\express\lib\router\index.js:286:9
    at Function.process_params (E:\Random\MediVault_\MEDIVAULT\backend\node_modules\express\lib\router\index.js:346:12)
    at next (E:\Random\MediVault_\MEDIVAULT\backend\node_modules\express\lib\router\index.js:280:10)
    at auditMiddleware (E:\Random\MediVault_\MEDIVAULT\backend\middleware\auditMiddleware.js:66:12)
2026-03-06 20:10:09 [ERROR]: Error: Route not found: GET /api/doctor/69a93d2bb22e1a6ee8f3355d/patients
    at E:\Random\MediVault_\MEDIVAULT\backend\server.js:137:17
    at Layer.handle [as handle_request] (E:\Random\MediVault_\MEDIVAULT\backend\node_modules\express\lib\router\layer.js:95:5)
    at trim_prefix (E:\Random\MediVault_\MEDIVAULT\backend\node_modules\express\lib\router\index.js:328:13)
    at E:\Random\MediVault_\MEDIVAULT\backend\node_modules\express\lib\router\index.js:286:9
    at Function.process_params (E:\Random\MediVault_\MEDIVAULT\backend\node_modules\express\lib\router\index.js:346:12)
    at next (E:\Random\MediVault_\MEDIVAULT\backend\node_modules\express\lib\router\index.js:280:10)
    at auditMiddleware (E:\Random\MediVault_\MEDIVAULT\backend\middleware\auditMiddleware.js:66:12)
    at Layer.handle [as handle_request] (E:\Random\MediVault_\MEDIVAULT\backend\node_modules\express\lib\router\layer.js:95:5)
    at trim_prefix (E:\Random\MediVault_\MEDIVAULT\backend\node_modules\express\lib\router\index.js:328:13)
    at E:\Random\MediVault_\MEDIVAULT\backend\node_modules\express\lib\router\index.js:286:9
    at Function.process_params (E:\Random\MediVault_\MEDIVAULT\backend\node_modules\express\lib\router\index.js:346:12)
    at next (E:\Random\MediVault_\MEDIVAULT\backend\node_modules\express\lib\router\index.js:280:10)
    at E:\Random\MediVault_\MEDIVAULT\backend\server.js:51:3
    at Layer.handle [as handle_request] (E:\Random\MediVault_\MEDIVAULT\backend\node_modules\express\lib\router\layer.js:95:5)
    at trim_prefix (E:\Random\MediVault_\MEDIVAULT\backend\node_modules\express\lib\router\index.js:328:13)
    at E:\Random\MediVault_\MEDIVAULT\backend\node_modules\express\lib\router\index.js:286:9
2026-03-06 20:10:09 [ERROR]: Error: Route not found: GET /api/doctor/69a93d2bb22e1a6ee8f3355d/patients
    at E:\Random\MediVault_\MEDIVAULT\backend\server.js:137:17
    at Layer.handle [as handle_request] (E:\Random\MediVault_\MEDIVAULT\backend\node_modules\express\lib\router\layer.js:95:5)
    at trim_prefix (E:\Random\MediVault_\MEDIVAULT\backend\node_modules\express\lib\router\index.js:328:13)
    at E:\Random\MediVault_\MEDIVAULT\backend\node_modules\express\lib\router\index.js:286:9
    at Function.process_params (E:\Random\MediVault_\MEDIVAULT\backend\node_modules\express\lib\router\index.js:346:12)
    at next (E:\Random\MediVault_\MEDIVAULT\backend\node_modules\express\lib\router\index.js:280:10)
    at auditMiddleware (E:\Random\MediVault_\MEDIVAULT\backend\middleware\auditMiddleware.js:66:12)
    at Layer.handle [as handle_request] (E:\Random\MediVault_\MEDIVAULT\backend\node_modules\express\lib\router\layer.js:95:5)
    at trim_prefix (E:\Random\MediVault_\MEDIVAULT\backend\node_modules\express\lib\router\index.js:328:13)
    at E:\Random\MediVault_\MEDIVAULT\backend\node_modules\express\lib\router\index.js:286:9
    at Function.process_params (E:\Random\MediVault_\MEDIVAULT\backend\node_modules\express\lib\router\index.js:346:12)
    at next (E:\Random\MediVault_\MEDIVAULT\backend\node_modules\express\lib\router\index.js:280:10)
    at E:\Random\MediVault_\MEDIVAULT\backend\server.js:51:3
    at Layer.handle [as handle_request] (E:\Random\MediVault_\MEDIVAULT\backend\node_modules\express\lib\router\layer.js:95:5)
    at trim_prefix (E:\Random\MediVault_\MEDIVAULT\backend\node_modules\express\lib\router\index.js:328:13)
    at E:\Random\MediVault_\MEDIVAULT\backend\node_modules\express\lib\router\index.js:286:9
2026-03-06 20:10:12 [ERROR]: Error: Route not found: GET /api/doctor/69a93d2bb22e1a6ee8f3355d/patients
    at E:\Random\MediVault_\MEDIVAULT\backend\server.js:137:17
    at Layer.handle [as handle_request] (E:\Random\MediVault_\MEDIVAULT\backend\node_modules\express\lib\router\layer.js:95:5)
    at trim_prefix (E:\Random\MediVault_\MEDIVAULT\backend\node_modules\express\lib\router\index.js:328:13)
    at E:\Random\MediVault_\MEDIVAULT\backend\node_modules\express\lib\router\index.js:286:9
    at Function.process_params (E:\Random\MediVault_\MEDIVAULT\backend\node_modules\express\lib\router\index.js:346:12)
    at next (E:\Random\MediVault_\MEDIVAULT\backend\node_modules\express\lib\router\index.js:280:10)
    at auditMiddleware (E:\Random\MediVault_\MEDIVAULT\backend\middleware\auditMiddleware.js:66:12)
    at Layer.handle [as handle_request] (E:\Random\MediVault_\MEDIVAULT\backend\node_modules\express\lib\router\layer.js:95:5)
    at trim_prefix (E:\Random\MediVault_\MEDIVAULT\backend\node_modules\express\lib\router\index.js:328:13)
    at E:\Random\MediVault_\MEDIVAULT\backend\node_modules\express\lib\router\index.js:286:9
    at Function.process_params (E:\Random\MediVault_\MEDIVAULT\backend\node_modules\express\lib\router\index.js:346:12)
    at next (E:\Random\MediVault_\MEDIVAULT\backend\node_modules\express\lib\router\index.js:280:10)
    at E:\Random\MediVault_\MEDIVAULT\backend\server.js:51:3
    at Layer.handle [as handle_request] (E:\Random\MediVault_\MEDIVAULT\backend\node_modules\express\lib\router\layer.js:95:5)
    at trim_prefix (E:\Random\MediVault_\MEDIVAULT\backend\node_modules\express\lib\router\index.js:328:13)
    at E:\Random\MediVault_\MEDIVAULT\backend\node_modules\express\lib\router\index.js:286:9
2026-03-06 20:10:12 [ERROR]: Error: Route not found: GET /api/doctor/69a93d2bb22e1a6ee8f3355d/patients
    at E:\Random\MediVault_\MEDIVAULT\backend\server.js:137:17
    at Layer.handle [as handle_request] (E:\Random\MediVault_\MEDIVAULT\backend\node_modules\express\lib\router\layer.js:95:5)
    at trim_prefix (E:\Random\MediVault_\MEDIVAULT\backend\node_modules\express\lib\router\index.js:328:13)
    at E:\Random\MediVault_\MEDIVAULT\backend\node_modules\express\lib\router\index.js:286:9
    at Function.process_params (E:\Random\MediVault_\MEDIVAULT\backend\node_modules\express\lib\router\index.js:346:12)
    at next (E:\Random\MediVault_\MEDIVAULT\backend\node_modules\express\lib\router\index.js:280:10)
    at auditMiddleware (E:\Random\MediVault_\MEDIVAULT\backend\middleware\auditMiddleware.js:66:12)
    at Layer.handle [as handle_request] (E:\Random\MediVault_\MEDIVAULT\backend\node_modules\express\lib\router\layer.js:95:5)
    at trim_prefix (E:\Random\MediVault_\MEDIVAULT\backend\node_modules\express\lib\router\index.js:328:13)
    at E:\Random\MediVault_\MEDIVAULT\backend\node_modules\express\lib\router\index.js:286:9
    at Function.process_params (E:\Random\MediVault_\MEDIVAULT\backend\node_modules\express\lib\router\index.js:346:12)
    at next (E:\Random\MediVault_\MEDIVAULT\backend\node_modules\express\lib\router\index.js:280:10)
    at E:\Random\MediVault_\MEDIVAULT\backend\server.js:51:3
    at Layer.handle [as handle_request] (E:\Random\MediVault_\MEDIVAULT\backend\node_modules\express\lib\router\layer.js:95:5)
    at trim_prefix (E:\Random\MediVault_\MEDIVAULT\backend\node_modules\express\lib\router\index.js:328:13)
    at E:\Random\MediVault_\MEDIVAULT\backend\node_modules\express\lib\router\index.js:286:9
2026-03-06 20:11:43 [ERROR]: Error: Route not found: GET /api/doctor/69a93d2bb22e1a6ee8f3355d/patients
    at E:\Random\MediVault_\MEDIVAULT\backend\server.js:137:17
    at Layer.handle [as handle_request] (E:\Random\MediVault_\MEDIVAULT\backend\node_modules\express\lib\router\layer.js:95:5)
    at trim_prefix (E:\Random\MediVault_\MEDIVAULT\backend\node_modules\express\lib\router\index.js:328:13)
    at E:\Random\MediVault_\MEDIVAULT\backend\node_modules\express\lib\router\index.js:286:9
    at Function.process_params (E:\Random\MediVault_\MEDIVAULT\backend\node_modules\express\lib\router\index.js:346:12)
    at next (E:\Random\MediVault_\MEDIVAULT\backend\node_modules\express\lib\router\index.js:280:10)
    at auditMiddleware (E:\Random\MediVault_\MEDIVAULT\backend\middleware\auditMiddleware.js:66:12)
    at Layer.handle [as handle_request] (E:\Random\MediVault_\MEDIVAULT\backend\node_modules\express\lib\router\layer.js:95:5)
    at trim_prefix (E:\Random\MediVault_\MEDIVAULT\backend\node_modules\express\lib\router\index.js:328:13)
    at E:\Random\MediVault_\MEDIVAULT\backend\node_modules\express\lib\router\index.js:286:9
    at Function.process_params (E:\Random\MediVault_\MEDIVAULT\backend\node_modules\express\lib\router\index.js:346:12)
    at next (E:\Random\MediVault_\MEDIVAULT\backend\node_modules\express\lib\router\index.js:280:10)
    at E:\Random\MediVault_\MEDIVAULT\backend\server.js:51:3
    at Layer.handle [as handle_request] (E:\Random\MediVault_\MEDIVAULT\backend\node_modules\express\lib\router\layer.js:95:5)
    at trim_prefix (E:\Random\MediVault_\MEDIVAULT\backend\node_modules\express\lib\router\index.js:328:13)
    at E:\Random\MediVault_\MEDIVAULT\backend\node_modules\express\lib\router\index.js:286:9
2026-03-06 20:11:43 [ERROR]: Error: Route not found: GET /api/doctor/69a93d2bb22e1a6ee8f3355d/patients
    at E:\Random\MediVault_\MEDIVAULT\backend\server.js:137:17
    at Layer.handle [as handle_request] (E:\Random\MediVault_\MEDIVAULT\backend\node_modules\express\lib\router\layer.js:95:5)
    at trim_prefix (E:\Random\MediVault_\MEDIVAULT\backend\node_modules\express\lib\router\index.js:328:13)
    at E:\Random\MediVault_\MEDIVAULT\backend\node_modules\express\lib\router\index.js:286:9
    at Function.process_params (E:\Random\MediVault_\MEDIVAULT\backend\node_modules\express\lib\router\index.js:346:12)
    at next (E:\Random\MediVault_\MEDIVAULT\backend\node_modules\express\lib\router\index.js:280:10)
    at auditMiddleware (E:\Random\MediVault_\MEDIVAULT\backend\middleware\auditMiddleware.js:66:12)
    at Layer.handle [as handle_request] (E:\Random\MediVault_\MEDIVAULT\backend\node_modules\express\lib\router\layer.js:95:5)
    at trim_prefix (E:\Random\MediVault_\MEDIVAULT\backend\node_modules\express\lib\router\index.js:328:13)
    at E:\Random\MediVault_\MEDIVAULT\backend\node_modules\express\lib\router\index.js:286:9
    at Function.process_params (E:\Random\MediVault_\MEDIVAULT\backend\node_modules\express\lib\router\index.js:346:12)
    at next (E:\Random\MediVault_\MEDIVAULT\backend\node_modules\express\lib\router\index.js:280:10)
    at E:\Random\MediVault_\MEDIVAULT\backend\server.js:51:3
    at Layer.handle [as handle_request] (E:\Random\MediVault_\MEDIVAULT\backend\node_modules\express\lib\router\layer.js:95:5)
    at trim_prefix (E:\Random\MediVault_\MEDIVAULT\backend\node_modules\express\lib\router\index.js:328:13)
    at E:\Random\MediVault_\MEDIVAULT\backend\node_modules\express\lib\router\index.js:286:9
2026-03-06 20:13:52 [ERROR]: Error: Route not found: GET /api/doctors/69a93d2bb22e1a6ee8f3355d/patients
    at E:\Random\MediVault_\MEDIVAULT\backend\server.js:137:17
    at Layer.handle [as handle_request] (E:\Random\MediVault_\MEDIVAULT\backend\node_modules\express\lib\router\layer.js:95:5)
    at trim_prefix (E:\Random\MediVault_\MEDIVAULT\backend\node_modules\express\lib\router\index.js:328:13)
    at E:\Random\MediVault_\MEDIVAULT\backend\node_modules\express\lib\router\index.js:286:9
    at Function.process_params (E:\Random\MediVault_\MEDIVAULT\backend\node_modules\express\lib\router\index.js:346:12)
    at next (E:\Random\MediVault_\MEDIVAULT\backend\node_modules\express\lib\router\index.js:280:10)
    at E:\Random\MediVault_\MEDIVAULT\backend\node_modules\express\lib\router\index.js:646:15
    at next (E:\Random\MediVault_\MEDIVAULT\backend\node_modules\express\lib\router\index.js:265:14)
    at Function.handle (E:\Random\MediVault_\MEDIVAULT\backend\node_modules\express\lib\router\index.js:175:3)
    at router (E:\Random\MediVault_\MEDIVAULT\backend\node_modules\express\lib\router\index.js:47:12)
    at Layer.handle [as handle_request] (E:\Random\MediVault_\MEDIVAULT\backend\node_modules\express\lib\router\layer.js:95:5)
    at trim_prefix (E:\Random\MediVault_\MEDIVAULT\backend\node_modules\express\lib\router\index.js:328:13)
    at E:\Random\MediVault_\MEDIVAULT\backend\node_modules\express\lib\router\index.js:286:9
    at Function.process_params (E:\Random\MediVault_\MEDIVAULT\backend\node_modules\express\lib\router\index.js:346:12)
    at next (E:\Random\MediVault_\MEDIVAULT\backend\node_modules\express\lib\router\index.js:280:10)
    at auditMiddleware (E:\Random\MediVault_\MEDIVAULT\backend\middleware\auditMiddleware.js:66:12)
2026-03-06 20:13:52 [ERROR]: Error: Route not found: GET /api/doctors/69a93d2bb22e1a6ee8f3355d/patients
    at E:\Random\MediVault_\MEDIVAULT\backend\server.js:137:17
    at Layer.handle [as handle_request] (E:\Random\MediVault_\MEDIVAULT\backend\node_modules\express\lib\router\layer.js:95:5)
    at trim_prefix (E:\Random\MediVault_\MEDIVAULT\backend\node_modules\express\lib\router\index.js:328:13)
    at E:\Random\MediVault_\MEDIVAULT\backend\node_modules\express\lib\router\index.js:286:9
    at Function.process_params (E:\Random\MediVault_\MEDIVAULT\backend\node_modules\express\lib\router\index.js:346:12)
    at next (E:\Random\MediVault_\MEDIVAULT\backend\node_modules\express\lib\router\index.js:280:10)
    at E:\Random\MediVault_\MEDIVAULT\backend\node_modules\express\lib\router\index.js:646:15
    at next (E:\Random\MediVault_\MEDIVAULT\backend\node_modules\express\lib\router\index.js:265:14)
    at Function.handle (E:\Random\MediVault_\MEDIVAULT\backend\node_modules\express\lib\router\index.js:175:3)
    at router (E:\Random\MediVault_\MEDIVAULT\backend\node_modules\express\lib\router\index.js:47:12)
    at Layer.handle [as handle_request] (E:\Random\MediVault_\MEDIVAULT\backend\node_modules\express\lib\router\layer.js:95:5)
    at trim_prefix (E:\Random\MediVault_\MEDIVAULT\backend\node_modules\express\lib\router\index.js:328:13)
    at E:\Random\MediVault_\MEDIVAULT\backend\node_modules\express\lib\router\index.js:286:9
    at Function.process_params (E:\Random\MediVault_\MEDIVAULT\backend\node_modules\express\lib\router\index.js:346:12)
    at next (E:\Random\MediVault_\MEDIVAULT\backend\node_modules\express\lib\router\index.js:280:10)
    at auditMiddleware (E:\Random\MediVault_\MEDIVAULT\backend\middleware\auditMiddleware.js:66:12)
2026-03-06 20:14:02 [ERROR]: Error: Route not found: GET /api/doctors/69a93d2bb22e1a6ee8f3355d/patients
    at E:\Random\MediVault_\MEDIVAULT\backend\server.js:137:17
    at Layer.handle [as handle_request] (E:\Random\MediVault_\MEDIVAULT\backend\node_modules\express\lib\router\layer.js:95:5)
    at trim_prefix (E:\Random\MediVault_\MEDIVAULT\backend\node_modules\express\lib\router\index.js:328:13)
    at E:\Random\MediVault_\MEDIVAULT\backend\node_modules\express\lib\router\index.js:286:9
    at Function.process_params (E:\Random\MediVault_\MEDIVAULT\backend\node_modules\express\lib\router\index.js:346:12)
    at next (E:\Random\MediVault_\MEDIVAULT\backend\node_modules\express\lib\router\index.js:280:10)
    at E:\Random\MediVault_\MEDIVAULT\backend\node_modules\express\lib\router\index.js:646:15
    at next (E:\Random\MediVault_\MEDIVAULT\backend\node_modules\express\lib\router\index.js:265:14)
    at Function.handle (E:\Random\MediVault_\MEDIVAULT\backend\node_modules\express\lib\router\index.js:175:3)
    at router (E:\Random\MediVault_\MEDIVAULT\backend\node_modules\express\lib\router\index.js:47:12)
    at Layer.handle [as handle_request] (E:\Random\MediVault_\MEDIVAULT\backend\node_modules\express\lib\router\layer.js:95:5)
    at trim_prefix (E:\Random\MediVault_\MEDIVAULT\backend\node_modules\express\lib\router\index.js:328:13)
    at E:\Random\MediVault_\MEDIVAULT\backend\node_modules\express\lib\router\index.js:286:9
    at Function.process_params (E:\Random\MediVault_\MEDIVAULT\backend\node_modules\express\lib\router\index.js:346:12)
    at next (E:\Random\MediVault_\MEDIVAULT\backend\node_modules\express\lib\router\index.js:280:10)
    at auditMiddleware (E:\Random\MediVault_\MEDIVAULT\backend\middleware\auditMiddleware.js:66:12)
2026-03-06 20:15:08 [ERROR]: Error: Route not found: GET /api/doctor/69a93d2bb22e1a6ee8f3355d/appointments
    at E:\Random\MediVault_\MEDIVAULT\backend\server.js:137:17
    at Layer.handle [as handle_request] (E:\Random\MediVault_\MEDIVAULT\backend\node_modules\express\lib\router\layer.js:95:5)
    at trim_prefix (E:\Random\MediVault_\MEDIVAULT\backend\node_modules\express\lib\router\index.js:328:13)
    at E:\Random\MediVault_\MEDIVAULT\backend\node_modules\express\lib\router\index.js:286:9
    at Function.process_params (E:\Random\MediVault_\MEDIVAULT\backend\node_modules\express\lib\router\index.js:346:12)
    at next (E:\Random\MediVault_\MEDIVAULT\backend\node_modules\express\lib\router\index.js:280:10)
    at auditMiddleware (E:\Random\MediVault_\MEDIVAULT\backend\middleware\auditMiddleware.js:66:12)
    at Layer.handle [as handle_request] (E:\Random\MediVault_\MEDIVAULT\backend\node_modules\express\lib\router\layer.js:95:5)
    at trim_prefix (E:\Random\MediVault_\MEDIVAULT\backend\node_modules\express\lib\router\index.js:328:13)
    at E:\Random\MediVault_\MEDIVAULT\backend\node_modules\express\lib\router\index.js:286:9
    at Function.process_params (E:\Random\MediVault_\MEDIVAULT\backend\node_modules\express\lib\router\index.js:346:12)
    at next (E:\Random\MediVault_\MEDIVAULT\backend\node_modules\express\lib\router\index.js:280:10)
    at E:\Random\MediVault_\MEDIVAULT\backend\server.js:51:3
    at Layer.handle [as handle_request] (E:\Random\MediVault_\MEDIVAULT\backend\node_modules\express\lib\router\layer.js:95:5)
    at trim_prefix (E:\Random\MediVault_\MEDIVAULT\backend\node_modules\express\lib\router\index.js:328:13)
    at E:\Random\MediVault_\MEDIVAULT\backend\node_modules\express\lib\router\index.js:286:9
2026-03-06 20:15:08 [ERROR]: Error: Route not found: GET /api/doctor/69a93d2bb22e1a6ee8f3355d/appointments
    at E:\Random\MediVault_\MEDIVAULT\backend\server.js:137:17
    at Layer.handle [as handle_request] (E:\Random\MediVault_\MEDIVAULT\backend\node_modules\express\lib\router\layer.js:95:5)
    at trim_prefix (E:\Random\MediVault_\MEDIVAULT\backend\node_modules\express\lib\router\index.js:328:13)
    at E:\Random\MediVault_\MEDIVAULT\backend\node_modules\express\lib\router\index.js:286:9
    at Function.process_params (E:\Random\MediVault_\MEDIVAULT\backend\node_modules\express\lib\router\index.js:346:12)
    at next (E:\Random\MediVault_\MEDIVAULT\backend\node_modules\express\lib\router\index.js:280:10)
    at auditMiddleware (E:\Random\MediVault_\MEDIVAULT\backend\middleware\auditMiddleware.js:66:12)
    at Layer.handle [as handle_request] (E:\Random\MediVault_\MEDIVAULT\backend\node_modules\express\lib\router\layer.js:95:5)
    at trim_prefix (E:\Random\MediVault_\MEDIVAULT\backend\node_modules\express\lib\router\index.js:328:13)
    at E:\Random\MediVault_\MEDIVAULT\backend\node_modules\express\lib\router\index.js:286:9
    at Function.process_params (E:\Random\MediVault_\MEDIVAULT\backend\node_modules\express\lib\router\index.js:346:12)
    at next (E:\Random\MediVault_\MEDIVAULT\backend\node_modules\express\lib\router\index.js:280:10)
    at E:\Random\MediVault_\MEDIVAULT\backend\server.js:51:3
    at Layer.handle [as handle_request] (E:\Random\MediVault_\MEDIVAULT\backend\node_modules\express\lib\router\layer.js:95:5)
    at trim_prefix (E:\Random\MediVault_\MEDIVAULT\backend\node_modules\express\lib\router\index.js:328:13)
    at E:\Random\MediVault_\MEDIVAULT\backend\node_modules\express\lib\router\index.js:286:9
2026-03-06 20:15:10 [ERROR]: Error: Route not found: GET /api/doctor/69a93d2bb22e1a6ee8f3355d/records
    at E:\Random\MediVault_\MEDIVAULT\backend\server.js:137:17
    at Layer.handle [as handle_request] (E:\Random\MediVault_\MEDIVAULT\backend\node_modules\express\lib\router\layer.js:95:5)
    at trim_prefix (E:\Random\MediVault_\MEDIVAULT\backend\node_modules\express\lib\router\index.js:328:13)
    at E:\Random\MediVault_\MEDIVAULT\backend\node_modules\express\lib\router\index.js:286:9
    at Function.process_params (E:\Random\MediVault_\MEDIVAULT\backend\node_modules\express\lib\router\index.js:346:12)
    at next (E:\Random\MediVault_\MEDIVAULT\backend\node_modules\express\lib\router\index.js:280:10)
    at auditMiddleware (E:\Random\MediVault_\MEDIVAULT\backend\middleware\auditMiddleware.js:66:12)
    at Layer.handle [as handle_request] (E:\Random\MediVault_\MEDIVAULT\backend\node_modules\express\lib\router\layer.js:95:5)
    at trim_prefix (E:\Random\MediVault_\MEDIVAULT\backend\node_modules\express\lib\router\index.js:328:13)
    at E:\Random\MediVault_\MEDIVAULT\backend\node_modules\express\lib\router\index.js:286:9
    at Function.process_params (E:\Random\MediVault_\MEDIVAULT\backend\node_modules\express\lib\router\index.js:346:12)
    at next (E:\Random\MediVault_\MEDIVAULT\backend\node_modules\express\lib\router\index.js:280:10)
    at E:\Random\MediVault_\MEDIVAULT\backend\server.js:51:3
    at Layer.handle [as handle_request] (E:\Random\MediVault_\MEDIVAULT\backend\node_modules\express\lib\router\layer.js:95:5)
    at trim_prefix (E:\Random\MediVault_\MEDIVAULT\backend\node_modules\express\lib\router\index.js:328:13)
    at E:\Random\MediVault_\MEDIVAULT\backend\node_modules\express\lib\router\index.js:286:9
2026-03-06 20:15:10 [ERROR]: Error: Route not found: GET /api/doctor/69a93d2bb22e1a6ee8f3355d/records
    at E:\Random\MediVault_\MEDIVAULT\backend\server.js:137:17
    at Layer.handle [as handle_request] (E:\Random\MediVault_\MEDIVAULT\backend\node_modules\express\lib\router\layer.js:95:5)
    at trim_prefix (E:\Random\MediVault_\MEDIVAULT\backend\node_modules\express\lib\router\index.js:328:13)
    at E:\Random\MediVault_\MEDIVAULT\backend\node_modules\express\lib\router\index.js:286:9
    at Function.process_params (E:\Random\MediVault_\MEDIVAULT\backend\node_modules\express\lib\router\index.js:346:12)
    at next (E:\Random\MediVault_\MEDIVAULT\backend\node_modules\express\lib\router\index.js:280:10)
    at auditMiddleware (E:\Random\MediVault_\MEDIVAULT\backend\middleware\auditMiddleware.js:66:12)
    at Layer.handle [as handle_request] (E:\Random\MediVault_\MEDIVAULT\backend\node_modules\express\lib\router\layer.js:95:5)
    at trim_prefix (E:\Random\MediVault_\MEDIVAULT\backend\node_modules\express\lib\router\index.js:328:13)
    at E:\Random\MediVault_\MEDIVAULT\backend\node_modules\express\lib\router\index.js:286:9
    at Function.process_params (E:\Random\MediVault_\MEDIVAULT\backend\node_modules\express\lib\router\index.js:346:12)
    at next (E:\Random\MediVault_\MEDIVAULT\backend\node_modules\express\lib\router\index.js:280:10)
    at E:\Random\MediVault_\MEDIVAULT\backend\server.js:51:3
    at Layer.handle [as handle_request] (E:\Random\MediVault_\MEDIVAULT\backend\node_modules\express\lib\router\layer.js:95:5)
    at trim_prefix (E:\Random\MediVault_\MEDIVAULT\backend\node_modules\express\lib\router\index.js:328:13)
    at E:\Random\MediVault_\MEDIVAULT\backend\node_modules\express\lib\router\index.js:286:9
2026-03-06 20:15:39 [ERROR]: Error: Route not found: GET /api/doctor/69a93d2bb22e1a6ee8f3355d/access-requests
    at E:\Random\MediVault_\MEDIVAULT\backend\server.js:137:17
    at Layer.handle [as handle_request] (E:\Random\MediVault_\MEDIVAULT\backend\node_modules\express\lib\router\layer.js:95:5)
    at trim_prefix (E:\Random\MediVault_\MEDIVAULT\backend\node_modules\express\lib\router\index.js:328:13)
    at E:\Random\MediVault_\MEDIVAULT\backend\node_modules\express\lib\router\index.js:286:9
    at Function.process_params (E:\Random\MediVault_\MEDIVAULT\backend\node_modules\express\lib\router\index.js:346:12)
    at next (E:\Random\MediVault_\MEDIVAULT\backend\node_modules\express\lib\router\index.js:280:10)
    at auditMiddleware (E:\Random\MediVault_\MEDIVAULT\backend\middleware\auditMiddleware.js:66:12)
    at Layer.handle [as handle_request] (E:\Random\MediVault_\MEDIVAULT\backend\node_modules\express\lib\router\layer.js:95:5)
    at trim_prefix (E:\Random\MediVault_\MEDIVAULT\backend\node_modules\express\lib\router\index.js:328:13)
    at E:\Random\MediVault_\MEDIVAULT\backend\node_modules\express\lib\router\index.js:286:9
    at Function.process_params (E:\Random\MediVault_\MEDIVAULT\backend\node_modules\express\lib\router\index.js:346:12)
    at next (E:\Random\MediVault_\MEDIVAULT\backend\node_modules\express\lib\router\index.js:280:10)
    at E:\Random\MediVault_\MEDIVAULT\backend\server.js:51:3
    at Layer.handle [as handle_request] (E:\Random\MediVault_\MEDIVAULT\backend\node_modules\express\lib\router\layer.js:95:5)
    at trim_prefix (E:\Random\MediVault_\MEDIVAULT\backend\node_modules\express\lib\router\index.js:328:13)
    at E:\Random\MediVault_\MEDIVAULT\backend\node_modules\express\lib\router\index.js:286:9
2026-03-06 20:15:39 [ERROR]: Error: Route not found: GET /api/doctor/69a93d2bb22e1a6ee8f3355d/access-requests
    at E:\Random\MediVault_\MEDIVAULT\backend\server.js:137:17
    at Layer.handle [as handle_request] (E:\Random\MediVault_\MEDIVAULT\backend\node_modules\express\lib\router\layer.js:95:5)
    at trim_prefix (E:\Random\MediVault_\MEDIVAULT\backend\node_modules\express\lib\router\index.js:328:13)
    at E:\Random\MediVault_\MEDIVAULT\backend\node_modules\express\lib\router\index.js:286:9
    at Function.process_params (E:\Random\MediVault_\MEDIVAULT\backend\node_modules\express\lib\router\index.js:346:12)
    at next (E:\Random\MediVault_\MEDIVAULT\backend\node_modules\express\lib\router\index.js:280:10)
    at auditMiddleware (E:\Random\MediVault_\MEDIVAULT\backend\middleware\auditMiddleware.js:66:12)
    at Layer.handle [as handle_request] (E:\Random\MediVault_\MEDIVAULT\backend\node_modules\express\lib\router\layer.js:95:5)
    at trim_prefix (E:\Random\MediVault_\MEDIVAULT\backend\node_modules\express\lib\router\index.js:328:13)
    at E:\Random\MediVault_\MEDIVAULT\backend\node_modules\express\lib\router\index.js:286:9
    at Function.process_params (E:\Random\MediVault_\MEDIVAULT\backend\node_modules\express\lib\router\index.js:346:12)
    at next (E:\Random\MediVault_\MEDIVAULT\backend\node_modules\express\lib\router\index.js:280:10)
    at E:\Random\MediVault_\MEDIVAULT\backend\server.js:51:3
    at Layer.handle [as handle_request] (E:\Random\MediVault_\MEDIVAULT\backend\node_modules\express\lib\router\layer.js:95:5)
    at trim_prefix (E:\Random\MediVault_\MEDIVAULT\backend\node_modules\express\lib\router\index.js:328:13)
    at E:\Random\MediVault_\MEDIVAULT\backend\node_modules\express\lib\router\index.js:286:9
2026-03-06 20:15:45 [ERROR]: Error: Route not found: GET /api/doctor/69a93d2bb22e1a6ee8f3355d/notifications
    at E:\Random\MediVault_\MEDIVAULT\backend\server.js:137:17
    at Layer.handle [as handle_request] (E:\Random\MediVault_\MEDIVAULT\backend\node_modules\express\lib\router\layer.js:95:5)
    at trim_prefix (E:\Random\MediVault_\MEDIVAULT\backend\node_modules\express\lib\router\index.js:328:13)
    at E:\Random\MediVault_\MEDIVAULT\backend\node_modules\express\lib\router\index.js:286:9
    at Function.process_params (E:\Random\MediVault_\MEDIVAULT\backend\node_modules\express\lib\router\index.js:346:12)
    at next (E:\Random\MediVault_\MEDIVAULT\backend\node_modules\express\lib\router\index.js:280:10)
    at auditMiddleware (E:\Random\MediVault_\MEDIVAULT\backend\middleware\auditMiddleware.js:66:12)
    at Layer.handle [as handle_request] (E:\Random\MediVault_\MEDIVAULT\backend\node_modules\express\lib\router\layer.js:95:5)
    at trim_prefix (E:\Random\MediVault_\MEDIVAULT\backend\node_modules\express\lib\router\index.js:328:13)
    at E:\Random\MediVault_\MEDIVAULT\backend\node_modules\express\lib\router\index.js:286:9
    at Function.process_params (E:\Random\MediVault_\MEDIVAULT\backend\node_modules\express\lib\router\index.js:346:12)
    at next (E:\Random\MediVault_\MEDIVAULT\backend\node_modules\express\lib\router\index.js:280:10)
    at E:\Random\MediVault_\MEDIVAULT\backend\server.js:51:3
    at Layer.handle [as handle_request] (E:\Random\MediVault_\MEDIVAULT\backend\node_modules\express\lib\router\layer.js:95:5)
    at trim_prefix (E:\Random\MediVault_\MEDIVAULT\backend\node_modules\express\lib\router\index.js:328:13)
    at E:\Random\MediVault_\MEDIVAULT\backend\node_modules\express\lib\router\index.js:286:9
2026-03-06 20:15:45 [ERROR]: Error: Route not found: GET /api/doctor/69a93d2bb22e1a6ee8f3355d/notifications
    at E:\Random\MediVault_\MEDIVAULT\backend\server.js:137:17
    at Layer.handle [as handle_request] (E:\Random\MediVault_\MEDIVAULT\backend\node_modules\express\lib\router\layer.js:95:5)
    at trim_prefix (E:\Random\MediVault_\MEDIVAULT\backend\node_modules\express\lib\router\index.js:328:13)
    at E:\Random\MediVault_\MEDIVAULT\backend\node_modules\express\lib\router\index.js:286:9
    at Function.process_params (E:\Random\MediVault_\MEDIVAULT\backend\node_modules\express\lib\router\index.js:346:12)
    at next (E:\Random\MediVault_\MEDIVAULT\backend\node_modules\express\lib\router\index.js:280:10)
    at auditMiddleware (E:\Random\MediVault_\MEDIVAULT\backend\middleware\auditMiddleware.js:66:12)
    at Layer.handle [as handle_request] (E:\Random\MediVault_\MEDIVAULT\backend\node_modules\express\lib\router\layer.js:95:5)
    at trim_prefix (E:\Random\MediVault_\MEDIVAULT\backend\node_modules\express\lib\router\index.js:328:13)
    at E:\Random\MediVault_\MEDIVAULT\backend\node_modules\express\lib\router\index.js:286:9
    at Function.process_params (E:\Random\MediVault_\MEDIVAULT\backend\node_modules\express\lib\router\index.js:346:12)
    at next (E:\Random\MediVault_\MEDIVAULT\backend\node_modules\express\lib\router\index.js:280:10)
    at E:\Random\MediVault_\MEDIVAULT\backend\server.js:51:3
    at Layer.handle [as handle_request] (E:\Random\MediVault_\MEDIVAULT\backend\node_modules\express\lib\router\layer.js:95:5)
    at trim_prefix (E:\Random\MediVault_\MEDIVAULT\backend\node_modules\express\lib\router\index.js:328:13)
    at E:\Random\MediVault_\MEDIVAULT\backend\node_modules\express\lib\router\index.js:286:9
2026-03-06 20:15:46 [ERROR]: Error: Route not found: GET /api/doctor/69a93d2bb22e1a6ee8f3355d
    at E:\Random\MediVault_\MEDIVAULT\backend\server.js:137:17
    at Layer.handle [as handle_request] (E:\Random\MediVault_\MEDIVAULT\backend\node_modules\express\lib\router\layer.js:95:5)
    at trim_prefix (E:\Random\MediVault_\MEDIVAULT\backend\node_modules\express\lib\router\index.js:328:13)
    at E:\Random\MediVault_\MEDIVAULT\backend\node_modules\express\lib\router\index.js:286:9
    at Function.process_params (E:\Random\MediVault_\MEDIVAULT\backend\node_modules\express\lib\router\index.js:346:12)
    at next (E:\Random\MediVault_\MEDIVAULT\backend\node_modules\express\lib\router\index.js:280:10)
    at auditMiddleware (E:\Random\MediVault_\MEDIVAULT\backend\middleware\auditMiddleware.js:66:12)
    at Layer.handle [as handle_request] (E:\Random\MediVault_\MEDIVAULT\backend\node_modules\express\lib\router\layer.js:95:5)
    at trim_prefix (E:\Random\MediVault_\MEDIVAULT\backend\node_modules\express\lib\router\index.js:328:13)
    at E:\Random\MediVault_\MEDIVAULT\backend\node_modules\express\lib\router\index.js:286:9
    at Function.process_params (E:\Random\MediVault_\MEDIVAULT\backend\node_modules\express\lib\router\index.js:346:12)
    at next (E:\Random\MediVault_\MEDIVAULT\backend\node_modules\express\lib\router\index.js:280:10)
    at E:\Random\MediVault_\MEDIVAULT\backend\server.js:51:3
    at Layer.handle [as handle_request] (E:\Random\MediVault_\MEDIVAULT\backend\node_modules\express\lib\router\layer.js:95:5)
    at trim_prefix (E:\Random\MediVault_\MEDIVAULT\backend\node_modules\express\lib\router\index.js:328:13)
    at E:\Random\MediVault_\MEDIVAULT\backend\node_modules\express\lib\router\index.js:286:9
2026-03-06 20:15:46 [ERROR]: Error: Route not found: GET /api/doctor/69a93d2bb22e1a6ee8f3355d
    at E:\Random\MediVault_\MEDIVAULT\backend\server.js:137:17
    at Layer.handle [as handle_request] (E:\Random\MediVault_\MEDIVAULT\backend\node_modules\express\lib\router\layer.js:95:5)
    at trim_prefix (E:\Random\MediVault_\MEDIVAULT\backend\node_modules\express\lib\router\index.js:328:13)
    at E:\Random\MediVault_\MEDIVAULT\backend\node_modules\express\lib\router\index.js:286:9
    at Function.process_params (E:\Random\MediVault_\MEDIVAULT\backend\node_modules\express\lib\router\index.js:346:12)
    at next (E:\Random\MediVault_\MEDIVAULT\backend\node_modules\express\lib\router\index.js:280:10)
    at auditMiddleware (E:\Random\MediVault_\MEDIVAULT\backend\middleware\auditMiddleware.js:66:12)
    at Layer.handle [as handle_request] (E:\Random\MediVault_\MEDIVAULT\backend\node_modules\express\lib\router\layer.js:95:5)
    at trim_prefix (E:\Random\MediVault_\MEDIVAULT\backend\node_modules\express\lib\router\index.js:328:13)
    at E:\Random\MediVault_\MEDIVAULT\backend\node_modules\express\lib\router\index.js:286:9
    at Function.process_params (E:\Random\MediVault_\MEDIVAULT\backend\node_modules\express\lib\router\index.js:346:12)
    at next (E:\Random\MediVault_\MEDIVAULT\backend\node_modules\express\lib\router\index.js:280:10)
    at E:\Random\MediVault_\MEDIVAULT\backend\server.js:51:3
    at Layer.handle [as handle_request] (E:\Random\MediVault_\MEDIVAULT\backend\node_modules\express\lib\router\layer.js:95:5)
    at trim_prefix (E:\Random\MediVault_\MEDIVAULT\backend\node_modules\express\lib\router\index.js:328:13)
    at E:\Random\MediVault_\MEDIVAULT\backend\node_modules\express\lib\router\index.js:286:9
2026-03-06 20:15:54 [ERROR]: Error: Route not found: GET /api/doctor/69a93d2bb22e1a6ee8f3355d/notifications
    at E:\Random\MediVault_\MEDIVAULT\backend\server.js:137:17
    at Layer.handle [as handle_request] (E:\Random\MediVault_\MEDIVAULT\backend\node_modules\express\lib\router\layer.js:95:5)
    at trim_prefix (E:\Random\MediVault_\MEDIVAULT\backend\node_modules\express\lib\router\index.js:328:13)
    at E:\Random\MediVault_\MEDIVAULT\backend\node_modules\express\lib\router\index.js:286:9
    at Function.process_params (E:\Random\MediVault_\MEDIVAULT\backend\node_modules\express\lib\router\index.js:346:12)
    at next (E:\Random\MediVault_\MEDIVAULT\backend\node_modules\express\lib\router\index.js:280:10)
    at auditMiddleware (E:\Random\MediVault_\MEDIVAULT\backend\middleware\auditMiddleware.js:66:12)
    at Layer.handle [as handle_request] (E:\Random\MediVault_\MEDIVAULT\backend\node_modules\express\lib\router\layer.js:95:5)
    at trim_prefix (E:\Random\MediVault_\MEDIVAULT\backend\node_modules\express\lib\router\index.js:328:13)
    at E:\Random\MediVault_\MEDIVAULT\backend\node_modules\express\lib\router\index.js:286:9
    at Function.process_params (E:\Random\MediVault_\MEDIVAULT\backend\node_modules\express\lib\router\index.js:346:12)
    at next (E:\Random\MediVault_\MEDIVAULT\backend\node_modules\express\lib\router\index.js:280:10)
    at E:\Random\MediVault_\MEDIVAULT\backend\server.js:51:3
    at Layer.handle [as handle_request] (E:\Random\MediVault_\MEDIVAULT\backend\node_modules\express\lib\router\layer.js:95:5)
    at trim_prefix (E:\Random\MediVault_\MEDIVAULT\backend\node_modules\express\lib\router\index.js:328:13)
    at E:\Random\MediVault_\MEDIVAULT\backend\node_modules\express\lib\router\index.js:286:9
2026-03-06 20:15:54 [ERROR]: Error: Route not found: GET /api/doctor/69a93d2bb22e1a6ee8f3355d/notifications
    at E:\Random\MediVault_\MEDIVAULT\backend\server.js:137:17
    at Layer.handle [as handle_request] (E:\Random\MediVault_\MEDIVAULT\backend\node_modules\express\lib\router\layer.js:95:5)
    at trim_prefix (E:\Random\MediVault_\MEDIVAULT\backend\node_modules\express\lib\router\index.js:328:13)
    at E:\Random\MediVault_\MEDIVAULT\backend\node_modules\express\lib\router\index.js:286:9
    at Function.process_params (E:\Random\MediVault_\MEDIVAULT\backend\node_modules\express\lib\router\index.js:346:12)
    at next (E:\Random\MediVault_\MEDIVAULT\backend\node_modules\express\lib\router\index.js:280:10)
    at auditMiddleware (E:\Random\MediVault_\MEDIVAULT\backend\middleware\auditMiddleware.js:66:12)
    at Layer.handle [as handle_request] (E:\Random\MediVault_\MEDIVAULT\backend\node_modules\express\lib\router\layer.js:95:5)
    at trim_prefix (E:\Random\MediVault_\MEDIVAULT\backend\node_modules\express\lib\router\index.js:328:13)
    at E:\Random\MediVault_\MEDIVAULT\backend\node_modules\express\lib\router\index.js:286:9
    at Function.process_params (E:\Random\MediVault_\MEDIVAULT\backend\node_modules\express\lib\router\index.js:346:12)
    at next (E:\Random\MediVault_\MEDIVAULT\backend\node_modules\express\lib\router\index.js:280:10)
    at E:\Random\MediVault_\MEDIVAULT\backend\server.js:51:3
    at Layer.handle [as handle_request] (E:\Random\MediVault_\MEDIVAULT\backend\node_modules\express\lib\router\layer.js:95:5)
    at trim_prefix (E:\Random\MediVault_\MEDIVAULT\backend\node_modules\express\lib\router\index.js:328:13)
    at E:\Random\MediVault_\MEDIVAULT\backend\node_modules\express\lib\router\index.js:286:9
2026-03-06 20:15:55 [ERROR]: Error: Route not found: GET /api/doctor/69a93d2bb22e1a6ee8f3355d/access-requests
    at E:\Random\MediVault_\MEDIVAULT\backend\server.js:137:17
    at Layer.handle [as handle_request] (E:\Random\MediVault_\MEDIVAULT\backend\node_modules\express\lib\router\layer.js:95:5)
    at trim_prefix (E:\Random\MediVault_\MEDIVAULT\backend\node_modules\express\lib\router\index.js:328:13)
    at E:\Random\MediVault_\MEDIVAULT\backend\node_modules\express\lib\router\index.js:286:9
    at Function.process_params (E:\Random\MediVault_\MEDIVAULT\backend\node_modules\express\lib\router\index.js:346:12)
    at next (E:\Random\MediVault_\MEDIVAULT\backend\node_modules\express\lib\router\index.js:280:10)
    at auditMiddleware (E:\Random\MediVault_\MEDIVAULT\backend\middleware\auditMiddleware.js:66:12)
    at Layer.handle [as handle_request] (E:\Random\MediVault_\MEDIVAULT\backend\node_modules\express\lib\router\layer.js:95:5)
    at trim_prefix (E:\Random\MediVault_\MEDIVAULT\backend\node_modules\express\lib\router\index.js:328:13)
    at E:\Random\MediVault_\MEDIVAULT\backend\node_modules\express\lib\router\index.js:286:9
    at Function.process_params (E:\Random\MediVault_\MEDIVAULT\backend\node_modules\express\lib\router\index.js:346:12)
    at next (E:\Random\MediVault_\MEDIVAULT\backend\node_modules\express\lib\router\index.js:280:10)
    at E:\Random\MediVault_\MEDIVAULT\backend\server.js:51:3
    at Layer.handle [as handle_request] (E:\Random\MediVault_\MEDIVAULT\backend\node_modules\express\lib\router\layer.js:95:5)
    at trim_prefix (E:\Random\MediVault_\MEDIVAULT\backend\node_modules\express\lib\router\index.js:328:13)
    at E:\Random\MediVault_\MEDIVAULT\backend\node_modules\express\lib\router\index.js:286:9
2026-03-06 20:15:55 [ERROR]: Error: Route not found: GET /api/doctor/69a93d2bb22e1a6ee8f3355d/access-requests
    at E:\Random\MediVault_\MEDIVAULT\backend\server.js:137:17
    at Layer.handle [as handle_request] (E:\Random\MediVault_\MEDIVAULT\backend\node_modules\express\lib\router\layer.js:95:5)
    at trim_prefix (E:\Random\MediVault_\MEDIVAULT\backend\node_modules\express\lib\router\index.js:328:13)
    at E:\Random\MediVault_\MEDIVAULT\backend\node_modules\express\lib\router\index.js:286:9
    at Function.process_params (E:\Random\MediVault_\MEDIVAULT\backend\node_modules\express\lib\router\index.js:346:12)
    at next (E:\Random\MediVault_\MEDIVAULT\backend\node_modules\express\lib\router\index.js:280:10)
    at auditMiddleware (E:\Random\MediVault_\MEDIVAULT\backend\middleware\auditMiddleware.js:66:12)
    at Layer.handle [as handle_request] (E:\Random\MediVault_\MEDIVAULT\backend\node_modules\express\lib\router\layer.js:95:5)
    at trim_prefix (E:\Random\MediVault_\MEDIVAULT\backend\node_modules\express\lib\router\index.js:328:13)
    at E:\Random\MediVault_\MEDIVAULT\backend\node_modules\express\lib\router\index.js:286:9
    at Function.process_params (E:\Random\MediVault_\MEDIVAULT\backend\node_modules\express\lib\router\index.js:346:12)
    at next (E:\Random\MediVault_\MEDIVAULT\backend\node_modules\express\lib\router\index.js:280:10)
    at E:\Random\MediVault_\MEDIVAULT\backend\server.js:51:3
    at Layer.handle [as handle_request] (E:\Random\MediVault_\MEDIVAULT\backend\node_modules\express\lib\router\layer.js:95:5)
    at trim_prefix (E:\Random\MediVault_\MEDIVAULT\backend\node_modules\express\lib\router\index.js:328:13)
    at E:\Random\MediVault_\MEDIVAULT\backend\node_modules\express\lib\router\index.js:286:9
2026-03-06 20:16:16 [ERROR]: Error: Route not found: GET /api/doctor/69a93d2bb22e1a6ee8f3355d/access-requests
    at E:\Random\MediVault_\MEDIVAULT\backend\server.js:137:17
    at Layer.handle [as handle_request] (E:\Random\MediVault_\MEDIVAULT\backend\node_modules\express\lib\router\layer.js:95:5)
    at trim_prefix (E:\Random\MediVault_\MEDIVAULT\backend\node_modules\express\lib\router\index.js:328:13)
    at E:\Random\MediVault_\MEDIVAULT\backend\node_modules\express\lib\router\index.js:286:9
    at Function.process_params (E:\Random\MediVault_\MEDIVAULT\backend\node_modules\express\lib\router\index.js:346:12)
    at next (E:\Random\MediVault_\MEDIVAULT\backend\node_modules\express\lib\router\index.js:280:10)
    at auditMiddleware (E:\Random\MediVault_\MEDIVAULT\backend\middleware\auditMiddleware.js:66:12)
    at Layer.handle [as handle_request] (E:\Random\MediVault_\MEDIVAULT\backend\node_modules\express\lib\router\layer.js:95:5)
    at trim_prefix (E:\Random\MediVault_\MEDIVAULT\backend\node_modules\express\lib\router\index.js:328:13)
    at E:\Random\MediVault_\MEDIVAULT\backend\node_modules\express\lib\router\index.js:286:9
    at Function.process_params (E:\Random\MediVault_\MEDIVAULT\backend\node_modules\express\lib\router\index.js:346:12)
    at next (E:\Random\MediVault_\MEDIVAULT\backend\node_modules\express\lib\router\index.js:280:10)
    at E:\Random\MediVault_\MEDIVAULT\backend\server.js:51:3
    at Layer.handle [as handle_request] (E:\Random\MediVault_\MEDIVAULT\backend\node_modules\express\lib\router\layer.js:95:5)
    at trim_prefix (E:\Random\MediVault_\MEDIVAULT\backend\node_modules\express\lib\router\index.js:328:13)
    at E:\Random\MediVault_\MEDIVAULT\backend\node_modules\express\lib\router\index.js:286:9
2026-03-06 20:16:16 [ERROR]: Error: Route not found: GET /api/doctor/69a93d2bb22e1a6ee8f3355d/access-requests
    at E:\Random\MediVault_\MEDIVAULT\backend\server.js:137:17
    at Layer.handle [as handle_request] (E:\Random\MediVault_\MEDIVAULT\backend\node_modules\express\lib\router\layer.js:95:5)
    at trim_prefix (E:\Random\MediVault_\MEDIVAULT\backend\node_modules\express\lib\router\index.js:328:13)
    at E:\Random\MediVault_\MEDIVAULT\backend\node_modules\express\lib\router\index.js:286:9
    at Function.process_params (E:\Random\MediVault_\MEDIVAULT\backend\node_modules\express\lib\router\index.js:346:12)
    at next (E:\Random\MediVault_\MEDIVAULT\backend\node_modules\express\lib\router\index.js:280:10)
    at auditMiddleware (E:\Random\MediVault_\MEDIVAULT\backend\middleware\auditMiddleware.js:66:12)
    at Layer.handle [as handle_request] (E:\Random\MediVault_\MEDIVAULT\backend\node_modules\express\lib\router\layer.js:95:5)
    at trim_prefix (E:\Random\MediVault_\MEDIVAULT\backend\node_modules\express\lib\router\index.js:328:13)
    at E:\Random\MediVault_\MEDIVAULT\backend\node_modules\express\lib\router\index.js:286:9
    at Function.process_params (E:\Random\MediVault_\MEDIVAULT\backend\node_modules\express\lib\router\index.js:346:12)
    at next (E:\Random\MediVault_\MEDIVAULT\backend\node_modules\express\lib\router\index.js:280:10)
    at E:\Random\MediVault_\MEDIVAULT\backend\server.js:51:3
    at Layer.handle [as handle_request] (E:\Random\MediVault_\MEDIVAULT\backend\node_modules\express\lib\router\layer.js:95:5)
    at trim_prefix (E:\Random\MediVault_\MEDIVAULT\backend\node_modules\express\lib\router\index.js:328:13)
    at E:\Random\MediVault_\MEDIVAULT\backend\node_modules\express\lib\router\index.js:286:9
2026-03-06 22:06:34 [ERROR]: Error: Route not found: GET /api/doctor/69a93c10b22e1a6ee8f33559/records
    at E:\Random\MediVault_\MEDIVAULT\backend\server.js:137:17
    at Layer.handle [as handle_request] (E:\Random\MediVault_\MEDIVAULT\backend\node_modules\express\lib\router\layer.js:95:5)
    at trim_prefix (E:\Random\MediVault_\MEDIVAULT\backend\node_modules\express\lib\router\index.js:328:13)
    at E:\Random\MediVault_\MEDIVAULT\backend\node_modules\express\lib\router\index.js:286:9
    at Function.process_params (E:\Random\MediVault_\MEDIVAULT\backend\node_modules\express\lib\router\index.js:346:12)
    at next (E:\Random\MediVault_\MEDIVAULT\backend\node_modules\express\lib\router\index.js:280:10)
    at auditMiddleware (E:\Random\MediVault_\MEDIVAULT\backend\middleware\auditMiddleware.js:66:12)
    at Layer.handle [as handle_request] (E:\Random\MediVault_\MEDIVAULT\backend\node_modules\express\lib\router\layer.js:95:5)
    at trim_prefix (E:\Random\MediVault_\MEDIVAULT\backend\node_modules\express\lib\router\index.js:328:13)
    at E:\Random\MediVault_\MEDIVAULT\backend\node_modules\express\lib\router\index.js:286:9
    at Function.process_params (E:\Random\MediVault_\MEDIVAULT\backend\node_modules\express\lib\router\index.js:346:12)
    at next (E:\Random\MediVault_\MEDIVAULT\backend\node_modules\express\lib\router\index.js:280:10)
    at E:\Random\MediVault_\MEDIVAULT\backend\server.js:51:3
    at Layer.handle [as handle_request] (E:\Random\MediVault_\MEDIVAULT\backend\node_modules\express\lib\router\layer.js:95:5)
    at trim_prefix (E:\Random\MediVault_\MEDIVAULT\backend\node_modules\express\lib\router\index.js:328:13)
    at E:\Random\MediVault_\MEDIVAULT\backend\node_modules\express\lib\router\index.js:286:9
2026-03-06 22:06:34 [ERROR]: Error: Route not found: GET /api/doctor/69a93c10b22e1a6ee8f33559/records
    at E:\Random\MediVault_\MEDIVAULT\backend\server.js:137:17
    at Layer.handle [as handle_request] (E:\Random\MediVault_\MEDIVAULT\backend\node_modules\express\lib\router\layer.js:95:5)
    at trim_prefix (E:\Random\MediVault_\MEDIVAULT\backend\node_modules\express\lib\router\index.js:328:13)
    at E:\Random\MediVault_\MEDIVAULT\backend\node_modules\express\lib\router\index.js:286:9
    at Function.process_params (E:\Random\MediVault_\MEDIVAULT\backend\node_modules\express\lib\router\index.js:346:12)
    at next (E:\Random\MediVault_\MEDIVAULT\backend\node_modules\express\lib\router\index.js:280:10)
    at auditMiddleware (E:\Random\MediVault_\MEDIVAULT\backend\middleware\auditMiddleware.js:66:12)
    at Layer.handle [as handle_request] (E:\Random\MediVault_\MEDIVAULT\backend\node_modules\express\lib\router\layer.js:95:5)
    at trim_prefix (E:\Random\MediVault_\MEDIVAULT\backend\node_modules\express\lib\router\index.js:328:13)
    at E:\Random\MediVault_\MEDIVAULT\backend\node_modules\express\lib\router\index.js:286:9
    at Function.process_params (E:\Random\MediVault_\MEDIVAULT\backend\node_modules\express\lib\router\index.js:346:12)
    at next (E:\Random\MediVault_\MEDIVAULT\backend\node_modules\express\lib\router\index.js:280:10)
    at E:\Random\MediVault_\MEDIVAULT\backend\server.js:51:3
    at Layer.handle [as handle_request] (E:\Random\MediVault_\MEDIVAULT\backend\node_modules\express\lib\router\layer.js:95:5)
    at trim_prefix (E:\Random\MediVault_\MEDIVAULT\backend\node_modules\express\lib\router\index.js:328:13)
    at E:\Random\MediVault_\MEDIVAULT\backend\node_modules\express\lib\router\index.js:286:9
2026-03-06 22:08:50 [ERROR]: Error: Route not found: GET /api/doctor/69a93c10b22e1a6ee8f33559/records
    at E:\Random\MediVault_\MEDIVAULT\backend\server.js:137:17
    at Layer.handle [as handle_request] (E:\Random\MediVault_\MEDIVAULT\backend\node_modules\express\lib\router\layer.js:95:5)
    at trim_prefix (E:\Random\MediVault_\MEDIVAULT\backend\node_modules\express\lib\router\index.js:328:13)
    at E:\Random\MediVault_\MEDIVAULT\backend\node_modules\express\lib\router\index.js:286:9
    at Function.process_params (E:\Random\MediVault_\MEDIVAULT\backend\node_modules\express\lib\router\index.js:346:12)
    at next (E:\Random\MediVault_\MEDIVAULT\backend\node_modules\express\lib\router\index.js:280:10)
    at auditMiddleware (E:\Random\MediVault_\MEDIVAULT\backend\middleware\auditMiddleware.js:66:12)
    at Layer.handle [as handle_request] (E:\Random\MediVault_\MEDIVAULT\backend\node_modules\express\lib\router\layer.js:95:5)
    at trim_prefix (E:\Random\MediVault_\MEDIVAULT\backend\node_modules\express\lib\router\index.js:328:13)
    at E:\Random\MediVault_\MEDIVAULT\backend\node_modules\express\lib\router\index.js:286:9
    at Function.process_params (E:\Random\MediVault_\MEDIVAULT\backend\node_modules\express\lib\router\index.js:346:12)
    at next (E:\Random\MediVault_\MEDIVAULT\backend\node_modules\express\lib\router\index.js:280:10)
    at E:\Random\MediVault_\MEDIVAULT\backend\server.js:51:3
    at Layer.handle [as handle_request] (E:\Random\MediVault_\MEDIVAULT\backend\node_modules\express\lib\router\layer.js:95:5)
    at trim_prefix (E:\Random\MediVault_\MEDIVAULT\backend\node_modules\express\lib\router\index.js:328:13)
    at E:\Random\MediVault_\MEDIVAULT\backend\node_modules\express\lib\router\index.js:286:9
2026-03-06 22:08:50 [ERROR]: Error: Route not found: GET /api/doctor/69a93c10b22e1a6ee8f33559/records
    at E:\Random\MediVault_\MEDIVAULT\backend\server.js:137:17
    at Layer.handle [as handle_request] (E:\Random\MediVault_\MEDIVAULT\backend\node_modules\express\lib\router\layer.js:95:5)
    at trim_prefix (E:\Random\MediVault_\MEDIVAULT\backend\node_modules\express\lib\router\index.js:328:13)
    at E:\Random\MediVault_\MEDIVAULT\backend\node_modules\express\lib\router\index.js:286:9
    at Function.process_params (E:\Random\MediVault_\MEDIVAULT\backend\node_modules\express\lib\router\index.js:346:12)
    at next (E:\Random\MediVault_\MEDIVAULT\backend\node_modules\express\lib\router\index.js:280:10)
    at auditMiddleware (E:\Random\MediVault_\MEDIVAULT\backend\middleware\auditMiddleware.js:66:12)
    at Layer.handle [as handle_request] (E:\Random\MediVault_\MEDIVAULT\backend\node_modules\express\lib\router\layer.js:95:5)
    at trim_prefix (E:\Random\MediVault_\MEDIVAULT\backend\node_modules\express\lib\router\index.js:328:13)
    at E:\Random\MediVault_\MEDIVAULT\backend\node_modules\express\lib\router\index.js:286:9
    at Function.process_params (E:\Random\MediVault_\MEDIVAULT\backend\node_modules\express\lib\router\index.js:346:12)
    at next (E:\Random\MediVault_\MEDIVAULT\backend\node_modules\express\lib\router\index.js:280:10)
    at E:\Random\MediVault_\MEDIVAULT\backend\server.js:51:3
    at Layer.handle [as handle_request] (E:\Random\MediVault_\MEDIVAULT\backend\node_modules\express\lib\router\layer.js:95:5)
    at trim_prefix (E:\Random\MediVault_\MEDIVAULT\backend\node_modules\express\lib\router\index.js:328:13)
    at E:\Random\MediVault_\MEDIVAULT\backend\node_modules\express\lib\router\index.js:286:9
2026-03-06 22:08:52 [ERROR]: Error: Route not found: GET /api/doctor/69a93c10b22e1a6ee8f33559/appointments
    at E:\Random\MediVault_\MEDIVAULT\backend\server.js:137:17
    at Layer.handle [as handle_request] (E:\Random\MediVault_\MEDIVAULT\backend\node_modules\express\lib\router\layer.js:95:5)
    at trim_prefix (E:\Random\MediVault_\MEDIVAULT\backend\node_modules\express\lib\router\index.js:328:13)
    at E:\Random\MediVault_\MEDIVAULT\backend\node_modules\express\lib\router\index.js:286:9
    at Function.process_params (E:\Random\MediVault_\MEDIVAULT\backend\node_modules\express\lib\router\index.js:346:12)
    at next (E:\Random\MediVault_\MEDIVAULT\backend\node_modules\express\lib\router\index.js:280:10)
    at auditMiddleware (E:\Random\MediVault_\MEDIVAULT\backend\middleware\auditMiddleware.js:66:12)
    at Layer.handle [as handle_request] (E:\Random\MediVault_\MEDIVAULT\backend\node_modules\express\lib\router\layer.js:95:5)
    at trim_prefix (E:\Random\MediVault_\MEDIVAULT\backend\node_modules\express\lib\router\index.js:328:13)
    at E:\Random\MediVault_\MEDIVAULT\backend\node_modules\express\lib\router\index.js:286:9
    at Function.process_params (E:\Random\MediVault_\MEDIVAULT\backend\node_modules\express\lib\router\index.js:346:12)
    at next (E:\Random\MediVault_\MEDIVAULT\backend\node_modules\express\lib\router\index.js:280:10)
    at E:\Random\MediVault_\MEDIVAULT\backend\server.js:51:3
    at Layer.handle [as handle_request] (E:\Random\MediVault_\MEDIVAULT\backend\node_modules\express\lib\router\layer.js:95:5)
    at trim_prefix (E:\Random\MediVault_\MEDIVAULT\backend\node_modules\express\lib\router\index.js:328:13)
    at E:\Random\MediVault_\MEDIVAULT\backend\node_modules\express\lib\router\index.js:286:9
2026-03-06 22:08:52 [ERROR]: Error: Route not found: GET /api/doctor/69a93c10b22e1a6ee8f33559/appointments
    at E:\Random\MediVault_\MEDIVAULT\backend\server.js:137:17
    at Layer.handle [as handle_request] (E:\Random\MediVault_\MEDIVAULT\backend\node_modules\express\lib\router\layer.js:95:5)
    at trim_prefix (E:\Random\MediVault_\MEDIVAULT\backend\node_modules\express\lib\router\index.js:328:13)
    at E:\Random\MediVault_\MEDIVAULT\backend\node_modules\express\lib\router\index.js:286:9
    at Function.process_params (E:\Random\MediVault_\MEDIVAULT\backend\node_modules\express\lib\router\index.js:346:12)
    at next (E:\Random\MediVault_\MEDIVAULT\backend\node_modules\express\lib\router\index.js:280:10)
    at auditMiddleware (E:\Random\MediVault_\MEDIVAULT\backend\middleware\auditMiddleware.js:66:12)
    at Layer.handle [as handle_request] (E:\Random\MediVault_\MEDIVAULT\backend\node_modules\express\lib\router\layer.js:95:5)
    at trim_prefix (E:\Random\MediVault_\MEDIVAULT\backend\node_modules\express\lib\router\index.js:328:13)
    at E:\Random\MediVault_\MEDIVAULT\backend\node_modules\express\lib\router\index.js:286:9
    at Function.process_params (E:\Random\MediVault_\MEDIVAULT\backend\node_modules\express\lib\router\index.js:346:12)
    at next (E:\Random\MediVault_\MEDIVAULT\backend\node_modules\express\lib\router\index.js:280:10)
    at E:\Random\MediVault_\MEDIVAULT\backend\server.js:51:3
    at Layer.handle [as handle_request] (E:\Random\MediVault_\MEDIVAULT\backend\node_modules\express\lib\router\layer.js:95:5)
    at trim_prefix (E:\Random\MediVault_\MEDIVAULT\backend\node_modules\express\lib\router\index.js:328:13)
    at E:\Random\MediVault_\MEDIVAULT\backend\node_modules\express\lib\router\index.js:286:9
2026-03-07 10:51:27 [ERROR]: Error: Invalid file type. Only PDF, images, and documents are allowed.
    at fileFilter (E:\Random\MediVault_\MEDIVAULT\backend\routes\recordRoutes.js:47:10)
    at wrappedFileFilter (E:\Random\MediVault_\MEDIVAULT\backend\node_modules\multer\index.js:44:7)
    at Multipart.<anonymous> (E:\Random\MediVault_\MEDIVAULT\backend\node_modules\multer\lib\make-middleware.js:109:7)
    at Multipart.emit (node:events:518:28)
    at HeaderParser.cb (E:\Random\MediVault_\MEDIVAULT\backend\node_modules\busboy\lib\types\multipart.js:358:14)
    at HeaderParser.push (E:\Random\MediVault_\MEDIVAULT\backend\node_modules\busboy\lib\types\multipart.js:162:20)
    at SBMH.ssCb [as _cb] (E:\Random\MediVault_\MEDIVAULT\backend\node_modules\busboy\lib\types\multipart.js:394:37)
    at feed (E:\Random\MediVault_\MEDIVAULT\backend\node_modules\streamsearch\lib\sbmh.js:248:10)
    at SBMH.push (E:\Random\MediVault_\MEDIVAULT\backend\node_modules\streamsearch\lib\sbmh.js:104:16)
    at Multipart._write (E:\Random\MediVault_\MEDIVAULT\backend\node_modules\busboy\lib\types\multipart.js:567:19)
    at writeOrBuffer (node:internal/streams/writable:572:12)
    at _write (node:internal/streams/writable:501:10)
    at Writable.write (node:internal/streams/writable:510:10)
    at IncomingMessage.ondata (node:internal/streams/readable:1009:22)
    at IncomingMessage.emit (node:events:518:28)
    at Readable.read (node:internal/streams/readable:782:10)
2026-03-07 10:53:01 [ERROR]: Error: Route not found: GET /api/appointments/patient/69a93a44b22e1a6ee8f33553
    at E:\Random\MediVault_\MEDIVAULT\backend\server.js:137:17
    at Layer.handle [as handle_request] (E:\Random\MediVault_\MEDIVAULT\backend\node_modules\express\lib\router\layer.js:95:5)
    at trim_prefix (E:\Random\MediVault_\MEDIVAULT\backend\node_modules\express\lib\router\index.js:328:13)
    at E:\Random\MediVault_\MEDIVAULT\backend\node_modules\express\lib\router\index.js:286:9
    at Function.process_params (E:\Random\MediVault_\MEDIVAULT\backend\node_modules\express\lib\router\index.js:346:12)
    at next (E:\Random\MediVault_\MEDIVAULT\backend\node_modules\express\lib\router\index.js:280:10)
    at E:\Random\MediVault_\MEDIVAULT\backend\node_modules\express\lib\router\index.js:646:15
    at next (E:\Random\MediVault_\MEDIVAULT\backend\node_modules\express\lib\router\index.js:265:14)
    at Function.handle (E:\Random\MediVault_\MEDIVAULT\backend\node_modules\express\lib\router\index.js:175:3)
    at router (E:\Random\MediVault_\MEDIVAULT\backend\node_modules\express\lib\router\index.js:47:12)
    at Layer.handle [as handle_request] (E:\Random\MediVault_\MEDIVAULT\backend\node_modules\express\lib\router\layer.js:95:5)
    at trim_prefix (E:\Random\MediVault_\MEDIVAULT\backend\node_modules\express\lib\router\index.js:328:13)
    at E:\Random\MediVault_\MEDIVAULT\backend\node_modules\express\lib\router\index.js:286:9
    at Function.process_params (E:\Random\MediVault_\MEDIVAULT\backend\node_modules\express\lib\router\index.js:346:12)
    at next (E:\Random\MediVault_\MEDIVAULT\backend\node_modules\express\lib\router\index.js:280:10)
    at auditMiddleware (E:\Random\MediVault_\MEDIVAULT\backend\middleware\auditMiddleware.js:66:12)
2026-03-07 10:53:01 [ERROR]: Error: Route not found: GET /api/appointments/patient/69a93a44b22e1a6ee8f33553
    at E:\Random\MediVault_\MEDIVAULT\backend\server.js:137:17
    at Layer.handle [as handle_request] (E:\Random\MediVault_\MEDIVAULT\backend\node_modules\express\lib\router\layer.js:95:5)
    at trim_prefix (E:\Random\MediVault_\MEDIVAULT\backend\node_modules\express\lib\router\index.js:328:13)
    at E:\Random\MediVault_\MEDIVAULT\backend\node_modules\express\lib\router\index.js:286:9
    at Function.process_params (E:\Random\MediVault_\MEDIVAULT\backend\node_modules\express\lib\router\index.js:346:12)
    at next (E:\Random\MediVault_\MEDIVAULT\backend\node_modules\express\lib\router\index.js:280:10)
    at E:\Random\MediVault_\MEDIVAULT\backend\node_modules\express\lib\router\index.js:646:15
    at next (E:\Random\MediVault_\MEDIVAULT\backend\node_modules\express\lib\router\index.js:265:14)
    at Function.handle (E:\Random\MediVault_\MEDIVAULT\backend\node_modules\express\lib\router\index.js:175:3)
    at router (E:\Random\MediVault_\MEDIVAULT\backend\node_modules\express\lib\router\index.js:47:12)
    at Layer.handle [as handle_request] (E:\Random\MediVault_\MEDIVAULT\backend\node_modules\express\lib\router\layer.js:95:5)
    at trim_prefix (E:\Random\MediVault_\MEDIVAULT\backend\node_modules\express\lib\router\index.js:328:13)
    at E:\Random\MediVault_\MEDIVAULT\backend\node_modules\express\lib\router\index.js:286:9
    at Function.process_params (E:\Random\MediVault_\MEDIVAULT\backend\node_modules\express\lib\router\index.js:346:12)
    at next (E:\Random\MediVault_\MEDIVAULT\backend\node_modules\express\lib\router\index.js:280:10)
    at auditMiddleware (E:\Random\MediVault_\MEDIVAULT\backend\middleware\auditMiddleware.js:66:12)
2026-03-07 10:53:07 [ERROR]: Error: Route not found: GET /api/appointments/patient/69a93a44b22e1a6ee8f33553
    at E:\Random\MediVault_\MEDIVAULT\backend\server.js:137:17
    at Layer.handle [as handle_request] (E:\Random\MediVault_\MEDIVAULT\backend\node_modules\express\lib\router\layer.js:95:5)
    at trim_prefix (E:\Random\MediVault_\MEDIVAULT\backend\node_modules\express\lib\router\index.js:328:13)
    at E:\Random\MediVault_\MEDIVAULT\backend\node_modules\express\lib\router\index.js:286:9
    at Function.process_params (E:\Random\MediVault_\MEDIVAULT\backend\node_modules\express\lib\router\index.js:346:12)
    at next (E:\Random\MediVault_\MEDIVAULT\backend\node_modules\express\lib\router\index.js:280:10)
    at E:\Random\MediVault_\MEDIVAULT\backend\node_modules\express\lib\router\index.js:646:15
    at next (E:\Random\MediVault_\MEDIVAULT\backend\node_modules\express\lib\router\index.js:265:14)
    at Function.handle (E:\Random\MediVault_\MEDIVAULT\backend\node_modules\express\lib\router\index.js:175:3)
    at router (E:\Random\MediVault_\MEDIVAULT\backend\node_modules\express\lib\router\index.js:47:12)
    at Layer.handle [as handle_request] (E:\Random\MediVault_\MEDIVAULT\backend\node_modules\express\lib\router\layer.js:95:5)
    at trim_prefix (E:\Random\MediVault_\MEDIVAULT\backend\node_modules\express\lib\router\index.js:328:13)
    at E:\Random\MediVault_\MEDIVAULT\backend\node_modules\express\lib\router\index.js:286:9
    at Function.process_params (E:\Random\MediVault_\MEDIVAULT\backend\node_modules\express\lib\router\index.js:346:12)
    at next (E:\Random\MediVault_\MEDIVAULT\backend\node_modules\express\lib\router\index.js:280:10)
    at auditMiddleware (E:\Random\MediVault_\MEDIVAULT\backend\middleware\auditMiddleware.js:66:12)
2026-03-07 10:53:07 [ERROR]: Error: Route not found: GET /api/appointments/patient/69a93a44b22e1a6ee8f33553
    at E:\Random\MediVault_\MEDIVAULT\backend\server.js:137:17
    at Layer.handle [as handle_request] (E:\Random\MediVault_\MEDIVAULT\backend\node_modules\express\lib\router\layer.js:95:5)
    at trim_prefix (E:\Random\MediVault_\MEDIVAULT\backend\node_modules\express\lib\router\index.js:328:13)
    at E:\Random\MediVault_\MEDIVAULT\backend\node_modules\express\lib\router\index.js:286:9
    at Function.process_params (E:\Random\MediVault_\MEDIVAULT\backend\node_modules\express\lib\router\index.js:346:12)
    at next (E:\Random\MediVault_\MEDIVAULT\backend\node_modules\express\lib\router\index.js:280:10)
    at E:\Random\MediVault_\MEDIVAULT\backend\node_modules\express\lib\router\index.js:646:15
    at next (E:\Random\MediVault_\MEDIVAULT\backend\node_modules\express\lib\router\index.js:265:14)
    at Function.handle (E:\Random\MediVault_\MEDIVAULT\backend\node_modules\express\lib\router\index.js:175:3)
    at router (E:\Random\MediVault_\MEDIVAULT\backend\node_modules\express\lib\router\index.js:47:12)
    at Layer.handle [as handle_request] (E:\Random\MediVault_\MEDIVAULT\backend\node_modules\express\lib\router\layer.js:95:5)
    at trim_prefix (E:\Random\MediVault_\MEDIVAULT\backend\node_modules\express\lib\router\index.js:328:13)
    at E:\Random\MediVault_\MEDIVAULT\backend\node_modules\express\lib\router\index.js:286:9
    at Function.process_params (E:\Random\MediVault_\MEDIVAULT\backend\node_modules\express\lib\router\index.js:346:12)
    at next (E:\Random\MediVault_\MEDIVAULT\backend\node_modules\express\lib\router\index.js:280:10)
    at auditMiddleware (E:\Random\MediVault_\MEDIVAULT\backend\middleware\auditMiddleware.js:66:12)
2026-03-07 10:54:49 [ERROR]: Error: Route not found: GET /api/appointments/patient/69a93a44b22e1a6ee8f33553
    at E:\Random\MediVault_\MEDIVAULT\backend\server.js:137:17
    at Layer.handle [as handle_request] (E:\Random\MediVault_\MEDIVAULT\backend\node_modules\express\lib\router\layer.js:95:5)
    at trim_prefix (E:\Random\MediVault_\MEDIVAULT\backend\node_modules\express\lib\router\index.js:328:13)
    at E:\Random\MediVault_\MEDIVAULT\backend\node_modules\express\lib\router\index.js:286:9
    at Function.process_params (E:\Random\MediVault_\MEDIVAULT\backend\node_modules\express\lib\router\index.js:346:12)
    at next (E:\Random\MediVault_\MEDIVAULT\backend\node_modules\express\lib\router\index.js:280:10)
    at E:\Random\MediVault_\MEDIVAULT\backend\node_modules\express\lib\router\index.js:646:15
    at next (E:\Random\MediVault_\MEDIVAULT\backend\node_modules\express\lib\router\index.js:265:14)
    at Function.handle (E:\Random\MediVault_\MEDIVAULT\backend\node_modules\express\lib\router\index.js:175:3)
    at router (E:\Random\MediVault_\MEDIVAULT\backend\node_modules\express\lib\router\index.js:47:12)
    at Layer.handle [as handle_request] (E:\Random\MediVault_\MEDIVAULT\backend\node_modules\express\lib\router\layer.js:95:5)
    at trim_prefix (E:\Random\MediVault_\MEDIVAULT\backend\node_modules\express\lib\router\index.js:328:13)
    at E:\Random\MediVault_\MEDIVAULT\backend\node_modules\express\lib\router\index.js:286:9
    at Function.process_params (E:\Random\MediVault_\MEDIVAULT\backend\node_modules\express\lib\router\index.js:346:12)
    at next (E:\Random\MediVault_\MEDIVAULT\backend\node_modules\express\lib\router\index.js:280:10)
    at auditMiddleware (E:\Random\MediVault_\MEDIVAULT\backend\middleware\auditMiddleware.js:66:12)
2026-03-07 10:54:49 [ERROR]: Error: Route not found: GET /api/appointments/patient/69a93a44b22e1a6ee8f33553
    at E:\Random\MediVault_\MEDIVAULT\backend\server.js:137:17
    at Layer.handle [as handle_request] (E:\Random\MediVault_\MEDIVAULT\backend\node_modules\express\lib\router\layer.js:95:5)
    at trim_prefix (E:\Random\MediVault_\MEDIVAULT\backend\node_modules\express\lib\router\index.js:328:13)
    at E:\Random\MediVault_\MEDIVAULT\backend\node_modules\express\lib\router\index.js:286:9
    at Function.process_params (E:\Random\MediVault_\MEDIVAULT\backend\node_modules\express\lib\router\index.js:346:12)
    at next (E:\Random\MediVault_\MEDIVAULT\backend\node_modules\express\lib\router\index.js:280:10)
    at E:\Random\MediVault_\MEDIVAULT\backend\node_modules\express\lib\router\index.js:646:15
    at next (E:\Random\MediVault_\MEDIVAULT\backend\node_modules\express\lib\router\index.js:265:14)
    at Function.handle (E:\Random\MediVault_\MEDIVAULT\backend\node_modules\express\lib\router\index.js:175:3)
    at router (E:\Random\MediVault_\MEDIVAULT\backend\node_modules\express\lib\router\index.js:47:12)
    at Layer.handle [as handle_request] (E:\Random\MediVault_\MEDIVAULT\backend\node_modules\express\lib\router\layer.js:95:5)
    at trim_prefix (E:\Random\MediVault_\MEDIVAULT\backend\node_modules\express\lib\router\index.js:328:13)
    at E:\Random\MediVault_\MEDIVAULT\backend\node_modules\express\lib\router\index.js:286:9
    at Function.process_params (E:\Random\MediVault_\MEDIVAULT\backend\node_modules\express\lib\router\index.js:346:12)
    at next (E:\Random\MediVault_\MEDIVAULT\backend\node_modules\express\lib\router\index.js:280:10)
    at auditMiddleware (E:\Random\MediVault_\MEDIVAULT\backend\middleware\auditMiddleware.js:66:12)
2026-03-07 10:56:40 [ERROR]: Error: Invalid file type. Only PDF, images, and documents are allowed.
    at fileFilter (E:\Random\MediVault_\MEDIVAULT\backend\routes\recordRoutes.js:47:10)
    at wrappedFileFilter (E:\Random\MediVault_\MEDIVAULT\backend\node_modules\multer\index.js:44:7)
    at Multipart.<anonymous> (E:\Random\MediVault_\MEDIVAULT\backend\node_modules\multer\lib\make-middleware.js:109:7)
    at Multipart.emit (node:events:518:28)
    at HeaderParser.cb (E:\Random\MediVault_\MEDIVAULT\backend\node_modules\busboy\lib\types\multipart.js:358:14)
    at HeaderParser.push (E:\Random\MediVault_\MEDIVAULT\backend\node_modules\busboy\lib\types\multipart.js:162:20)
    at SBMH.ssCb [as _cb] (E:\Random\MediVault_\MEDIVAULT\backend\node_modules\busboy\lib\types\multipart.js:394:37)
    at feed (E:\Random\MediVault_\MEDIVAULT\backend\node_modules\streamsearch\lib\sbmh.js:248:10)
    at SBMH.push (E:\Random\MediVault_\MEDIVAULT\backend\node_modules\streamsearch\lib\sbmh.js:104:16)
    at Multipart._write (E:\Random\MediVault_\MEDIVAULT\backend\node_modules\busboy\lib\types\multipart.js:567:19)
    at writeOrBuffer (node:internal/streams/writable:572:12)
    at _write (node:internal/streams/writable:501:10)
    at Writable.write (node:internal/streams/writable:510:10)
    at IncomingMessage.ondata (node:internal/streams/readable:1009:22)
    at IncomingMessage.emit (node:events:518:28)
    at Readable.read (node:internal/streams/readable:782:10)
2026-03-07 10:58:20 [ERROR]: Error: Route not found: GET /api/notifications/patient/69a93a44b22e1a6ee8f33553
    at E:\Random\MediVault_\MEDIVAULT\backend\server.js:137:17
    at Layer.handle [as handle_request] (E:\Random\MediVault_\MEDIVAULT\backend\node_modules\express\lib\router\layer.js:95:5)
    at trim_prefix (E:\Random\MediVault_\MEDIVAULT\backend\node_modules\express\lib\router\index.js:328:13)
    at E:\Random\MediVault_\MEDIVAULT\backend\node_modules\express\lib\router\index.js:286:9
    at Function.process_params (E:\Random\MediVault_\MEDIVAULT\backend\node_modules\express\lib\router\index.js:346:12)
    at next (E:\Random\MediVault_\MEDIVAULT\backend\node_modules\express\lib\router\index.js:280:10)
    at E:\Random\MediVault_\MEDIVAULT\backend\node_modules\express\lib\router\index.js:646:15
    at next (E:\Random\MediVault_\MEDIVAULT\backend\node_modules\express\lib\router\index.js:265:14)
    at Function.handle (E:\Random\MediVault_\MEDIVAULT\backend\node_modules\express\lib\router\index.js:175:3)
    at router (E:\Random\MediVault_\MEDIVAULT\backend\node_modules\express\lib\router\index.js:47:12)
    at Layer.handle [as handle_request] (E:\Random\MediVault_\MEDIVAULT\backend\node_modules\express\lib\router\layer.js:95:5)
    at trim_prefix (E:\Random\MediVault_\MEDIVAULT\backend\node_modules\express\lib\router\index.js:328:13)
    at E:\Random\MediVault_\MEDIVAULT\backend\node_modules\express\lib\router\index.js:286:9
    at Function.process_params (E:\Random\MediVault_\MEDIVAULT\backend\node_modules\express\lib\router\index.js:346:12)
    at next (E:\Random\MediVault_\MEDIVAULT\backend\node_modules\express\lib\router\index.js:280:10)
    at auditMiddleware (E:\Random\MediVault_\MEDIVAULT\backend\middleware\auditMiddleware.js:66:12)
2026-03-07 10:58:20 [ERROR]: Error: Route not found: GET /api/notifications/patient/69a93a44b22e1a6ee8f33553
    at E:\Random\MediVault_\MEDIVAULT\backend\server.js:137:17
    at Layer.handle [as handle_request] (E:\Random\MediVault_\MEDIVAULT\backend\node_modules\express\lib\router\layer.js:95:5)
    at trim_prefix (E:\Random\MediVault_\MEDIVAULT\backend\node_modules\express\lib\router\index.js:328:13)
    at E:\Random\MediVault_\MEDIVAULT\backend\node_modules\express\lib\router\index.js:286:9
    at Function.process_params (E:\Random\MediVault_\MEDIVAULT\backend\node_modules\express\lib\router\index.js:346:12)
    at next (E:\Random\MediVault_\MEDIVAULT\backend\node_modules\express\lib\router\index.js:280:10)
    at E:\Random\MediVault_\MEDIVAULT\backend\node_modules\express\lib\router\index.js:646:15
    at next (E:\Random\MediVault_\MEDIVAULT\backend\node_modules\express\lib\router\index.js:265:14)
    at Function.handle (E:\Random\MediVault_\MEDIVAULT\backend\node_modules\express\lib\router\index.js:175:3)
    at router (E:\Random\MediVault_\MEDIVAULT\backend\node_modules\express\lib\router\index.js:47:12)
    at Layer.handle [as handle_request] (E:\Random\MediVault_\MEDIVAULT\backend\node_modules\express\lib\router\layer.js:95:5)
    at trim_prefix (E:\Random\MediVault_\MEDIVAULT\backend\node_modules\express\lib\router\index.js:328:13)
    at E:\Random\MediVault_\MEDIVAULT\backend\node_modules\express\lib\router\index.js:286:9
    at Function.process_params (E:\Random\MediVault_\MEDIVAULT\backend\node_modules\express\lib\router\index.js:346:12)
    at next (E:\Random\MediVault_\MEDIVAULT\backend\node_modules\express\lib\router\index.js:280:10)
    at auditMiddleware (E:\Random\MediVault_\MEDIVAULT\backend\middleware\auditMiddleware.js:66:12)
2026-03-07 10:58:31 [ERROR]: Error: Route not found: GET /api/notifications/patient/69a93a44b22e1a6ee8f33553
    at E:\Random\MediVault_\MEDIVAULT\backend\server.js:137:17
    at Layer.handle [as handle_request] (E:\Random\MediVault_\MEDIVAULT\backend\node_modules\express\lib\router\layer.js:95:5)
    at trim_prefix (E:\Random\MediVault_\MEDIVAULT\backend\node_modules\express\lib\router\index.js:328:13)
    at E:\Random\MediVault_\MEDIVAULT\backend\node_modules\express\lib\router\index.js:286:9
    at Function.process_params (E:\Random\MediVault_\MEDIVAULT\backend\node_modules\express\lib\router\index.js:346:12)
    at next (E:\Random\MediVault_\MEDIVAULT\backend\node_modules\express\lib\router\index.js:280:10)
    at E:\Random\MediVault_\MEDIVAULT\backend\node_modules\express\lib\router\index.js:646:15
    at next (E:\Random\MediVault_\MEDIVAULT\backend\node_modules\express\lib\router\index.js:265:14)
    at Function.handle (E:\Random\MediVault_\MEDIVAULT\backend\node_modules\express\lib\router\index.js:175:3)
    at router (E:\Random\MediVault_\MEDIVAULT\backend\node_modules\express\lib\router\index.js:47:12)
    at Layer.handle [as handle_request] (E:\Random\MediVault_\MEDIVAULT\backend\node_modules\express\lib\router\layer.js:95:5)
    at trim_prefix (E:\Random\MediVault_\MEDIVAULT\backend\node_modules\express\lib\router\index.js:328:13)
    at E:\Random\MediVault_\MEDIVAULT\backend\node_modules\express\lib\router\index.js:286:9
    at Function.process_params (E:\Random\MediVault_\MEDIVAULT\backend\node_modules\express\lib\router\index.js:346:12)
    at next (E:\Random\MediVault_\MEDIVAULT\backend\node_modules\express\lib\router\index.js:280:10)
    at auditMiddleware (E:\Random\MediVault_\MEDIVAULT\backend\middleware\auditMiddleware.js:66:12)
2026-03-07 10:58:31 [ERROR]: Error: Route not found: GET /api/notifications/patient/69a93a44b22e1a6ee8f33553
    at E:\Random\MediVault_\MEDIVAULT\backend\server.js:137:17
    at Layer.handle [as handle_request] (E:\Random\MediVault_\MEDIVAULT\backend\node_modules\express\lib\router\layer.js:95:5)
    at trim_prefix (E:\Random\MediVault_\MEDIVAULT\backend\node_modules\express\lib\router\index.js:328:13)
    at E:\Random\MediVault_\MEDIVAULT\backend\node_modules\express\lib\router\index.js:286:9
    at Function.process_params (E:\Random\MediVault_\MEDIVAULT\backend\node_modules\express\lib\router\index.js:346:12)
    at next (E:\Random\MediVault_\MEDIVAULT\backend\node_modules\express\lib\router\index.js:280:10)
    at E:\Random\MediVault_\MEDIVAULT\backend\node_modules\express\lib\router\index.js:646:15
    at next (E:\Random\MediVault_\MEDIVAULT\backend\node_modules\express\lib\router\index.js:265:14)
    at Function.handle (E:\Random\MediVault_\MEDIVAULT\backend\node_modules\express\lib\router\index.js:175:3)
    at router (E:\Random\MediVault_\MEDIVAULT\backend\node_modules\express\lib\router\index.js:47:12)
    at Layer.handle [as handle_request] (E:\Random\MediVault_\MEDIVAULT\backend\node_modules\express\lib\router\layer.js:95:5)
    at trim_prefix (E:\Random\MediVault_\MEDIVAULT\backend\node_modules\express\lib\router\index.js:328:13)
    at E:\Random\MediVault_\MEDIVAULT\backend\node_modules\express\lib\router\index.js:286:9
    at Function.process_params (E:\Random\MediVault_\MEDIVAULT\backend\node_modules\express\lib\router\index.js:346:12)
    at next (E:\Random\MediVault_\MEDIVAULT\backend\node_modules\express\lib\router\index.js:280:10)
    at auditMiddleware (E:\Random\MediVault_\MEDIVAULT\backend\middleware\auditMiddleware.js:66:12)
2026-03-07 11:00:33 [ERROR]: Error: Route not found: GET /api/doctor/69a93c10b22e1a6ee8f33559/appointments
    at E:\Random\MediVault_\MEDIVAULT\backend\server.js:137:17
    at Layer.handle [as handle_request] (E:\Random\MediVault_\MEDIVAULT\backend\node_modules\express\lib\router\layer.js:95:5)
    at trim_prefix (E:\Random\MediVault_\MEDIVAULT\backend\node_modules\express\lib\router\index.js:328:13)
    at E:\Random\MediVault_\MEDIVAULT\backend\node_modules\express\lib\router\index.js:286:9
    at Function.process_params (E:\Random\MediVault_\MEDIVAULT\backend\node_modules\express\lib\router\index.js:346:12)
    at next (E:\Random\MediVault_\MEDIVAULT\backend\node_modules\express\lib\router\index.js:280:10)
    at auditMiddleware (E:\Random\MediVault_\MEDIVAULT\backend\middleware\auditMiddleware.js:66:12)
    at Layer.handle [as handle_request] (E:\Random\MediVault_\MEDIVAULT\backend\node_modules\express\lib\router\layer.js:95:5)
    at trim_prefix (E:\Random\MediVault_\MEDIVAULT\backend\node_modules\express\lib\router\index.js:328:13)
    at E:\Random\MediVault_\MEDIVAULT\backend\node_modules\express\lib\router\index.js:286:9
    at Function.process_params (E:\Random\MediVault_\MEDIVAULT\backend\node_modules\express\lib\router\index.js:346:12)
    at next (E:\Random\MediVault_\MEDIVAULT\backend\node_modules\express\lib\router\index.js:280:10)
    at E:\Random\MediVault_\MEDIVAULT\backend\server.js:51:3
    at Layer.handle [as handle_request] (E:\Random\MediVault_\MEDIVAULT\backend\node_modules\express\lib\router\layer.js:95:5)
    at trim_prefix (E:\Random\MediVault_\MEDIVAULT\backend\node_modules\express\lib\router\index.js:328:13)
    at E:\Random\MediVault_\MEDIVAULT\backend\node_modules\express\lib\router\index.js:286:9
2026-03-07 11:00:33 [ERROR]: Error: Route not found: GET /api/doctor/69a93c10b22e1a6ee8f33559/appointments
    at E:\Random\MediVault_\MEDIVAULT\backend\server.js:137:17
    at Layer.handle [as handle_request] (E:\Random\MediVault_\MEDIVAULT\backend\node_modules\express\lib\router\layer.js:95:5)
    at trim_prefix (E:\Random\MediVault_\MEDIVAULT\backend\node_modules\express\lib\router\index.js:328:13)
    at E:\Random\MediVault_\MEDIVAULT\backend\node_modules\express\lib\router\index.js:286:9
    at Function.process_params (E:\Random\MediVault_\MEDIVAULT\backend\node_modules\express\lib\router\index.js:346:12)
    at next (E:\Random\MediVault_\MEDIVAULT\backend\node_modules\express\lib\router\index.js:280:10)
    at auditMiddleware (E:\Random\MediVault_\MEDIVAULT\backend\middleware\auditMiddleware.js:66:12)
    at Layer.handle [as handle_request] (E:\Random\MediVault_\MEDIVAULT\backend\node_modules\express\lib\router\layer.js:95:5)
    at trim_prefix (E:\Random\MediVault_\MEDIVAULT\backend\node_modules\express\lib\router\index.js:328:13)
    at E:\Random\MediVault_\MEDIVAULT\backend\node_modules\express\lib\router\index.js:286:9
    at Function.process_params (E:\Random\MediVault_\MEDIVAULT\backend\node_modules\express\lib\router\index.js:346:12)
    at next (E:\Random\MediVault_\MEDIVAULT\backend\node_modules\express\lib\router\index.js:280:10)
    at E:\Random\MediVault_\MEDIVAULT\backend\server.js:51:3
    at Layer.handle [as handle_request] (E:\Random\MediVault_\MEDIVAULT\backend\node_modules\express\lib\router\layer.js:95:5)
    at trim_prefix (E:\Random\MediVault_\MEDIVAULT\backend\node_modules\express\lib\router\index.js:328:13)
    at E:\Random\MediVault_\MEDIVAULT\backend\node_modules\express\lib\router\index.js:286:9
2026-03-07 11:01:06 [ERROR]: Error: Route not found: GET /api/doctor/69a93c10b22e1a6ee8f33559/records
    at E:\Random\MediVault_\MEDIVAULT\backend\server.js:137:17
    at Layer.handle [as handle_request] (E:\Random\MediVault_\MEDIVAULT\backend\node_modules\express\lib\router\layer.js:95:5)
    at trim_prefix (E:\Random\MediVault_\MEDIVAULT\backend\node_modules\express\lib\router\index.js:328:13)
    at E:\Random\MediVault_\MEDIVAULT\backend\node_modules\express\lib\router\index.js:286:9
    at Function.process_params (E:\Random\MediVault_\MEDIVAULT\backend\node_modules\express\lib\router\index.js:346:12)
    at next (E:\Random\MediVault_\MEDIVAULT\backend\node_modules\express\lib\router\index.js:280:10)
    at auditMiddleware (E:\Random\MediVault_\MEDIVAULT\backend\middleware\auditMiddleware.js:66:12)
    at Layer.handle [as handle_request] (E:\Random\MediVault_\MEDIVAULT\backend\node_modules\express\lib\router\layer.js:95:5)
    at trim_prefix (E:\Random\MediVault_\MEDIVAULT\backend\node_modules\express\lib\router\index.js:328:13)
    at E:\Random\MediVault_\MEDIVAULT\backend\node_modules\express\lib\router\index.js:286:9
    at Function.process_params (E:\Random\MediVault_\MEDIVAULT\backend\node_modules\express\lib\router\index.js:346:12)
    at next (E:\Random\MediVault_\MEDIVAULT\backend\node_modules\express\lib\router\index.js:280:10)
    at E:\Random\MediVault_\MEDIVAULT\backend\server.js:51:3
    at Layer.handle [as handle_request] (E:\Random\MediVault_\MEDIVAULT\backend\node_modules\express\lib\router\layer.js:95:5)
    at trim_prefix (E:\Random\MediVault_\MEDIVAULT\backend\node_modules\express\lib\router\index.js:328:13)
    at E:\Random\MediVault_\MEDIVAULT\backend\node_modules\express\lib\router\index.js:286:9
2026-03-07 11:01:06 [ERROR]: Error: Route not found: GET /api/doctor/69a93c10b22e1a6ee8f33559/records
    at E:\Random\MediVault_\MEDIVAULT\backend\server.js:137:17
    at Layer.handle [as handle_request] (E:\Random\MediVault_\MEDIVAULT\backend\node_modules\express\lib\router\layer.js:95:5)
    at trim_prefix (E:\Random\MediVault_\MEDIVAULT\backend\node_modules\express\lib\router\index.js:328:13)
    at E:\Random\MediVault_\MEDIVAULT\backend\node_modules\express\lib\router\index.js:286:9
    at Function.process_params (E:\Random\MediVault_\MEDIVAULT\backend\node_modules\express\lib\router\index.js:346:12)
    at next (E:\Random\MediVault_\MEDIVAULT\backend\node_modules\express\lib\router\index.js:280:10)
    at auditMiddleware (E:\Random\MediVault_\MEDIVAULT\backend\middleware\auditMiddleware.js:66:12)
    at Layer.handle [as handle_request] (E:\Random\MediVault_\MEDIVAULT\backend\node_modules\express\lib\router\layer.js:95:5)
    at trim_prefix (E:\Random\MediVault_\MEDIVAULT\backend\node_modules\express\lib\router\index.js:328:13)
    at E:\Random\MediVault_\MEDIVAULT\backend\node_modules\express\lib\router\index.js:286:9
    at Function.process_params (E:\Random\MediVault_\MEDIVAULT\backend\node_modules\express\lib\router\index.js:346:12)
    at next (E:\Random\MediVault_\MEDIVAULT\backend\node_modules\express\lib\router\index.js:280:10)
    at E:\Random\MediVault_\MEDIVAULT\backend\server.js:51:3
    at Layer.handle [as handle_request] (E:\Random\MediVault_\MEDIVAULT\backend\node_modules\express\lib\router\layer.js:95:5)
    at trim_prefix (E:\Random\MediVault_\MEDIVAULT\backend\node_modules\express\lib\router\index.js:328:13)
    at E:\Random\MediVault_\MEDIVAULT\backend\node_modules\express\lib\router\index.js:286:9
2026-03-07 11:01:09 [ERROR]: Error: Route not found: GET /api/doctor/69a93c10b22e1a6ee8f33559/appointments
    at E:\Random\MediVault_\MEDIVAULT\backend\server.js:137:17
    at Layer.handle [as handle_request] (E:\Random\MediVault_\MEDIVAULT\backend\node_modules\express\lib\router\layer.js:95:5)
    at trim_prefix (E:\Random\MediVault_\MEDIVAULT\backend\node_modules\express\lib\router\index.js:328:13)
    at E:\Random\MediVault_\MEDIVAULT\backend\node_modules\express\lib\router\index.js:286:9
    at Function.process_params (E:\Random\MediVault_\MEDIVAULT\backend\node_modules\express\lib\router\index.js:346:12)
    at next (E:\Random\MediVault_\MEDIVAULT\backend\node_modules\express\lib\router\index.js:280:10)
    at auditMiddleware (E:\Random\MediVault_\MEDIVAULT\backend\middleware\auditMiddleware.js:66:12)
    at Layer.handle [as handle_request] (E:\Random\MediVault_\MEDIVAULT\backend\node_modules\express\lib\router\layer.js:95:5)
    at trim_prefix (E:\Random\MediVault_\MEDIVAULT\backend\node_modules\express\lib\router\index.js:328:13)
    at E:\Random\MediVault_\MEDIVAULT\backend\node_modules\express\lib\router\index.js:286:9
    at Function.process_params (E:\Random\MediVault_\MEDIVAULT\backend\node_modules\express\lib\router\index.js:346:12)
    at next (E:\Random\MediVault_\MEDIVAULT\backend\node_modules\express\lib\router\index.js:280:10)
    at E:\Random\MediVault_\MEDIVAULT\backend\server.js:51:3
    at Layer.handle [as handle_request] (E:\Random\MediVault_\MEDIVAULT\backend\node_modules\express\lib\router\layer.js:95:5)
    at trim_prefix (E:\Random\MediVault_\MEDIVAULT\backend\node_modules\express\lib\router\index.js:328:13)
    at E:\Random\MediVault_\MEDIVAULT\backend\node_modules\express\lib\router\index.js:286:9
2026-03-07 11:01:09 [ERROR]: Error: Route not found: GET /api/doctor/69a93c10b22e1a6ee8f33559/appointments
    at E:\Random\MediVault_\MEDIVAULT\backend\server.js:137:17
    at Layer.handle [as handle_request] (E:\Random\MediVault_\MEDIVAULT\backend\node_modules\express\lib\router\layer.js:95:5)
    at trim_prefix (E:\Random\MediVault_\MEDIVAULT\backend\node_modules\express\lib\router\index.js:328:13)
    at E:\Random\MediVault_\MEDIVAULT\backend\node_modules\express\lib\router\index.js:286:9
    at Function.process_params (E:\Random\MediVault_\MEDIVAULT\backend\node_modules\express\lib\router\index.js:346:12)
    at next (E:\Random\MediVault_\MEDIVAULT\backend\node_modules\express\lib\router\index.js:280:10)
    at auditMiddleware (E:\Random\MediVault_\MEDIVAULT\backend\middleware\auditMiddleware.js:66:12)
    at Layer.handle [as handle_request] (E:\Random\MediVault_\MEDIVAULT\backend\node_modules\express\lib\router\layer.js:95:5)
    at trim_prefix (E:\Random\MediVault_\MEDIVAULT\backend\node_modules\express\lib\router\index.js:328:13)
    at E:\Random\MediVault_\MEDIVAULT\backend\node_modules\express\lib\router\index.js:286:9
    at Function.process_params (E:\Random\MediVault_\MEDIVAULT\backend\node_modules\express\lib\router\index.js:346:12)
    at next (E:\Random\MediVault_\MEDIVAULT\backend\node_modules\express\lib\router\index.js:280:10)
    at E:\Random\MediVault_\MEDIVAULT\backend\server.js:51:3
    at Layer.handle [as handle_request] (E:\Random\MediVault_\MEDIVAULT\backend\node_modules\express\lib\router\layer.js:95:5)
    at trim_prefix (E:\Random\MediVault_\MEDIVAULT\backend\node_modules\express\lib\router\index.js:328:13)
    at E:\Random\MediVault_\MEDIVAULT\backend\node_modules\express\lib\router\index.js:286:9
2026-03-07 11:01:10 [ERROR]: Error: Route not found: GET /api/doctor/69a93c10b22e1a6ee8f33559/records
    at E:\Random\MediVault_\MEDIVAULT\backend\server.js:137:17
    at Layer.handle [as handle_request] (E:\Random\MediVault_\MEDIVAULT\backend\node_modules\express\lib\router\layer.js:95:5)
    at trim_prefix (E:\Random\MediVault_\MEDIVAULT\backend\node_modules\express\lib\router\index.js:328:13)
    at E:\Random\MediVault_\MEDIVAULT\backend\node_modules\express\lib\router\index.js:286:9
    at Function.process_params (E:\Random\MediVault_\MEDIVAULT\backend\node_modules\express\lib\router\index.js:346:12)
    at next (E:\Random\MediVault_\MEDIVAULT\backend\node_modules\express\lib\router\index.js:280:10)
    at auditMiddleware (E:\Random\MediVault_\MEDIVAULT\backend\middleware\auditMiddleware.js:66:12)
    at Layer.handle [as handle_request] (E:\Random\MediVault_\MEDIVAULT\backend\node_modules\express\lib\router\layer.js:95:5)
    at trim_prefix (E:\Random\MediVault_\MEDIVAULT\backend\node_modules\express\lib\router\index.js:328:13)
    at E:\Random\MediVault_\MEDIVAULT\backend\node_modules\express\lib\router\index.js:286:9
    at Function.process_params (E:\Random\MediVault_\MEDIVAULT\backend\node_modules\express\lib\router\index.js:346:12)
    at next (E:\Random\MediVault_\MEDIVAULT\backend\node_modules\express\lib\router\index.js:280:10)
    at E:\Random\MediVault_\MEDIVAULT\backend\server.js:51:3
    at Layer.handle [as handle_request] (E:\Random\MediVault_\MEDIVAULT\backend\node_modules\express\lib\router\layer.js:95:5)
    at trim_prefix (E:\Random\MediVault_\MEDIVAULT\backend\node_modules\express\lib\router\index.js:328:13)
    at E:\Random\MediVault_\MEDIVAULT\backend\node_modules\express\lib\router\index.js:286:9
2026-03-07 11:01:10 [ERROR]: Error: Route not found: GET /api/doctor/69a93c10b22e1a6ee8f33559/records
    at E:\Random\MediVault_\MEDIVAULT\backend\server.js:137:17
    at Layer.handle [as handle_request] (E:\Random\MediVault_\MEDIVAULT\backend\node_modules\express\lib\router\layer.js:95:5)
    at trim_prefix (E:\Random\MediVault_\MEDIVAULT\backend\node_modules\express\lib\router\index.js:328:13)
    at E:\Random\MediVault_\MEDIVAULT\backend\node_modules\express\lib\router\index.js:286:9
    at Function.process_params (E:\Random\MediVault_\MEDIVAULT\backend\node_modules\express\lib\router\index.js:346:12)
    at next (E:\Random\MediVault_\MEDIVAULT\backend\node_modules\express\lib\router\index.js:280:10)
    at auditMiddleware (E:\Random\MediVault_\MEDIVAULT\backend\middleware\auditMiddleware.js:66:12)
    at Layer.handle [as handle_request] (E:\Random\MediVault_\MEDIVAULT\backend\node_modules\express\lib\router\layer.js:95:5)
    at trim_prefix (E:\Random\MediVault_\MEDIVAULT\backend\node_modules\express\lib\router\index.js:328:13)
    at E:\Random\MediVault_\MEDIVAULT\backend\node_modules\express\lib\router\index.js:286:9
    at Function.process_params (E:\Random\MediVault_\MEDIVAULT\backend\node_modules\express\lib\router\index.js:346:12)
    at next (E:\Random\MediVault_\MEDIVAULT\backend\node_modules\express\lib\router\index.js:280:10)
    at E:\Random\MediVault_\MEDIVAULT\backend\server.js:51:3
    at Layer.handle [as handle_request] (E:\Random\MediVault_\MEDIVAULT\backend\node_modules\express\lib\router\layer.js:95:5)
    at trim_prefix (E:\Random\MediVault_\MEDIVAULT\backend\node_modules\express\lib\router\index.js:328:13)
    at E:\Random\MediVault_\MEDIVAULT\backend\node_modules\express\lib\router\index.js:286:9
2026-03-07 11:02:03 [ERROR]: Error: Route not found: GET /api/doctor/69a93c10b22e1a6ee8f33559/notifications
    at E:\Random\MediVault_\MEDIVAULT\backend\server.js:137:17
    at Layer.handle [as handle_request] (E:\Random\MediVault_\MEDIVAULT\backend\node_modules\express\lib\router\layer.js:95:5)
    at trim_prefix (E:\Random\MediVault_\MEDIVAULT\backend\node_modules\express\lib\router\index.js:328:13)
    at E:\Random\MediVault_\MEDIVAULT\backend\node_modules\express\lib\router\index.js:286:9
    at Function.process_params (E:\Random\MediVault_\MEDIVAULT\backend\node_modules\express\lib\router\index.js:346:12)
    at next (E:\Random\MediVault_\MEDIVAULT\backend\node_modules\express\lib\router\index.js:280:10)
    at auditMiddleware (E:\Random\MediVault_\MEDIVAULT\backend\middleware\auditMiddleware.js:66:12)
    at Layer.handle [as handle_request] (E:\Random\MediVault_\MEDIVAULT\backend\node_modules\express\lib\router\layer.js:95:5)
    at trim_prefix (E:\Random\MediVault_\MEDIVAULT\backend\node_modules\express\lib\router\index.js:328:13)
    at E:\Random\MediVault_\MEDIVAULT\backend\node_modules\express\lib\router\index.js:286:9
    at Function.process_params (E:\Random\MediVault_\MEDIVAULT\backend\node_modules\express\lib\router\index.js:346:12)
    at next (E:\Random\MediVault_\MEDIVAULT\backend\node_modules\express\lib\router\index.js:280:10)
    at E:\Random\MediVault_\MEDIVAULT\backend\server.js:51:3
    at Layer.handle [as handle_request] (E:\Random\MediVault_\MEDIVAULT\backend\node_modules\express\lib\router\layer.js:95:5)
    at trim_prefix (E:\Random\MediVault_\MEDIVAULT\backend\node_modules\express\lib\router\index.js:328:13)
    at E:\Random\MediVault_\MEDIVAULT\backend\node_modules\express\lib\router\index.js:286:9
2026-03-07 11:02:03 [ERROR]: Error: Route not found: GET /api/doctor/69a93c10b22e1a6ee8f33559/notifications
    at E:\Random\MediVault_\MEDIVAULT\backend\server.js:137:17
    at Layer.handle [as handle_request] (E:\Random\MediVault_\MEDIVAULT\backend\node_modules\express\lib\router\layer.js:95:5)
    at trim_prefix (E:\Random\MediVault_\MEDIVAULT\backend\node_modules\express\lib\router\index.js:328:13)
    at E:\Random\MediVault_\MEDIVAULT\backend\node_modules\express\lib\router\index.js:286:9
    at Function.process_params (E:\Random\MediVault_\MEDIVAULT\backend\node_modules\express\lib\router\index.js:346:12)
    at next (E:\Random\MediVault_\MEDIVAULT\backend\node_modules\express\lib\router\index.js:280:10)
    at auditMiddleware (E:\Random\MediVault_\MEDIVAULT\backend\middleware\auditMiddleware.js:66:12)
    at Layer.handle [as handle_request] (E:\Random\MediVault_\MEDIVAULT\backend\node_modules\express\lib\router\layer.js:95:5)
    at trim_prefix (E:\Random\MediVault_\MEDIVAULT\backend\node_modules\express\lib\router\index.js:328:13)
    at E:\Random\MediVault_\MEDIVAULT\backend\node_modules\express\lib\router\index.js:286:9
    at Function.process_params (E:\Random\MediVault_\MEDIVAULT\backend\node_modules\express\lib\router\index.js:346:12)
    at next (E:\Random\MediVault_\MEDIVAULT\backend\node_modules\express\lib\router\index.js:280:10)
    at E:\Random\MediVault_\MEDIVAULT\backend\server.js:51:3
    at Layer.handle [as handle_request] (E:\Random\MediVault_\MEDIVAULT\backend\node_modules\express\lib\router\layer.js:95:5)
    at trim_prefix (E:\Random\MediVault_\MEDIVAULT\backend\node_modules\express\lib\router\index.js:328:13)
    at E:\Random\MediVault_\MEDIVAULT\backend\node_modules\express\lib\router\index.js:286:9
2026-03-07 11:02:04 [ERROR]: Error: Route not found: GET /api/doctor/69a93c10b22e1a6ee8f33559
    at E:\Random\MediVault_\MEDIVAULT\backend\server.js:137:17
    at Layer.handle [as handle_request] (E:\Random\MediVault_\MEDIVAULT\backend\node_modules\express\lib\router\layer.js:95:5)
    at trim_prefix (E:\Random\MediVault_\MEDIVAULT\backend\node_modules\express\lib\router\index.js:328:13)
    at E:\Random\MediVault_\MEDIVAULT\backend\node_modules\express\lib\router\index.js:286:9
    at Function.process_params (E:\Random\MediVault_\MEDIVAULT\backend\node_modules\express\lib\router\index.js:346:12)
    at next (E:\Random\MediVault_\MEDIVAULT\backend\node_modules\express\lib\router\index.js:280:10)
    at auditMiddleware (E:\Random\MediVault_\MEDIVAULT\backend\middleware\auditMiddleware.js:66:12)
    at Layer.handle [as handle_request] (E:\Random\MediVault_\MEDIVAULT\backend\node_modules\express\lib\router\layer.js:95:5)
    at trim_prefix (E:\Random\MediVault_\MEDIVAULT\backend\node_modules\express\lib\router\index.js:328:13)
    at E:\Random\MediVault_\MEDIVAULT\backend\node_modules\express\lib\router\index.js:286:9
    at Function.process_params (E:\Random\MediVault_\MEDIVAULT\backend\node_modules\express\lib\router\index.js:346:12)
    at next (E:\Random\MediVault_\MEDIVAULT\backend\node_modules\express\lib\router\index.js:280:10)
    at E:\Random\MediVault_\MEDIVAULT\backend\server.js:51:3
    at Layer.handle [as handle_request] (E:\Random\MediVault_\MEDIVAULT\backend\node_modules\express\lib\router\layer.js:95:5)
    at trim_prefix (E:\Random\MediVault_\MEDIVAULT\backend\node_modules\express\lib\router\index.js:328:13)
    at E:\Random\MediVault_\MEDIVAULT\backend\node_modules\express\lib\router\index.js:286:9
2026-03-07 11:02:04 [ERROR]: Error: Route not found: GET /api/doctor/69a93c10b22e1a6ee8f33559
    at E:\Random\MediVault_\MEDIVAULT\backend\server.js:137:17
    at Layer.handle [as handle_request] (E:\Random\MediVault_\MEDIVAULT\backend\node_modules\express\lib\router\layer.js:95:5)
    at trim_prefix (E:\Random\MediVault_\MEDIVAULT\backend\node_modules\express\lib\router\index.js:328:13)
    at E:\Random\MediVault_\MEDIVAULT\backend\node_modules\express\lib\router\index.js:286:9
    at Function.process_params (E:\Random\MediVault_\MEDIVAULT\backend\node_modules\express\lib\router\index.js:346:12)
    at next (E:\Random\MediVault_\MEDIVAULT\backend\node_modules\express\lib\router\index.js:280:10)
    at auditMiddleware (E:\Random\MediVault_\MEDIVAULT\backend\middleware\auditMiddleware.js:66:12)
    at Layer.handle [as handle_request] (E:\Random\MediVault_\MEDIVAULT\backend\node_modules\express\lib\router\layer.js:95:5)
    at trim_prefix (E:\Random\MediVault_\MEDIVAULT\backend\node_modules\express\lib\router\index.js:328:13)
    at E:\Random\MediVault_\MEDIVAULT\backend\node_modules\express\lib\router\index.js:286:9
    at Function.process_params (E:\Random\MediVault_\MEDIVAULT\backend\node_modules\express\lib\router\index.js:346:12)
    at next (E:\Random\MediVault_\MEDIVAULT\backend\node_modules\express\lib\router\index.js:280:10)
    at E:\Random\MediVault_\MEDIVAULT\backend\server.js:51:3
    at Layer.handle [as handle_request] (E:\Random\MediVault_\MEDIVAULT\backend\node_modules\express\lib\router\layer.js:95:5)
    at trim_prefix (E:\Random\MediVault_\MEDIVAULT\backend\node_modules\express\lib\router\index.js:328:13)
    at E:\Random\MediVault_\MEDIVAULT\backend\node_modules\express\lib\router\index.js:286:9
2026-03-07 11:02:19 [ERROR]: Error: Route not found: GET /api/doctor/69a93c10b22e1a6ee8f33559/records
    at E:\Random\MediVault_\MEDIVAULT\backend\server.js:137:17
    at Layer.handle [as handle_request] (E:\Random\MediVault_\MEDIVAULT\backend\node_modules\express\lib\router\layer.js:95:5)
    at trim_prefix (E:\Random\MediVault_\MEDIVAULT\backend\node_modules\express\lib\router\index.js:328:13)
    at E:\Random\MediVault_\MEDIVAULT\backend\node_modules\express\lib\router\index.js:286:9
    at Function.process_params (E:\Random\MediVault_\MEDIVAULT\backend\node_modules\express\lib\router\index.js:346:12)
    at next (E:\Random\MediVault_\MEDIVAULT\backend\node_modules\express\lib\router\index.js:280:10)
    at auditMiddleware (E:\Random\MediVault_\MEDIVAULT\backend\middleware\auditMiddleware.js:66:12)
    at Layer.handle [as handle_request] (E:\Random\MediVault_\MEDIVAULT\backend\node_modules\express\lib\router\layer.js:95:5)
    at trim_prefix (E:\Random\MediVault_\MEDIVAULT\backend\node_modules\express\lib\router\index.js:328:13)
    at E:\Random\MediVault_\MEDIVAULT\backend\node_modules\express\lib\router\index.js:286:9
    at Function.process_params (E:\Random\MediVault_\MEDIVAULT\backend\node_modules\express\lib\router\index.js:346:12)
    at next (E:\Random\MediVault_\MEDIVAULT\backend\node_modules\express\lib\router\index.js:280:10)
    at E:\Random\MediVault_\MEDIVAULT\backend\server.js:51:3
    at Layer.handle [as handle_request] (E:\Random\MediVault_\MEDIVAULT\backend\node_modules\express\lib\router\layer.js:95:5)
    at trim_prefix (E:\Random\MediVault_\MEDIVAULT\backend\node_modules\express\lib\router\index.js:328:13)
    at E:\Random\MediVault_\MEDIVAULT\backend\node_modules\express\lib\router\index.js:286:9
2026-03-07 11:02:19 [ERROR]: Error: Route not found: GET /api/doctor/69a93c10b22e1a6ee8f33559/records
    at E:\Random\MediVault_\MEDIVAULT\backend\server.js:137:17
    at Layer.handle [as handle_request] (E:\Random\MediVault_\MEDIVAULT\backend\node_modules\express\lib\router\layer.js:95:5)
    at trim_prefix (E:\Random\MediVault_\MEDIVAULT\backend\node_modules\express\lib\router\index.js:328:13)
    at E:\Random\MediVault_\MEDIVAULT\backend\node_modules\express\lib\router\index.js:286:9
    at Function.process_params (E:\Random\MediVault_\MEDIVAULT\backend\node_modules\express\lib\router\index.js:346:12)
    at next (E:\Random\MediVault_\MEDIVAULT\backend\node_modules\express\lib\router\index.js:280:10)
    at auditMiddleware (E:\Random\MediVault_\MEDIVAULT\backend\middleware\auditMiddleware.js:66:12)
    at Layer.handle [as handle_request] (E:\Random\MediVault_\MEDIVAULT\backend\node_modules\express\lib\router\layer.js:95:5)
    at trim_prefix (E:\Random\MediVault_\MEDIVAULT\backend\node_modules\express\lib\router\index.js:328:13)
    at E:\Random\MediVault_\MEDIVAULT\backend\node_modules\express\lib\router\index.js:286:9
    at Function.process_params (E:\Random\MediVault_\MEDIVAULT\backend\node_modules\express\lib\router\index.js:346:12)
    at next (E:\Random\MediVault_\MEDIVAULT\backend\node_modules\express\lib\router\index.js:280:10)
    at E:\Random\MediVault_\MEDIVAULT\backend\server.js:51:3
    at Layer.handle [as handle_request] (E:\Random\MediVault_\MEDIVAULT\backend\node_modules\express\lib\router\layer.js:95:5)
    at trim_prefix (E:\Random\MediVault_\MEDIVAULT\backend\node_modules\express\lib\router\index.js:328:13)
    at E:\Random\MediVault_\MEDIVAULT\backend\node_modules\express\lib\router\index.js:286:9
2026-03-07 11:03:33 [ERROR]: Error: Route not found: GET /api/appointments/patient/69a93a44b22e1a6ee8f33553
    at E:\Random\MediVault_\MEDIVAULT\backend\server.js:137:17
    at Layer.handle [as handle_request] (E:\Random\MediVault_\MEDIVAULT\backend\node_modules\express\lib\router\layer.js:95:5)
    at trim_prefix (E:\Random\MediVault_\MEDIVAULT\backend\node_modules\express\lib\router\index.js:328:13)
    at E:\Random\MediVault_\MEDIVAULT\backend\node_modules\express\lib\router\index.js:286:9
    at Function.process_params (E:\Random\MediVault_\MEDIVAULT\backend\node_modules\express\lib\router\index.js:346:12)
    at next (E:\Random\MediVault_\MEDIVAULT\backend\node_modules\express\lib\router\index.js:280:10)
    at E:\Random\MediVault_\MEDIVAULT\backend\node_modules\express\lib\router\index.js:646:15
    at next (E:\Random\MediVault_\MEDIVAULT\backend\node_modules\express\lib\router\index.js:265:14)
    at Function.handle (E:\Random\MediVault_\MEDIVAULT\backend\node_modules\express\lib\router\index.js:175:3)
    at router (E:\Random\MediVault_\MEDIVAULT\backend\node_modules\express\lib\router\index.js:47:12)
    at Layer.handle [as handle_request] (E:\Random\MediVault_\MEDIVAULT\backend\node_modules\express\lib\router\layer.js:95:5)
    at trim_prefix (E:\Random\MediVault_\MEDIVAULT\backend\node_modules\express\lib\router\index.js:328:13)
    at E:\Random\MediVault_\MEDIVAULT\backend\node_modules\express\lib\router\index.js:286:9
    at Function.process_params (E:\Random\MediVault_\MEDIVAULT\backend\node_modules\express\lib\router\index.js:346:12)
    at next (E:\Random\MediVault_\MEDIVAULT\backend\node_modules\express\lib\router\index.js:280:10)
    at auditMiddleware (E:\Random\MediVault_\MEDIVAULT\backend\middleware\auditMiddleware.js:66:12)
2026-03-07 11:03:33 [ERROR]: Error: Route not found: GET /api/appointments/patient/69a93a44b22e1a6ee8f33553
    at E:\Random\MediVault_\MEDIVAULT\backend\server.js:137:17
    at Layer.handle [as handle_request] (E:\Random\MediVault_\MEDIVAULT\backend\node_modules\express\lib\router\layer.js:95:5)
    at trim_prefix (E:\Random\MediVault_\MEDIVAULT\backend\node_modules\express\lib\router\index.js:328:13)
    at E:\Random\MediVault_\MEDIVAULT\backend\node_modules\express\lib\router\index.js:286:9
    at Function.process_params (E:\Random\MediVault_\MEDIVAULT\backend\node_modules\express\lib\router\index.js:346:12)
    at next (E:\Random\MediVault_\MEDIVAULT\backend\node_modules\express\lib\router\index.js:280:10)
    at E:\Random\MediVault_\MEDIVAULT\backend\node_modules\express\lib\router\index.js:646:15
    at next (E:\Random\MediVault_\MEDIVAULT\backend\node_modules\express\lib\router\index.js:265:14)
    at Function.handle (E:\Random\MediVault_\MEDIVAULT\backend\node_modules\express\lib\router\index.js:175:3)
    at router (E:\Random\MediVault_\MEDIVAULT\backend\node_modules\express\lib\router\index.js:47:12)
    at Layer.handle [as handle_request] (E:\Random\MediVault_\MEDIVAULT\backend\node_modules\express\lib\router\layer.js:95:5)
    at trim_prefix (E:\Random\MediVault_\MEDIVAULT\backend\node_modules\express\lib\router\index.js:328:13)
    at E:\Random\MediVault_\MEDIVAULT\backend\node_modules\express\lib\router\index.js:286:9
    at Function.process_params (E:\Random\MediVault_\MEDIVAULT\backend\node_modules\express\lib\router\index.js:346:12)
    at next (E:\Random\MediVault_\MEDIVAULT\backend\node_modules\express\lib\router\index.js:280:10)
    at auditMiddleware (E:\Random\MediVault_\MEDIVAULT\backend\middleware\auditMiddleware.js:66:12)
2026-03-07 11:03:43 [ERROR]: Error: Route not found: GET /api/appointments/patient/69a93a44b22e1a6ee8f33553
    at E:\Random\MediVault_\MEDIVAULT\backend\server.js:137:17
    at Layer.handle [as handle_request] (E:\Random\MediVault_\MEDIVAULT\backend\node_modules\express\lib\router\layer.js:95:5)
    at trim_prefix (E:\Random\MediVault_\MEDIVAULT\backend\node_modules\express\lib\router\index.js:328:13)
    at E:\Random\MediVault_\MEDIVAULT\backend\node_modules\express\lib\router\index.js:286:9
    at Function.process_params (E:\Random\MediVault_\MEDIVAULT\backend\node_modules\express\lib\router\index.js:346:12)
    at next (E:\Random\MediVault_\MEDIVAULT\backend\node_modules\express\lib\router\index.js:280:10)
    at E:\Random\MediVault_\MEDIVAULT\backend\node_modules\express\lib\router\index.js:646:15
    at next (E:\Random\MediVault_\MEDIVAULT\backend\node_modules\express\lib\router\index.js:265:14)
    at Function.handle (E:\Random\MediVault_\MEDIVAULT\backend\node_modules\express\lib\router\index.js:175:3)
    at router (E:\Random\MediVault_\MEDIVAULT\backend\node_modules\express\lib\router\index.js:47:12)
    at Layer.handle [as handle_request] (E:\Random\MediVault_\MEDIVAULT\backend\node_modules\express\lib\router\layer.js:95:5)
    at trim_prefix (E:\Random\MediVault_\MEDIVAULT\backend\node_modules\express\lib\router\index.js:328:13)
    at E:\Random\MediVault_\MEDIVAULT\backend\node_modules\express\lib\router\index.js:286:9
    at Function.process_params (E:\Random\MediVault_\MEDIVAULT\backend\node_modules\express\lib\router\index.js:346:12)
    at next (E:\Random\MediVault_\MEDIVAULT\backend\node_modules\express\lib\router\index.js:280:10)
    at auditMiddleware (E:\Random\MediVault_\MEDIVAULT\backend\middleware\auditMiddleware.js:66:12)
2026-03-07 11:03:43 [ERROR]: Error: Route not found: GET /api/appointments/patient/69a93a44b22e1a6ee8f33553
    at E:\Random\MediVault_\MEDIVAULT\backend\server.js:137:17
    at Layer.handle [as handle_request] (E:\Random\MediVault_\MEDIVAULT\backend\node_modules\express\lib\router\layer.js:95:5)
    at trim_prefix (E:\Random\MediVault_\MEDIVAULT\backend\node_modules\express\lib\router\index.js:328:13)
    at E:\Random\MediVault_\MEDIVAULT\backend\node_modules\express\lib\router\index.js:286:9
    at Function.process_params (E:\Random\MediVault_\MEDIVAULT\backend\node_modules\express\lib\router\index.js:346:12)
    at next (E:\Random\MediVault_\MEDIVAULT\backend\node_modules\express\lib\router\index.js:280:10)
    at E:\Random\MediVault_\MEDIVAULT\backend\node_modules\express\lib\router\index.js:646:15
    at next (E:\Random\MediVault_\MEDIVAULT\backend\node_modules\express\lib\router\index.js:265:14)
    at Function.handle (E:\Random\MediVault_\MEDIVAULT\backend\node_modules\express\lib\router\index.js:175:3)
    at router (E:\Random\MediVault_\MEDIVAULT\backend\node_modules\express\lib\router\index.js:47:12)
    at Layer.handle [as handle_request] (E:\Random\MediVault_\MEDIVAULT\backend\node_modules\express\lib\router\layer.js:95:5)
    at trim_prefix (E:\Random\MediVault_\MEDIVAULT\backend\node_modules\express\lib\router\index.js:328:13)
    at E:\Random\MediVault_\MEDIVAULT\backend\node_modules\express\lib\router\index.js:286:9
    at Function.process_params (E:\Random\MediVault_\MEDIVAULT\backend\node_modules\express\lib\router\index.js:346:12)
    at next (E:\Random\MediVault_\MEDIVAULT\backend\node_modules\express\lib\router\index.js:280:10)
    at auditMiddleware (E:\Random\MediVault_\MEDIVAULT\backend\middleware\auditMiddleware.js:66:12)
2026-03-07 11:08:13 [ERROR]: Error: Route not found: GET /api/appointments/patient/69a93a44b22e1a6ee8f33553
    at E:\Random\MediVault_\MEDIVAULT\backend\server.js:137:17
    at Layer.handle [as handle_request] (E:\Random\MediVault_\MEDIVAULT\backend\node_modules\express\lib\router\layer.js:95:5)
    at trim_prefix (E:\Random\MediVault_\MEDIVAULT\backend\node_modules\express\lib\router\index.js:328:13)
    at E:\Random\MediVault_\MEDIVAULT\backend\node_modules\express\lib\router\index.js:286:9
    at Function.process_params (E:\Random\MediVault_\MEDIVAULT\backend\node_modules\express\lib\router\index.js:346:12)
    at next (E:\Random\MediVault_\MEDIVAULT\backend\node_modules\express\lib\router\index.js:280:10)
    at E:\Random\MediVault_\MEDIVAULT\backend\node_modules\express\lib\router\index.js:646:15
    at next (E:\Random\MediVault_\MEDIVAULT\backend\node_modules\express\lib\router\index.js:265:14)
    at Function.handle (E:\Random\MediVault_\MEDIVAULT\backend\node_modules\express\lib\router\index.js:175:3)
    at router (E:\Random\MediVault_\MEDIVAULT\backend\node_modules\express\lib\router\index.js:47:12)
    at Layer.handle [as handle_request] (E:\Random\MediVault_\MEDIVAULT\backend\node_modules\express\lib\router\layer.js:95:5)
    at trim_prefix (E:\Random\MediVault_\MEDIVAULT\backend\node_modules\express\lib\router\index.js:328:13)
    at E:\Random\MediVault_\MEDIVAULT\backend\node_modules\express\lib\router\index.js:286:9
    at Function.process_params (E:\Random\MediVault_\MEDIVAULT\backend\node_modules\express\lib\router\index.js:346:12)
    at next (E:\Random\MediVault_\MEDIVAULT\backend\node_modules\express\lib\router\index.js:280:10)
    at auditMiddleware (E:\Random\MediVault_\MEDIVAULT\backend\middleware\auditMiddleware.js:66:12)
2026-03-07 11:08:13 [ERROR]: Error: Route not found: GET /api/appointments/patient/69a93a44b22e1a6ee8f33553
    at E:\Random\MediVault_\MEDIVAULT\backend\server.js:137:17
    at Layer.handle [as handle_request] (E:\Random\MediVault_\MEDIVAULT\backend\node_modules\express\lib\router\layer.js:95:5)
    at trim_prefix (E:\Random\MediVault_\MEDIVAULT\backend\node_modules\express\lib\router\index.js:328:13)
    at E:\Random\MediVault_\MEDIVAULT\backend\node_modules\express\lib\router\index.js:286:9
    at Function.process_params (E:\Random\MediVault_\MEDIVAULT\backend\node_modules\express\lib\router\index.js:346:12)
    at next (E:\Random\MediVault_\MEDIVAULT\backend\node_modules\express\lib\router\index.js:280:10)
    at E:\Random\MediVault_\MEDIVAULT\backend\node_modules\express\lib\router\index.js:646:15
    at next (E:\Random\MediVault_\MEDIVAULT\backend\node_modules\express\lib\router\index.js:265:14)
    at Function.handle (E:\Random\MediVault_\MEDIVAULT\backend\node_modules\express\lib\router\index.js:175:3)
    at router (E:\Random\MediVault_\MEDIVAULT\backend\node_modules\express\lib\router\index.js:47:12)
    at Layer.handle [as handle_request] (E:\Random\MediVault_\MEDIVAULT\backend\node_modules\express\lib\router\layer.js:95:5)
    at trim_prefix (E:\Random\MediVault_\MEDIVAULT\backend\node_modules\express\lib\router\index.js:328:13)
    at E:\Random\MediVault_\MEDIVAULT\backend\node_modules\express\lib\router\index.js:286:9
    at Function.process_params (E:\Random\MediVault_\MEDIVAULT\backend\node_modules\express\lib\router\index.js:346:12)
    at next (E:\Random\MediVault_\MEDIVAULT\backend\node_modules\express\lib\router\index.js:280:10)
    at auditMiddleware (E:\Random\MediVault_\MEDIVAULT\backend\middleware\auditMiddleware.js:66:12)
2026-03-07 11:08:35 [ERROR]: Error: Route not found: GET /api/notifications/patient/69a93a44b22e1a6ee8f33553
    at E:\Random\MediVault_\MEDIVAULT\backend\server.js:137:17
    at Layer.handle [as handle_request] (E:\Random\MediVault_\MEDIVAULT\backend\node_modules\express\lib\router\layer.js:95:5)
    at trim_prefix (E:\Random\MediVault_\MEDIVAULT\backend\node_modules\express\lib\router\index.js:328:13)
    at E:\Random\MediVault_\MEDIVAULT\backend\node_modules\express\lib\router\index.js:286:9
    at Function.process_params (E:\Random\MediVault_\MEDIVAULT\backend\node_modules\express\lib\router\index.js:346:12)
    at next (E:\Random\MediVault_\MEDIVAULT\backend\node_modules\express\lib\router\index.js:280:10)
    at E:\Random\MediVault_\MEDIVAULT\backend\node_modules\express\lib\router\index.js:646:15
    at next (E:\Random\MediVault_\MEDIVAULT\backend\node_modules\express\lib\router\index.js:265:14)
    at Function.handle (E:\Random\MediVault_\MEDIVAULT\backend\node_modules\express\lib\router\index.js:175:3)
    at router (E:\Random\MediVault_\MEDIVAULT\backend\node_modules\express\lib\router\index.js:47:12)
    at Layer.handle [as handle_request] (E:\Random\MediVault_\MEDIVAULT\backend\node_modules\express\lib\router\layer.js:95:5)
    at trim_prefix (E:\Random\MediVault_\MEDIVAULT\backend\node_modules\express\lib\router\index.js:328:13)
    at E:\Random\MediVault_\MEDIVAULT\backend\node_modules\express\lib\router\index.js:286:9
    at Function.process_params (E:\Random\MediVault_\MEDIVAULT\backend\node_modules\express\lib\router\index.js:346:12)
    at next (E:\Random\MediVault_\MEDIVAULT\backend\node_modules\express\lib\router\index.js:280:10)
    at auditMiddleware (E:\Random\MediVault_\MEDIVAULT\backend\middleware\auditMiddleware.js:66:12)
2026-03-07 11:08:35 [ERROR]: Error: Route not found: GET /api/notifications/patient/69a93a44b22e1a6ee8f33553
    at E:\Random\MediVault_\MEDIVAULT\backend\server.js:137:17
    at Layer.handle [as handle_request] (E:\Random\MediVault_\MEDIVAULT\backend\node_modules\express\lib\router\layer.js:95:5)
    at trim_prefix (E:\Random\MediVault_\MEDIVAULT\backend\node_modules\express\lib\router\index.js:328:13)
    at E:\Random\MediVault_\MEDIVAULT\backend\node_modules\express\lib\router\index.js:286:9
    at Function.process_params (E:\Random\MediVault_\MEDIVAULT\backend\node_modules\express\lib\router\index.js:346:12)
    at next (E:\Random\MediVault_\MEDIVAULT\backend\node_modules\express\lib\router\index.js:280:10)
    at E:\Random\MediVault_\MEDIVAULT\backend\node_modules\express\lib\router\index.js:646:15
    at next (E:\Random\MediVault_\MEDIVAULT\backend\node_modules\express\lib\router\index.js:265:14)
    at Function.handle (E:\Random\MediVault_\MEDIVAULT\backend\node_modules\express\lib\router\index.js:175:3)
    at router (E:\Random\MediVault_\MEDIVAULT\backend\node_modules\express\lib\router\index.js:47:12)
    at Layer.handle [as handle_request] (E:\Random\MediVault_\MEDIVAULT\backend\node_modules\express\lib\router\layer.js:95:5)
    at trim_prefix (E:\Random\MediVault_\MEDIVAULT\backend\node_modules\express\lib\router\index.js:328:13)
    at E:\Random\MediVault_\MEDIVAULT\backend\node_modules\express\lib\router\index.js:286:9
    at Function.process_params (E:\Random\MediVault_\MEDIVAULT\backend\node_modules\express\lib\router\index.js:346:12)
    at next (E:\Random\MediVault_\MEDIVAULT\backend\node_modules\express\lib\router\index.js:280:10)
    at auditMiddleware (E:\Random\MediVault_\MEDIVAULT\backend\middleware\auditMiddleware.js:66:12)
2026-03-07 11:34:32 [ERROR]: Error: Route not found: GET /api/appointments/patient/69a93a44b22e1a6ee8f33553
    at E:\Random\MediVault_\MEDIVAULT\backend\server.js:137:17
    at Layer.handle [as handle_request] (E:\Random\MediVault_\MEDIVAULT\backend\node_modules\express\lib\router\layer.js:95:5)
    at trim_prefix (E:\Random\MediVault_\MEDIVAULT\backend\node_modules\express\lib\router\index.js:328:13)
    at E:\Random\MediVault_\MEDIVAULT\backend\node_modules\express\lib\router\index.js:286:9
    at Function.process_params (E:\Random\MediVault_\MEDIVAULT\backend\node_modules\express\lib\router\index.js:346:12)
    at next (E:\Random\MediVault_\MEDIVAULT\backend\node_modules\express\lib\router\index.js:280:10)
    at E:\Random\MediVault_\MEDIVAULT\backend\node_modules\express\lib\router\index.js:646:15
    at next (E:\Random\MediVault_\MEDIVAULT\backend\node_modules\express\lib\router\index.js:265:14)
    at Function.handle (E:\Random\MediVault_\MEDIVAULT\backend\node_modules\express\lib\router\index.js:175:3)
    at router (E:\Random\MediVault_\MEDIVAULT\backend\node_modules\express\lib\router\index.js:47:12)
    at Layer.handle [as handle_request] (E:\Random\MediVault_\MEDIVAULT\backend\node_modules\express\lib\router\layer.js:95:5)
    at trim_prefix (E:\Random\MediVault_\MEDIVAULT\backend\node_modules\express\lib\router\index.js:328:13)
    at E:\Random\MediVault_\MEDIVAULT\backend\node_modules\express\lib\router\index.js:286:9
    at Function.process_params (E:\Random\MediVault_\MEDIVAULT\backend\node_modules\express\lib\router\index.js:346:12)
    at next (E:\Random\MediVault_\MEDIVAULT\backend\node_modules\express\lib\router\index.js:280:10)
    at auditMiddleware (E:\Random\MediVault_\MEDIVAULT\backend\middleware\auditMiddleware.js:66:12)
2026-03-07 11:34:32 [ERROR]: Error: Route not found: GET /api/appointments/patient/69a93a44b22e1a6ee8f33553
    at E:\Random\MediVault_\MEDIVAULT\backend\server.js:137:17
    at Layer.handle [as handle_request] (E:\Random\MediVault_\MEDIVAULT\backend\node_modules\express\lib\router\layer.js:95:5)
    at trim_prefix (E:\Random\MediVault_\MEDIVAULT\backend\node_modules\express\lib\router\index.js:328:13)
    at E:\Random\MediVault_\MEDIVAULT\backend\node_modules\express\lib\router\index.js:286:9
    at Function.process_params (E:\Random\MediVault_\MEDIVAULT\backend\node_modules\express\lib\router\index.js:346:12)
    at next (E:\Random\MediVault_\MEDIVAULT\backend\node_modules\express\lib\router\index.js:280:10)
    at E:\Random\MediVault_\MEDIVAULT\backend\node_modules\express\lib\router\index.js:646:15
    at next (E:\Random\MediVault_\MEDIVAULT\backend\node_modules\express\lib\router\index.js:265:14)
    at Function.handle (E:\Random\MediVault_\MEDIVAULT\backend\node_modules\express\lib\router\index.js:175:3)
    at router (E:\Random\MediVault_\MEDIVAULT\backend\node_modules\express\lib\router\index.js:47:12)
    at Layer.handle [as handle_request] (E:\Random\MediVault_\MEDIVAULT\backend\node_modules\express\lib\router\layer.js:95:5)
    at trim_prefix (E:\Random\MediVault_\MEDIVAULT\backend\node_modules\express\lib\router\index.js:328:13)
    at E:\Random\MediVault_\MEDIVAULT\backend\node_modules\express\lib\router\index.js:286:9
    at Function.process_params (E:\Random\MediVault_\MEDIVAULT\backend\node_modules\express\lib\router\index.js:346:12)
    at next (E:\Random\MediVault_\MEDIVAULT\backend\node_modules\express\lib\router\index.js:280:10)
    at auditMiddleware (E:\Random\MediVault_\MEDIVAULT\backend\middleware\auditMiddleware.js:66:12)
2026-03-07 11:34:39 [ERROR]: Error: Route not found: GET /api/appointments/patient/69a93a44b22e1a6ee8f33553
    at E:\Random\MediVault_\MEDIVAULT\backend\server.js:137:17
    at Layer.handle [as handle_request] (E:\Random\MediVault_\MEDIVAULT\backend\node_modules\express\lib\router\layer.js:95:5)
    at trim_prefix (E:\Random\MediVault_\MEDIVAULT\backend\node_modules\express\lib\router\index.js:328:13)
    at E:\Random\MediVault_\MEDIVAULT\backend\node_modules\express\lib\router\index.js:286:9
    at Function.process_params (E:\Random\MediVault_\MEDIVAULT\backend\node_modules\express\lib\router\index.js:346:12)
    at next (E:\Random\MediVault_\MEDIVAULT\backend\node_modules\express\lib\router\index.js:280:10)
    at E:\Random\MediVault_\MEDIVAULT\backend\node_modules\express\lib\router\index.js:646:15
    at next (E:\Random\MediVault_\MEDIVAULT\backend\node_modules\express\lib\router\index.js:265:14)
    at Function.handle (E:\Random\MediVault_\MEDIVAULT\backend\node_modules\express\lib\router\index.js:175:3)
    at router (E:\Random\MediVault_\MEDIVAULT\backend\node_modules\express\lib\router\index.js:47:12)
    at Layer.handle [as handle_request] (E:\Random\MediVault_\MEDIVAULT\backend\node_modules\express\lib\router\layer.js:95:5)
    at trim_prefix (E:\Random\MediVault_\MEDIVAULT\backend\node_modules\express\lib\router\index.js:328:13)
    at E:\Random\MediVault_\MEDIVAULT\backend\node_modules\express\lib\router\index.js:286:9
    at Function.process_params (E:\Random\MediVault_\MEDIVAULT\backend\node_modules\express\lib\router\index.js:346:12)
    at next (E:\Random\MediVault_\MEDIVAULT\backend\node_modules\express\lib\router\index.js:280:10)
    at auditMiddleware (E:\Random\MediVault_\MEDIVAULT\backend\middleware\auditMiddleware.js:66:12)
2026-03-07 11:34:39 [ERROR]: Error: Route not found: GET /api/appointments/patient/69a93a44b22e1a6ee8f33553
    at E:\Random\MediVault_\MEDIVAULT\backend\server.js:137:17
    at Layer.handle [as handle_request] (E:\Random\MediVault_\MEDIVAULT\backend\node_modules\express\lib\router\layer.js:95:5)
    at trim_prefix (E:\Random\MediVault_\MEDIVAULT\backend\node_modules\express\lib\router\index.js:328:13)
    at E:\Random\MediVault_\MEDIVAULT\backend\node_modules\express\lib\router\index.js:286:9
    at Function.process_params (E:\Random\MediVault_\MEDIVAULT\backend\node_modules\express\lib\router\index.js:346:12)
    at next (E:\Random\MediVault_\MEDIVAULT\backend\node_modules\express\lib\router\index.js:280:10)
    at E:\Random\MediVault_\MEDIVAULT\backend\node_modules\express\lib\router\index.js:646:15
    at next (E:\Random\MediVault_\MEDIVAULT\backend\node_modules\express\lib\router\index.js:265:14)
    at Function.handle (E:\Random\MediVault_\MEDIVAULT\backend\node_modules\express\lib\router\index.js:175:3)
    at router (E:\Random\MediVault_\MEDIVAULT\backend\node_modules\express\lib\router\index.js:47:12)
    at Layer.handle [as handle_request] (E:\Random\MediVault_\MEDIVAULT\backend\node_modules\express\lib\router\layer.js:95:5)
    at trim_prefix (E:\Random\MediVault_\MEDIVAULT\backend\node_modules\express\lib\router\index.js:328:13)
    at E:\Random\MediVault_\MEDIVAULT\backend\node_modules\express\lib\router\index.js:286:9
    at Function.process_params (E:\Random\MediVault_\MEDIVAULT\backend\node_modules\express\lib\router\index.js:346:12)
    at next (E:\Random\MediVault_\MEDIVAULT\backend\node_modules\express\lib\router\index.js:280:10)
    at auditMiddleware (E:\Random\MediVault_\MEDIVAULT\backend\middleware\auditMiddleware.js:66:12)
2026-03-07 18:06:27 [ERROR]: Error: Route not found: GET /api/doctor/69ac19822f775d236dd35f73/appointments
    at E:\Random\MediVault_\MEDIVAULT\backend\server.js:137:17
    at Layer.handle [as handle_request] (E:\Random\MediVault_\MEDIVAULT\backend\node_modules\express\lib\router\layer.js:95:5)
    at trim_prefix (E:\Random\MediVault_\MEDIVAULT\backend\node_modules\express\lib\router\index.js:328:13)
    at E:\Random\MediVault_\MEDIVAULT\backend\node_modules\express\lib\router\index.js:286:9
    at Function.process_params (E:\Random\MediVault_\MEDIVAULT\backend\node_modules\express\lib\router\index.js:346:12)
    at next (E:\Random\MediVault_\MEDIVAULT\backend\node_modules\express\lib\router\index.js:280:10)
    at auditMiddleware (E:\Random\MediVault_\MEDIVAULT\backend\middleware\auditMiddleware.js:66:12)
    at Layer.handle [as handle_request] (E:\Random\MediVault_\MEDIVAULT\backend\node_modules\express\lib\router\layer.js:95:5)
    at trim_prefix (E:\Random\MediVault_\MEDIVAULT\backend\node_modules\express\lib\router\index.js:328:13)
    at E:\Random\MediVault_\MEDIVAULT\backend\node_modules\express\lib\router\index.js:286:9
    at Function.process_params (E:\Random\MediVault_\MEDIVAULT\backend\node_modules\express\lib\router\index.js:346:12)
    at next (E:\Random\MediVault_\MEDIVAULT\backend\node_modules\express\lib\router\index.js:280:10)
    at E:\Random\MediVault_\MEDIVAULT\backend\server.js:51:3
    at Layer.handle [as handle_request] (E:\Random\MediVault_\MEDIVAULT\backend\node_modules\express\lib\router\layer.js:95:5)
    at trim_prefix (E:\Random\MediVault_\MEDIVAULT\backend\node_modules\express\lib\router\index.js:328:13)
    at E:\Random\MediVault_\MEDIVAULT\backend\node_modules\express\lib\router\index.js:286:9
2026-03-07 18:06:27 [ERROR]: Error: Route not found: GET /api/doctor/69ac19822f775d236dd35f73/appointments
    at E:\Random\MediVault_\MEDIVAULT\backend\server.js:137:17
    at Layer.handle [as handle_request] (E:\Random\MediVault_\MEDIVAULT\backend\node_modules\express\lib\router\layer.js:95:5)
    at trim_prefix (E:\Random\MediVault_\MEDIVAULT\backend\node_modules\express\lib\router\index.js:328:13)
    at E:\Random\MediVault_\MEDIVAULT\backend\node_modules\express\lib\router\index.js:286:9
    at Function.process_params (E:\Random\MediVault_\MEDIVAULT\backend\node_modules\express\lib\router\index.js:346:12)
    at next (E:\Random\MediVault_\MEDIVAULT\backend\node_modules\express\lib\router\index.js:280:10)
    at auditMiddleware (E:\Random\MediVault_\MEDIVAULT\backend\middleware\auditMiddleware.js:66:12)
    at Layer.handle [as handle_request] (E:\Random\MediVault_\MEDIVAULT\backend\node_modules\express\lib\router\layer.js:95:5)
    at trim_prefix (E:\Random\MediVault_\MEDIVAULT\backend\node_modules\express\lib\router\index.js:328:13)
    at E:\Random\MediVault_\MEDIVAULT\backend\node_modules\express\lib\router\index.js:286:9
    at Function.process_params (E:\Random\MediVault_\MEDIVAULT\backend\node_modules\express\lib\router\index.js:346:12)
    at next (E:\Random\MediVault_\MEDIVAULT\backend\node_modules\express\lib\router\index.js:280:10)
    at E:\Random\MediVault_\MEDIVAULT\backend\server.js:51:3
    at Layer.handle [as handle_request] (E:\Random\MediVault_\MEDIVAULT\backend\node_modules\express\lib\router\layer.js:95:5)
    at trim_prefix (E:\Random\MediVault_\MEDIVAULT\backend\node_modules\express\lib\router\index.js:328:13)
    at E:\Random\MediVault_\MEDIVAULT\backend\node_modules\express\lib\router\index.js:286:9
2026-03-07 18:38:10 [ERROR]: Error: Route not found: POST /api/reviews/doctor/69a93c10b22e1a6ee8f33559/review
    at E:\Random\MediVault_\MEDIVAULT\backend\server.js:137:17
    at Layer.handle [as handle_request] (E:\Random\MediVault_\MEDIVAULT\backend\node_modules\express\lib\router\layer.js:95:5)
    at trim_prefix (E:\Random\MediVault_\MEDIVAULT\backend\node_modules\express\lib\router\index.js:328:13)
    at E:\Random\MediVault_\MEDIVAULT\backend\node_modules\express\lib\router\index.js:286:9
    at Function.process_params (E:\Random\MediVault_\MEDIVAULT\backend\node_modules\express\lib\router\index.js:346:12)
    at next (E:\Random\MediVault_\MEDIVAULT\backend\node_modules\express\lib\router\index.js:280:10)
    at auditMiddleware (E:\Random\MediVault_\MEDIVAULT\backend\middleware\auditMiddleware.js:121:3)
    at Layer.handle [as handle_request] (E:\Random\MediVault_\MEDIVAULT\backend\node_modules\express\lib\router\layer.js:95:5)
    at trim_prefix (E:\Random\MediVault_\MEDIVAULT\backend\node_modules\express\lib\router\index.js:328:13)
    at E:\Random\MediVault_\MEDIVAULT\backend\node_modules\express\lib\router\index.js:286:9
    at Function.process_params (E:\Random\MediVault_\MEDIVAULT\backend\node_modules\express\lib\router\index.js:346:12)
    at next (E:\Random\MediVault_\MEDIVAULT\backend\node_modules\express\lib\router\index.js:280:10)
    at E:\Random\MediVault_\MEDIVAULT\backend\server.js:51:3
    at Layer.handle [as handle_request] (E:\Random\MediVault_\MEDIVAULT\backend\node_modules\express\lib\router\layer.js:95:5)
    at trim_prefix (E:\Random\MediVault_\MEDIVAULT\backend\node_modules\express\lib\router\index.js:328:13)
    at E:\Random\MediVault_\MEDIVAULT\backend\node_modules\express\lib\router\index.js:286:9
2026-03-07 18:38:18 [ERROR]: Error: Route not found: POST /api/reviews/doctor/69a93c10b22e1a6ee8f33559/review
    at E:\Random\MediVault_\MEDIVAULT\backend\server.js:137:17
    at Layer.handle [as handle_request] (E:\Random\MediVault_\MEDIVAULT\backend\node_modules\express\lib\router\layer.js:95:5)
    at trim_prefix (E:\Random\MediVault_\MEDIVAULT\backend\node_modules\express\lib\router\index.js:328:13)
    at E:\Random\MediVault_\MEDIVAULT\backend\node_modules\express\lib\router\index.js:286:9
    at Function.process_params (E:\Random\MediVault_\MEDIVAULT\backend\node_modules\express\lib\router\index.js:346:12)
    at next (E:\Random\MediVault_\MEDIVAULT\backend\node_modules\express\lib\router\index.js:280:10)
    at auditMiddleware (E:\Random\MediVault_\MEDIVAULT\backend\middleware\auditMiddleware.js:121:3)
    at Layer.handle [as handle_request] (E:\Random\MediVault_\MEDIVAULT\backend\node_modules\express\lib\router\layer.js:95:5)
    at trim_prefix (E:\Random\MediVault_\MEDIVAULT\backend\node_modules\express\lib\router\index.js:328:13)
    at E:\Random\MediVault_\MEDIVAULT\backend\node_modules\express\lib\router\index.js:286:9
    at Function.process_params (E:\Random\MediVault_\MEDIVAULT\backend\node_modules\express\lib\router\index.js:346:12)
    at next (E:\Random\MediVault_\MEDIVAULT\backend\node_modules\express\lib\router\index.js:280:10)
    at E:\Random\MediVault_\MEDIVAULT\backend\server.js:51:3
    at Layer.handle [as handle_request] (E:\Random\MediVault_\MEDIVAULT\backend\node_modules\express\lib\router\layer.js:95:5)
    at trim_prefix (E:\Random\MediVault_\MEDIVAULT\backend\node_modules\express\lib\router\index.js:328:13)
    at E:\Random\MediVault_\MEDIVAULT\backend\node_modules\express\lib\router\index.js:286:9
2026-03-09 10:50:27 [ERROR]: Error: Invalid file type. Only PDF, images, and documents are allowed.
    at fileFilter (E:\Random\MediVault_\MEDIVAULT\backend\routes\recordRoutes.js:47:10)
    at wrappedFileFilter (E:\Random\MediVault_\MEDIVAULT\backend\node_modules\multer\index.js:44:7)
    at Multipart.<anonymous> (E:\Random\MediVault_\MEDIVAULT\backend\node_modules\multer\lib\make-middleware.js:109:7)
    at Multipart.emit (node:events:518:28)
    at HeaderParser.cb (E:\Random\MediVault_\MEDIVAULT\backend\node_modules\busboy\lib\types\multipart.js:358:14)
    at HeaderParser.push (E:\Random\MediVault_\MEDIVAULT\backend\node_modules\busboy\lib\types\multipart.js:162:20)
    at SBMH.ssCb [as _cb] (E:\Random\MediVault_\MEDIVAULT\backend\node_modules\busboy\lib\types\multipart.js:394:37)
    at feed (E:\Random\MediVault_\MEDIVAULT\backend\node_modules\streamsearch\lib\sbmh.js:248:10)
    at SBMH.push (E:\Random\MediVault_\MEDIVAULT\backend\node_modules\streamsearch\lib\sbmh.js:104:16)
    at Multipart._write (E:\Random\MediVault_\MEDIVAULT\backend\node_modules\busboy\lib\types\multipart.js:567:19)
    at writeOrBuffer (node:internal/streams/writable:572:12)
    at _write (node:internal/streams/writable:501:10)
    at Writable.write (node:internal/streams/writable:510:10)
    at IncomingMessage.ondata (node:internal/streams/readable:1009:22)
    at IncomingMessage.emit (node:events:518:28)
    at Readable.read (node:internal/streams/readable:782:10)
2026-03-09 10:55:52 [ERROR]: Error: Invalid file type. Only PDF, images, and documents are allowed.
    at fileFilter (E:\Random\MediVault_\MEDIVAULT\backend\routes\recordRoutes.js:47:10)
    at wrappedFileFilter (E:\Random\MediVault_\MEDIVAULT\backend\node_modules\multer\index.js:44:7)
    at Multipart.<anonymous> (E:\Random\MediVault_\MEDIVAULT\backend\node_modules\multer\lib\make-middleware.js:109:7)
    at Multipart.emit (node:events:518:28)
    at HeaderParser.cb (E:\Random\MediVault_\MEDIVAULT\backend\node_modules\busboy\lib\types\multipart.js:358:14)
    at HeaderParser.push (E:\Random\MediVault_\MEDIVAULT\backend\node_modules\busboy\lib\types\multipart.js:162:20)
    at SBMH.ssCb [as _cb] (E:\Random\MediVault_\MEDIVAULT\backend\node_modules\busboy\lib\types\multipart.js:394:37)
    at feed (E:\Random\MediVault_\MEDIVAULT\backend\node_modules\streamsearch\lib\sbmh.js:248:10)
    at SBMH.push (E:\Random\MediVault_\MEDIVAULT\backend\node_modules\streamsearch\lib\sbmh.js:104:16)
    at Multipart._write (E:\Random\MediVault_\MEDIVAULT\backend\node_modules\busboy\lib\types\multipart.js:567:19)
    at writeOrBuffer (node:internal/streams/writable:572:12)
    at _write (node:internal/streams/writable:501:10)
    at Writable.write (node:internal/streams/writable:510:10)
    at IncomingMessage.ondata (node:internal/streams/readable:1009:22)
    at IncomingMessage.emit (node:events:518:28)
    at Readable.read (node:internal/streams/readable:782:10)
